Starting_day,Day,Day_index,Repetition,Is_initial,Target_type,Rel_day,Finetune_samples,Finetune_iterations,Update_neural_scaler,MSE,Correlation,R2,MSE_DOF0,Correlation_DOF0,R2_DOF0,MSE_DOF1,Correlation_DOF1,R2_DOF1,MSE_DOF2,Correlation_DOF2,R2_DOF2,MSE_DOF3,Correlation_DOF3,R2_DOF3
2020-07-08,2020-07-08,0,0,True,CO,0,960,50,True,0.004445547425048647,0.754099981739605,0.567516077142529,0.009775183211531563,0.7528773505446041,0.5561628048241114,0.007878006057977402,0.8412837198617127,0.7028307368260582,5.3055472213026195e-05,0.688063585765039,0.4726257417800728,7.594495847259807e-05,0.7341752707870642,0.5384450251398738
2020-07-08,2020-07-14,1,0,False,CO,6,960,50,True,0.009617166439653524,0.6031664764283662,0.3164502313958558,0.01694454759541776,0.6569282604757369,0.31103131258338035,0.02136003072565805,0.5388331168555713,0.22377175736266663,6.446037175343469e-05,0.617003933712986,0.37924842047931084,9.962706578484781e-05,0.5999005946691702,0.35174943515806545
2020-07-08,2020-07-29,2,0,False,RD,21,960,50,True,0.014134336898913157,0.6303044403593442,0.39801221169163226,0.03199406794381313,0.7383310148607838,0.515231769432557,0.024081422818804127,0.728644219767614,0.5264409584568077,0.00030339555757391106,0.46242649555448173,0.20890265579789535,0.0001584612754614577,0.5918160312544972,0.34147346307926896
2020-07-08,2020-07-31,3,0,False,CO,23,960,50,True,0.009732673898924776,0.5859844278824105,0.28429906200655486,0.019836211148588162,0.6421382654870975,0.23567533763100257,0.018890563021397782,0.5863438114938897,0.30513400007809066,7.127486049434072e-05,0.569426737804835,0.31286800598621833,0.00013264656521881453,0.5460288967438198,0.2835189043309079
2020-07-08,2020-08-08,4,0,False,RD,31,960,50,True,0.017570700931317244,0.637574069342655,0.37889310752210703,0.041786641390156795,0.7159352604818148,0.44255118628585055,0.028040097063938146,0.6821322379101324,0.45824652029310364,0.00020579426779734528,0.5955189085658643,0.3379002976527451,0.0002502710033766828,0.5567098704128087,0.27687442585672883
2020-07-08,2020-08-11,5,0,False,RD,34,960,50,True,0.017814732840865107,0.6480486046339564,0.3737883724473737,0.04834658028138403,0.7213642675135729,0.34740491704131515,0.02253121535243586,0.7652937808594119,0.5729216244436492,0.00020592032601373793,0.5512583516158317,0.27344169909467664,0.0001752154036268031,0.5542780185470095,0.30138524920985366
2020-07-08,2020-08-22,6,0,False,RD,45,960,50,True,0.021151523750253688,0.589939934710482,0.3173410311871341,0.05112663167824954,0.6078895810148256,0.257412761649746,0.033201704921026996,0.6541756727087726,0.42139587045171556,0.00015966057418407247,0.4812116895912497,0.21199121211241245,0.00011809782755414396,0.61648279552708,0.3785642805346622
2020-07-08,2020-08-29,7,0,False,RD,52,960,50,True,0.030541984093255765,0.5119280212186959,0.14089906057545085,0.05937370354450588,0.5958874441596014,0.17194524226297736,0.062176271073363064,0.5344440298706532,0.031024726488945054,0.00012623836441354817,0.4698471651869251,0.1605322694858734,0.0004917233907405804,0.4475334456576039,0.20009400406400757
2020-07-08,2020-09-04,8,0,False,RD,58,960,50,True,0.01825350389440052,0.6082367831796003,0.34372943600239325,0.03267283112572217,0.7550419046397914,0.5025843869879949,0.0398949173409721,0.5997091671831916,0.3061592945956455,0.0001866899778160576,0.5254589433693965,0.26438106568643316,0.00025957713309175695,0.5527371175260216,0.30179299673949933
2020-07-08,2020-09-24,9,0,False,CO,78,960,50,True,0.007618691985143624,0.6264728360430547,0.3786846226811491,0.017725051966291337,0.6031745084881444,0.3464804487952756,0.012604424579923362,0.6939018403104329,0.4401898467770531,0.00010523113278238918,0.4697786051262336,0.21612628345491847,4.006026157740871e-05,0.7390363902474077,0.5119419116973494
2020-07-08,2020-09-28,10,0,False,CO,82,960,50,True,0.006731244591755411,0.663809735721492,0.3842032441556019,0.010661212235168622,0.7140228372409394,0.4990580882323423,0.016136322773652984,0.7047345919886425,0.2691344125527767,8.466915513760549e-05,0.5208871392385623,0.2619204745493756,4.277420306243171e-05,0.7155943744178239,0.506700001287913
2020-07-08,2020-09-29,11,0,False,CO,83,960,50,True,0.006837076348138793,0.6250802071068944,0.3681952974032269,0.015166180040896357,0.650775370687197,0.3870332282676937,0.012015722961165399,0.68329707282685,0.4206950782677057,0.00011702320126100606,0.49402325449842166,0.2332739969668115,4.93791892324146e-05,0.6722251304151083,0.4317788861106966
2020-07-08,2020-10-02,12,0,False,CO,86,960,50,True,0.010014991562912712,0.6136952231812786,0.3672222319010434,0.020535959323878538,0.579901143288684,0.3052901678715494,0.019353966774799187,0.6613562668184394,0.4280888491901591,0.00010365954588201345,0.5368722533082315,0.2838821348490216,6.638060709111003e-05,0.6766512293097593,0.4516277756934435
2020-07-08,2020-10-07,13,0,False,CO,91,960,50,True,0.009804225367034859,0.6622958360891088,0.3988890164026808,0.015404683452380028,0.6823168962869891,0.45245275076992286,0.023652392890754086,0.6983482497445894,0.34605110723416566,7.292808048501553e-05,0.5801666527157769,0.33522329562619035,8.689704452030557e-05,0.68835154560908,0.4618289119804445
2020-07-08,2020-10-12,14,0,False,CO,96,960,50,True,0.007725937999890538,0.6423332347180191,0.3096509740454553,0.01917174619127268,0.5850950014920628,-0.07289876476339918,0.011579655791228815,0.7436656283010894,0.5501890084899361,8.277501917511289e-05,0.5651644131721674,0.3052420431382219,6.957499788554519e-05,0.6754078959067569,0.45607160931706225
2020-07-08,2020-10-16,15,0,False,CO,100,960,50,True,0.0064655484208812645,0.7011538683259465,0.44976927293688074,0.011425934449912304,0.809243457759732,0.6448570803070024,0.014242392889520226,0.7268346079745236,0.35330147261722755,0.00012042833734723483,0.6000860117982416,0.3559249289097005,7.343800674529315e-05,0.6684513957712886,0.4449936099135924
2020-07-08,2020-07-08,0,0,True,CO,0,1920,250,True,0.00412478200371827,0.7582113246597224,0.5745583674568391,0.009260398911772303,0.76951058594,0.5795363227195306,0.007106751834627937,0.8568306151269087,0.7319235107571556,5.466202791203717e-05,0.6779238389700841,0.45665649139524844,7.731524056080358e-05,0.7285802586018967,0.5301171449554218
2020-07-08,2020-07-14,1,0,False,CO,6,1920,250,True,0.009174885471659124,0.6376098349132635,0.34805605680389473,0.01774386322115643,0.6957031902765338,0.27853097969484175,0.018799819453961787,0.5858058662147141,0.31681040144204486,6.0507438514520176e-05,0.6460646084242304,0.4173150571593153,9.535177300376068e-05,0.6228656747375758,0.37956778891937726
2020-07-08,2020-07-29,2,0,False,RD,21,1920,250,True,0.013687453345698037,0.6671687909409898,0.435787044166557,0.0337994497287899,0.7461207752415686,0.4878769568173291,0.020522927776402564,0.7757659345321837,0.5964184475069987,0.00028106852270486,0.5204260172993205,0.2671199155694435,0.0001463673548948204,0.6263624366908864,0.3917328567724566
2020-07-08,2020-07-31,3,0,False,CO,23,1920,250,True,0.007346224615000639,0.6237106316008308,0.3768659567974494,0.014050475661648352,0.6907984938180936,0.4586100649076048,0.015135018058615394,0.6702198390363087,0.44327707727804055,7.48620738799969e-05,0.5528541675189167,0.2782851380641608,0.0001245426658588134,0.5809700260300042,0.3272915469399914
2020-07-08,2020-08-08,4,0,False,RD,31,1920,250,True,0.019190304496878408,0.6424104910067796,0.36679658076869914,0.0459126231656616,0.7152366016473336,0.3875091065770194,0.030411277729074825,0.6816940539800738,0.4124337196661185,0.00021098351723169748,0.5842366129855705,0.32120498080711934,0.00022633357554550544,0.5884746954141407,0.34603851602453917
2020-07-08,2020-08-11,5,0,False,RD,34,1920,250,True,0.014262749710074298,0.6921282903274133,0.44647078958517095,0.036249737658472315,0.7552654517026607,0.5106913370753906,0.02044235081417205,0.7852066021752119,0.6125159765371562,0.00020424749248283342,0.6065192578636001,0.279344035748079,0.00015466287516998945,0.6215218495681805,0.3833318089800578
2020-07-08,2020-08-22,6,0,False,RD,45,1920,250,True,0.01839945096090158,0.6534556072355884,0.39011227195939385,0.04406950521497649,0.6809556142191082,0.3599137846788041,0.02927458098304657,0.7074035488010824,0.48983362487330717,0.00014019057242264092,0.5830580625900772,0.308085896517759,0.00011352707316062117,0.6424052033320855,0.4026157817677052
2020-07-08,2020-08-29,7,0,False,RD,52,1920,250,True,0.028216908290669716,0.5363557887640552,0.1574132994322587,0.057806059428399066,0.6201321868006019,0.19380837511955684,0.05442691293069282,0.5631111559851139,0.15179324953158735,0.0001360748146950969,0.5012245816512289,0.0951212303574186,0.0004985859888918788,0.46095523061927623,0.18893034272047204
2020-07-08,2020-09-04,8,0,False,RD,58,1920,250,True,0.0168139040457319,0.6559004709664548,0.37960309683773985,0.03560586326202068,0.7851437216213661,0.4579315078895483,0.03121031313013206,0.7028702506760468,0.45719938474814337,0.00017170170117243244,0.5895616957092199,0.3234397265784702,0.00026773808960242135,0.5460262158591863,0.27984176813479744
2020-07-08,2020-09-24,9,0,False,CO,78,1920,250,True,0.006685122867723416,0.6525682773795098,0.41007461164868053,0.015019047577785261,0.6855560956114339,0.44625035507806765,0.011577653601729687,0.7070052868437031,0.4857926281640771,9.71828513008228e-05,0.5472485521279992,0.2760784682309072,4.660744007789162e-05,0.6704631749349035,0.43217699512167007
2020-07-08,2020-09-28,10,0,False,CO,82,1920,250,True,0.005692768904916163,0.6726528910062308,0.4152924118598968,0.010326982460062056,0.7539226311933922,0.5147626534185835,0.012310765570192849,0.7160294419885859,0.4424061146647994,8.582037905059452e-05,0.5469804016421752,0.2518850041587072,4.750721035915285e-05,0.6736790892007705,0.45211587519749696
2020-07-08,2020-09-29,11,0,False,CO,83,1920,250,True,0.006828352131513715,0.6564398157975982,0.38734628480693006,0.013023502093700482,0.6947691582628148,0.47363317503168034,0.014135018391533857,0.6584793895284576,0.31851909789722177,0.00010888678275932036,0.5652720088520268,0.28658311489880817,4.600125806120047e-05,0.7072387065470935,0.47064975140000986
2020-07-08,2020-10-02,12,0,False,CO,86,1920,250,True,0.007549630760849727,0.6808555204637179,0.4650632606422419,0.01510863999743502,0.701235570515479,0.4888906531820634,0.014930852456484366,0.7482921878336488,0.5587922047030324,9.339089152932073e-05,0.5961832368998292,0.35482173592921085,6.563969795020014e-05,0.6777110866059148,0.4577484487546609
2020-07-08,2020-10-07,13,0,False,CO,91,1920,250,True,0.007483615837722743,0.7022847171918122,0.46762990271916,0.013768008139536934,0.7294114843047677,0.5106270760132992,0.016010269708128293,0.7844629856656236,0.5573429632734688,7.876030602784003e-05,0.5733019461603177,0.2820595807753621,7.74251971979022e-05,0.7219624526365398,0.52048999081451
2020-07-08,2020-10-12,14,0,False,CO,96,1920,250,True,0.005180152979501434,0.6926391513124294,0.4533960690732415,0.011899293894342645,0.6400912557234779,0.33408581600102094,0.008675760059886902,0.8277877546173462,0.6629906531766592,7.913486243063009e-05,0.5998130462105595,0.33579507577604295,6.642310134556474e-05,0.7028645486983339,0.48071273133924297
2020-07-08,2020-10-16,15,0,False,CO,100,1920,250,True,0.005091781724825141,0.735907804855275,0.5409455617079229,0.01086038183482439,0.8164702042645343,0.6624356869271264,0.00933346095619011,0.7636992864826313,0.5761993435671837,0.00010625123141259602,0.6592831452345181,0.431746954803649,6.703287687346692e-05,0.7041785834394163,0.4934002615337323
2020-07-08,2020-07-08,0,0,True,CO,0,3840,250,True,0.004246026126365257,0.755065893658255,0.5696929523643515,0.009307115697494652,0.7633453134041353,0.5774151709524538,0.007545237784173141,0.8500867602014772,0.7153832154616822,5.5225181216819735e-05,0.6753127481997094,0.4510587171415138,7.652584257641501e-05,0.7315187528276981,0.534914705901756
2020-07-08,2020-07-14,1,0,False,CO,6,3840,250,True,0.006874850840677892,0.6829516232133946,0.43796735854524094,0.013353547492435868,0.741507355550911,0.45704209354595005,0.01399009349177162,0.712596661793995,0.49159690709595993,5.867677882544428e-05,0.659557848914472,0.4349442588323287,9.708559967863175e-05,0.6181446265942007,0.368286174706725
2020-07-08,2020-07-29,2,0,False,RD,21,3840,250,True,0.011619915455767816,0.6877907049859782,0.47561623909822376,0.02751199115856213,0.7717669479883313,0.5831433721793313,0.018547806152498545,0.8019069991245753,0.6352590388700994,0.0002770285638128864,0.5359810962291075,0.27765402086644475,0.00014283594819769968,0.6415077766018986,0.4064085244770197
2020-07-08,2020-07-31,3,0,False,CO,23,3840,250,True,0.006567812202284696,0.6627678248718185,0.4329152434969866,0.012432541715326,0.7300614954464663,0.5209519510669578,0.013652573170521527,0.7198894448830295,0.4978069792363702,6.645381840408225e-05,0.6028725224537336,0.35934571554226435,0.00011968010488717522,0.5982478367040442,0.35355632814235405
2020-07-08,2020-08-08,4,0,False,RD,31,3840,250,True,0.017339752991633317,0.6581641675208003,0.40569256424113787,0.03859330844626736,0.748256352322525,0.48515139539920604,0.030346651757161138,0.6765020540298978,0.41368233678337907,0.00019903627644799761,0.602084618094162,0.359642711125965,0.0002200154866567549,0.6058136456366164,0.3642938136560011
2020-07-08,2020-08-11,5,0,False,RD,34,3840,250,True,0.012297145101908796,0.7263974301727699,0.5221595642845603,0.030699655555289283,0.7833053704509225,0.5856078310543636,0.018180340027074377,0.8147258765395022,0.6553923095415441,0.00017004189200898665,0.6376156744587795,0.400033252994493,0.0001385429332625441,0.6699427992418757,0.44760486354784035
2020-07-08,2020-08-22,6,0,False,RD,45,3840,250,True,0.01610333429564992,0.6799755531468666,0.44450793578198133,0.041205795217384274,0.6930448735787598,0.4015076552066117,0.02296680170421246,0.775030197538228,0.5997589177970786,0.0001333791299037849,0.5902294901144614,0.34170394274162863,0.00010736113109915958,0.6615976513560176,0.43506122738260655
2020-07-08,2020-08-29,7,0,False,RD,52,3840,250,True,0.020861177868013534,0.5676417434893444,0.30490828255805325,0.040897118218039485,0.6628960190555169,0.42962875319380767,0.041953859451571165,0.6078109775080048,0.3461773802908815,0.0001175210477680303,0.5209633549679846,0.21850122412642126,0.0004762127546754533,0.47889662242587105,0.22532577262110243
2020-07-08,2020-09-04,8,0,False,RD,58,3840,250,True,0.013671800109959484,0.6881895082638473,0.4658906185563335,0.026001118117227398,0.8077695820384827,0.6041554508235976,0.028295438835581214,0.7183550248846957,0.5078940238524363,0.000158123636233397,0.6143467802543978,0.37694169694312973,0.00023251985079592605,0.6122866458778131,0.37457130260617044
2020-07-08,2020-09-24,9,0,False,CO,78,3840,250,True,0.0056675139781303865,0.6984746243058374,0.47929118941492527,0.01214025915556063,0.7532603840856458,0.5523907783210262,0.010396328290019161,0.7501647076973529,0.5382597518761884,9.560004946616506e-05,0.5511846142421841,0.28786886451271154,3.7868417475588656e-05,0.7392887911981673,0.5386453629497747
2020-07-08,2020-09-28,10,0,False,CO,82,3840,250,True,0.004213337472914341,0.7403824635011989,0.5395468964029669,0.008948225389414064,0.7853379028393359,0.5795467687329015,0.007793961644828234,0.8097179962309272,0.6469865882089714,7.588770207393031e-05,0.5955507164983287,0.33847031964314833,3.52751553411346e-05,0.7709232384362041,0.5931839090268465
2020-07-08,2020-09-29,11,0,False,CO,83,3840,250,True,0.005626442134177871,0.6976893454676708,0.47116734904542973,0.011814393829957507,0.7268774063626168,0.522501326873664,0.01055155982021479,0.7323094200525786,0.49128566332971657,9.68187476689293e-05,0.6079634432647909,0.36565184836032394,4.29961388702565e-05,0.7236071121906971,0.5052305576180143
2020-07-08,2020-10-02,12,0,False,CO,86,3840,250,True,0.006746427461786656,0.7188988909684596,0.5145550108072514,0.013725991884750623,0.734146260277881,0.5356641797121249,0.013113681460814316,0.7904664429990715,0.6124897421352627,8.610999898032476e-05,0.6401496790302481,0.40512079120884015,5.992650260135929e-05,0.7108331815666379,0.5049453301727778
2020-07-08,2020-10-07,13,0,False,CO,91,3840,250,True,0.005687006117076916,0.7505767320383951,0.5554562930169574,0.01159963615504145,0.784494323780393,0.5877001375330819,0.011009253173530891,0.8431204775424515,0.6956126614223623,6.83690544942589e-05,0.6248419109268001,0.37678114622548675,7.076608524106558e-05,0.7498502159039359,0.5617312268868986
2020-07-08,2020-10-12,14,0,False,CO,96,3840,250,True,0.0045223916280274275,0.72679381608798,0.5171390339480191,0.009942566642186155,0.6860998569020361,0.4435891565351894,0.00801622971181748,0.8473407554723901,0.6886100675309959,7.176691354886105e-05,0.6378559149555957,0.39763669372276444,5.900324455721393e-05,0.7358787370218982,0.538720218003127
2020-07-08,2020-10-16,15,0,False,CO,100,3840,250,True,0.004407868735892688,0.7644531658269279,0.5851779298231545,0.010002153925894193,0.8340099592473058,0.6891112789039233,0.00746570621919549,0.8165011179597375,0.6610077214357222,0.00010279755869846921,0.6713761157702288,0.4502178940183962,6.081723978260152e-05,0.7359254703304394,0.5403748249345763
2020-07-08,2020-07-08,0,0,True,CO,0,9600,500,True,0.004128287539679888,0.7588516075949804,0.5758875891804529,0.00886461177241621,0.7746488969089489,0.5975068353960877,0.0075172124673151715,0.8514718658292446,0.7164403690992407,5.495433561316707e-05,0.6771217643417152,0.4537509370645586,7.63715833749997e-05,0.732163903300013,0.5358522151619247
2020-07-08,2020-07-14,1,0,False,CO,6,9600,500,True,0.005601488990936407,0.7218691833137525,0.5097243417437118,0.009690489750165947,0.799314781864764,0.6059827525049108,0.012570485213536991,0.7430276656000872,0.5431857860259797,5.344290807565484e-05,0.6993751859709316,0.485346287963751,9.153809196703359e-05,0.6457590998192277,0.4043825404802057
2020-07-08,2020-07-29,2,0,False,RD,21,9600,500,True,0.010508032641139642,0.7117726683588262,0.5135149145953046,0.02633163977361028,0.7782060239291921,0.6010278391791455,0.015301787447721165,0.8367203398092768,0.6990917084856727,0.0002653619889883168,0.5622356117905837,0.308074361999501,0.00013334135423880402,0.6699286979062525,0.4458657487168992
2020-07-08,2020-07-31,3,0,False,CO,23,9600,500,True,0.005697608968237734,0.7056480880022068,0.4899961765689218,0.010516819808078507,0.779770955914535,0.594768139500405,0.012101568376525023,0.7643028755883824,0.5548587725494267,6.141274398013965e-05,0.6408621787522288,0.40794466749911307,0.0001106349443672671,0.6376563417536807,0.40241312672674256
2020-07-08,2020-08-08,4,0,False,RD,31,9600,500,True,0.014039306428168807,0.7028673894971053,0.4800442741345612,0.030490107886434012,0.7869528424487929,0.5932510030511142,0.025277947253111645,0.7448820602982447,0.5116131070090784,0.00018367077429295618,0.6412157059879064,0.40907797728841866,0.0002054997988366195,0.638418949253477,0.40623500918963373
2020-07-08,2020-08-11,5,0,False,RD,34,9600,500,True,0.010313738951764295,0.7565794246477135,0.5743192695728276,0.026566346943108127,0.8073690435775599,0.6414003371832582,0.014402059863789417,0.853342432062947,0.7270094739639716,0.0001555886594828847,0.6741682738034211,0.45102926815257705,0.00013096034067675355,0.691437949146926,0.4778379989915037
2020-07-08,2020-08-22,6,0,False,RD,45,9600,500,True,0.014286349192367123,0.7139564572866379,0.4972192599927094,0.03601625256908045,0.7268654241622774,0.4768830127650141,0.02090820206676943,0.8003169194183561,0.6356340107823425,0.00011934085953917933,0.6455631873794556,0.41099017993940656,0.0001016012740794332,0.6830802981864628,0.4653698364840746
2020-07-08,2020-08-29,7,0,False,RD,52,9600,500,True,0.017102820110340203,0.6388842486088389,0.4069809310718455,0.03218591765022696,0.7444031164805729,0.5511194240658304,0.03568416836129234,0.680632305292634,0.44388628972137023,9.689182206025107e-05,0.6038918200976455,0.35568273283515217,0.0004443026077812581,0.5266097525645028,0.2772352776650294
2020-07-08,2020-09-04,8,0,False,RD,58,9600,500,True,0.012384384176831884,0.7041728862674485,0.4933347406096539,0.021710714293561487,0.8244485915334332,0.6694731406131953,0.027443189677494578,0.7392435406430616,0.5227160913346971,0.00014950389405483393,0.6423590619601047,0.41090627088346077,0.00023412884221663894,0.6106403509331942,0.37024345960726235
2020-07-08,2020-09-24,9,0,False,CO,78,9600,500,True,0.004937344365056792,0.7408329866203015,0.5480276649415854,0.011071006347713543,0.7780832592798674,0.5918139414484191,0.00856076586884444,0.7965665415071392,0.6197840193056462,8.730590689905494e-05,0.5929130087285495,0.3496524848893937,3.0299336770126172e-05,0.79576913696565,0.6308602141228821
2020-07-08,2020-09-28,10,0,False,CO,82,9600,500,True,0.003370909468794881,0.7769009801671873,0.6024291957694725,0.0065232234832345365,0.8372151774457601,0.6934911367958989,0.006858824663163609,0.837255340153303,0.6893419283341625,7.049809801445438e-05,0.6305529376145258,0.38545267585208554,3.10916307669259e-05,0.8025804654551607,0.6414310420957428
2020-07-08,2020-09-29,11,0,False,CO,83,9600,500,True,0.0045416022023633896,0.7464019300152577,0.548802473010906,0.009536013676192752,0.7849935948927819,0.6145859074250101,0.008505400601499171,0.7918184386448802,0.5899355830957509,8.6580135631161e-05,0.6596365046749804,0.4327343584927945,3.8414396130472556e-05,0.7491591818483879,0.5579540430300682
2020-07-08,2020-10-02,12,0,False,CO,86,9600,500,True,0.0060488236343647275,0.7437787670825649,0.5519977788297489,0.011709574589927477,0.7771729064851178,0.603877448851135,0.012347751479726455,0.8056150361514178,0.635123029771888,8.039849699055593e-05,0.6668275481922707,0.44457792539669616,5.756997081442367e-05,0.7254995775014531,0.5244127112992765
2020-07-08,2020-10-07,13,0,False,CO,91,9600,500,True,0.005117147989915044,0.7692593808255804,0.5884027485550978,0.011044650247924484,0.7854075080336854,0.6074266712033602,0.009292752435557432,0.8765667209624097,0.7430710205919446,6.31024697147688e-05,0.6540176926278849,0.4247887565962831,6.808680646349234e-05,0.7610456016783416,0.578324545828803
2020-07-08,2020-10-12,14,0,False,CO,96,9600,500,True,0.003314586751032179,0.7786549857794094,0.6069141069598598,0.008172190310837215,0.7421298738501947,0.5426638344555185,0.004972860002208465,0.9020173686492633,0.8068295700180949,6.272924629878862e-05,0.6912387540691223,0.4734928070288036,5.0567444784248704e-05,0.7792339465490572,0.6046702163370222
2020-07-08,2020-10-16,15,0,False,CO,100,9600,500,True,0.0038351401362672474,0.7855164529761107,0.6178156881049346,0.008735994848883185,0.8566386911048358,0.7284662597483067,0.00644801523082742,0.8467127518462415,0.7072176012370734,9.899433015495671e-05,0.6864301692155801,0.47055832840862255,5.75561352034281e-05,0.7522841997377856,0.5650205630257357
2020-10-02,2020-10-02,0,0,True,CO,0,960,50,True,0.006234098769058386,0.727914033147846,0.5299755435233406,0.011803505113864294,0.7790808665516671,0.6006998783521513,0.012986179275012454,0.7890800333799137,0.6162574411636429,8.496278544328943e-05,0.6432854955804564,0.4130461597991013,6.174790191350707e-05,0.7002097370793463,0.48989869477846737
2020-10-02,2020-10-07,1,0,False,CO,5,960,50,True,0.010922466959279127,0.5892908940473511,0.30069503693434513,0.017549639663960784,0.6223588683691711,0.3762119843172662,0.025943351433801384,0.6495696311049645,0.2827099556848077,8.104694249624081e-05,0.5268906283558675,0.26121572138053306,0.00011582979685809477,0.5583444483594016,0.2826424863547735
2020-10-02,2020-10-12,2,0,False,CO,10,960,50,True,0.007715064466547352,0.6151419405670302,0.2792117120282792,0.019160908109840294,0.5396601492302529,-0.07229223867729284,0.011531926739366769,0.7503313101481017,0.5520430404688629,9.385981931845627e-05,0.5136767444726016,0.21220367025040443,7.356319766389121e-05,0.6568995584171649,0.4248923760711423
2020-10-02,2020-10-16,3,0,False,CO,14,960,50,True,0.006797011186840209,0.6810625291546956,0.42204635799624046,0.012364296872464764,0.7882700548248258,0.61569073317484,0.014621165929735431,0.7076347612512729,0.33610267960403184,0.00012103553784041268,0.6039272814851986,0.35267749803566983,8.154640732022325e-05,0.6244180190574853,0.38371452117042004
2020-10-02,2020-10-23,4,0,False,CO,21,960,50,True,0.0068016117105834705,0.6683279614062743,0.4376331215965783,0.012221114846617235,0.8131132001720718,0.6530992961931881,0.014795310471459986,0.653359950044902,0.3927504354878846,0.00011140334103751517,0.602287161663303,0.35210847273497325,7.861818321914572e-05,0.6045515337448204,0.3525742819702672
2020-10-02,2020-11-03,5,0,False,CO,32,960,50,True,0.009865023854420299,0.6266586775201182,0.2651172393572718,0.012698515287019084,0.7865377071484004,0.5747574634936815,0.026539043823908294,0.6258526847518735,-0.0313323784683226,0.0001324651055075904,0.5701278972621925,0.3038390117280336,9.007120124623056e-05,0.5241164209180067,0.21320486067569455
2020-10-02,2020-11-05,6,0,False,CO,34,960,50,True,0.009998878775617894,0.6979802954989663,0.28474756199518964,0.013924884385670001,0.7721372664372326,0.5217249535288087,0.025917799260389875,0.7172498066626125,-0.18496243914160893,0.00010245365002772753,0.5942504529243038,0.34634659566720805,5.037780638397373e-05,0.7082836559717164,0.45588113792635077
2020-10-02,2020-11-09,7,0,False,CO,38,960,50,True,0.006512527761452058,0.7241455915950913,0.5027354935309578,0.010973103942846651,0.8090007476871814,0.6441729221447272,0.014956808048344981,0.7203487459690778,0.4396298855553109,6.851474276181512e-05,0.6369731835200999,0.39788817062688064,5.168431185478555e-05,0.730259689204006,0.5292509957969123
2020-10-02,2020-11-16,8,0,False,CO,45,960,50,True,0.005030802902087726,0.7114748314120602,0.497306231130404,0.007213667613063322,0.8284598470772033,0.6488159656598498,0.01280922433474888,0.6445758671876073,0.39973323956025875,5.067808044170006e-05,0.6425366206469403,0.4086798183527297,4.964158009699952e-05,0.7303269907364899,0.5319959009487778
2020-10-02,2020-12-03,9,0,False,CO,62,960,50,True,0.009463984697064776,0.6550250761889618,0.39691031823151834,0.022004280229908753,0.6936148547402594,0.38219038660301863,0.015682237580069622,0.6519070576467659,0.41390887885072036,0.00012119706059820011,0.5989021557174485,0.3350589215420523,4.8223917682520044e-05,0.6756762366513736,0.4564830859302821
2020-10-02,2020-12-04,10,0,False,CO,63,960,50,True,0.007249346112757262,0.699274430538522,0.4868500599992576,0.013722272278492684,0.7811196787825156,0.6096948687712008,0.015131260724009873,0.6656708382079659,0.4339241798939969,9.382098265808767e-05,0.6632425163738052,0.4333122600321342,5.003046586840088e-05,0.687064688789801,0.4704689312996986
2020-10-02,2020-12-11,11,0,False,CO,70,960,50,True,0.009236540669647079,0.6119943156412112,0.36605571459030506,0.019219753267135042,0.6419796220837783,0.3780294866784497,0.01752626511739752,0.6820753440349188,0.45603631203348205,0.00011944456531315844,0.527668435033489,0.27808177330963424,8.069972874258975e-05,0.5962538614126587,0.35207528633965435
2020-10-02,2020-12-12,12,0,False,RD,71,960,50,True,0.023258343173918897,0.5935824945972734,0.29262217251863354,0.045215958531348556,0.6966067387055644,0.31374596110375963,0.04718298715852479,0.6617031272348037,0.3567509275504245,0.00021029383340449888,0.5230749872493745,0.2709433782033238,0.00042413317239774597,0.49294512519935085,0.22904842321702634
2020-10-02,2021-01-04,13,0,False,CO,94,960,50,True,0.009454345222118991,0.6119185667463971,0.37605961647229363,0.020824610089496917,0.6805253255879006,0.4577806449817793,0.016746619156591105,0.7300717863403955,0.5255396620986179,0.00016576678543643388,0.43423974245297314,0.1607037640192045,8.038485695150727e-05,0.6028374126043192,0.36021439478957284
2020-10-02,2021-01-05,14,0,False,CO,95,960,50,True,0.009622880694735068,0.6224400359276487,0.3845702419589725,0.02458486933929837,0.5394463104417697,0.26846613866404023,0.01369108791154688,0.7649150974157046,0.5798637628019606,0.0001349817005980387,0.50286719273618,0.24926662112670706,8.058382749698682e-05,0.6825315431169409,0.44068444524318184
2020-10-02,2021-01-06,15,0,False,CO,96,960,50,True,0.01090029652787167,0.5763435122810961,0.26878240103772555,0.016599161020912856,0.6349012443317363,0.3929066371974861,0.02665389411361611,0.7133588632550015,0.2658389763662157,0.00018501693031940328,0.4009701650144104,0.1155703527271914,0.0001631140466383089,0.5561437765232362,0.3008136378600089
2020-10-02,2021-01-08,16,0,False,CO,98,960,50,True,0.009284765491633198,0.5844357386309094,0.30690589193831397,0.028317822805844092,0.4219915698896257,0.04501977680360947,0.008623045523939568,0.8594012722596395,0.6674858348651118,0.0001135195883321437,0.45440728797138263,0.16734322971938398,8.4674048416986e-05,0.6019428244029895,0.3477747263651505
2020-10-02,2020-10-02,0,0,True,CO,0,1920,250,True,0.006058736658017565,0.7358539813699355,0.5387731164687878,0.011436999984494099,0.7886932855431792,0.613098360102304,0.012653072850648237,0.8006160396154904,0.6261007606607266,8.331706036640143e-05,0.6527120722882884,0.42441542751736705,6.15567365615242e-05,0.7013945280327838,0.49147791759475346
2020-10-02,2020-10-07,1,0,False,CO,5,1920,250,True,0.008416159624981436,0.6720064568284707,0.4263746273418706,0.016688694412809534,0.6715013797983851,0.40681360008319944,0.01681138594551786,0.7718213355648825,0.5351934463583143,7.438179805832636e-05,0.5787704279583264,0.3219719174046777,9.017634354001836e-05,0.6659326839922886,0.4415195455212907
2020-10-02,2020-10-12,2,0,False,CO,10,1920,250,True,0.005330608069282158,0.671093248234501,0.41708715283448616,0.012869345843339241,0.625067593604933,0.2797992879273,0.008294753086966401,0.8284408519363811,0.6777908447671065,8.934070217331077e-05,0.5482718623050593,0.25013410658093804,6.899264464967811e-05,0.6825926850916305,0.4606243720626
2020-10-02,2020-10-16,3,0,False,CO,14,1920,250,True,0.005645819925960719,0.7102481572181241,0.5038401250016191,0.01207300847221774,0.7929033609061636,0.6247446108589734,0.010327145705403235,0.7334536169495385,0.5310795052799185,0.00011021881560160576,0.6436726725358568,0.41052751322633096,7.290671062029503e-05,0.6709629784809377,0.4490088706412537
2020-10-02,2020-10-23,4,0,False,CO,21,1920,250,True,0.006824959194550836,0.6910802821032661,0.4673379925465443,0.012653281329860714,0.813893347411663,0.6408320964261902,0.014474149838377767,0.6532550414326166,0.40593195370974366,0.00010017587541841278,0.6497697768287919,0.41740435865302883,7.222973454645173e-05,0.6474029627399931,0.4051835613972147
2020-10-02,2020-11-03,5,0,False,CO,32,1920,250,True,0.007500772519062977,0.6944529850537452,0.42690914263362945,0.0140513201395216,0.7559159970263298,0.5294553038416558,0.015764879744016344,0.736012646511212,0.3873618420262631,0.00012165927523205254,0.6047702513002635,0.36062828808041236,6.523091748190978e-05,0.6811130453771752,0.4301911365861867
2020-10-02,2020-11-05,6,0,False,CO,34,1920,250,True,0.005193444812472163,0.7566590555533095,0.5306177670470645,0.010300074788355148,0.8070664107997877,0.6462255188899886,0.010335907581520481,0.8156187053114269,0.5274420433814055,9.887754348820588e-05,0.6296514600342699,0.369162124574011,3.8919336524816204e-05,0.7742996460677536,0.5796413813428529
2020-10-02,2020-11-09,7,0,False,CO,38,1920,250,True,0.005335403062898669,0.7897789687302484,0.5874101926856916,0.00789798536505469,0.8679299355540933,0.7438904189709092,0.013343381113784393,0.8010817102917067,0.5000783604602158,5.850260163903468e-05,0.7023171412039109,0.4858754907914826,4.1743171116554035e-05,0.7877870878712829,0.6197965005201589
2020-10-02,2020-11-16,8,0,False,CO,45,1920,250,True,0.004408427964029932,0.7482031452038176,0.5480161974005335,0.005883421518682932,0.8605505289040208,0.7135765306245767,0.011657503465052975,0.6939501753382142,0.45370526294872693,4.4835331447698e-05,0.6976008769478843,0.47685397503625393,4.79515409361186e-05,0.7407109996251506,0.5479290209925769
2020-10-02,2020-12-03,9,0,False,CO,62,1920,250,True,0.007465137930282928,0.6967313068307399,0.4726399145550422,0.01934972964606891,0.7119602979111638,0.4567216529207274,0.010342540549811804,0.7914130607878169,0.6134689864618046,0.00012396052999824055,0.5749191794249802,0.31989729704325054,4.4320995252759555e-05,0.7086326891989989,0.5004717217943861
2020-10-02,2020-12-04,10,0,False,CO,63,1920,250,True,0.006402491116421773,0.7263055126135984,0.5250296735946266,0.01128383836239398,0.8263594684293702,0.6790516961464554,0.014189602061149453,0.6963775150657954,0.46915258614257904,8.734633109333804e-05,0.6881848843661444,0.47241977690475867,4.917771105032034e-05,0.6943001825930841,0.47949463518471325
2020-10-02,2020-12-11,11,0,False,CO,70,1920,250,True,0.009004262180195146,0.6286159452403908,0.39245083833979477,0.018242842800456887,0.6430310726690714,0.40964329024730173,0.01758494141724869,0.6821597253040679,0.45421517237540454,0.00011361839881244719,0.561038461563417,0.31329489311603975,7.564610426256379e-05,0.6282345214250071,0.39264999762043284
2020-10-02,2020-12-12,12,0,False,RD,71,1920,250,True,0.019790225983612963,0.6224339847410508,0.37402604734797357,0.03504812204034979,0.7063231280560289,0.46806578723211156,0.043526209768389376,0.6565558829859097,0.4066040378771665,0.00018940034096501753,0.5901404950793319,0.343377927371311,0.00039717178474769124,0.5367164328429328,0.2780564369113052
2020-10-02,2021-01-04,13,0,False,CO,94,1920,250,True,0.010179547272320542,0.6370748501135759,0.3776943084269939,0.0206135220986317,0.6901963286684485,0.46327683404688724,0.01987420861518731,0.7299356796352627,0.43692970820483046,0.00015359424232149732,0.49991751071129537,0.22233474510979123,7.686413314166265e-05,0.6282498814392968,0.38823594634646674
2020-10-02,2021-01-05,14,0,False,CO,95,1920,250,True,0.0085991353046712,0.682190001378518,0.453229641090216,0.023024047366559185,0.585334904730313,0.314909099528216,0.011181385787803269,0.8313774275356347,0.6568785927095451,0.00012151274912265845,0.5839838320281094,0.32417745278902177,6.95953151996927e-05,0.7280638412200149,0.5169534193340812
2020-10-02,2021-01-06,15,0,False,CO,96,1920,250,True,0.010280862107866657,0.6409126992449785,0.32584943871359406,0.013791076050972233,0.7149907841042245,0.4956088005953021,0.027014125135970502,0.7257278807760422,0.2559166897769085,0.00017004652420162195,0.5094414148633922,0.18713283611410492,0.0001482007203222653,0.6134907172362548,0.3647394283680607
2020-10-02,2021-01-08,16,0,False,CO,98,1920,250,True,0.0058732701546900246,0.6944481718305833,0.46378186470507715,0.015617953823469751,0.6972141443518033,0.4733056587553046,0.007698820302087831,0.8779679846609807,0.7031249808243267,9.989233778973332e-05,0.5459234675744599,0.26729798282550754,7.641415541277979e-05,0.6566870907350894,0.4113988364151697
2020-10-02,2020-10-02,0,0,True,CO,0,3840,250,True,0.006445072975816468,0.7272935941423155,0.5260666895479397,0.01293310595046456,0.7576876152641957,0.5624866741287552,0.012702517747331955,0.7976216139867692,0.6246396603037249,8.298340929860167e-05,0.6534976633523661,0.42672041051092624,6.168479617075626e-05,0.7003674839659314,0.4904200132483525
2020-10-02,2020-10-07,1,0,False,CO,5,3840,250,True,0.006631703138485469,0.7069622055792192,0.4960560255463997,0.01362123270058482,0.7278441720775083,0.5158440925200778,0.01275063610862114,0.8114391051767923,0.6474663513410367,7.510784142562114e-05,0.5770766822154059,0.31535366125789954,7.983590331029409e-05,0.7114888628471703,0.5055599970665847
2020-10-02,2020-10-12,2,0,False,CO,10,3840,250,True,0.004806273793171128,0.6960037362659195,0.4763795699418972,0.010606116491029754,0.6607680859101779,0.40645525093887414,0.008475190026075477,0.8316220621714202,0.6707817833624339,8.271251345279962e-05,0.5682397319642267,0.3057666742208758,6.107614212648172e-05,0.7233850650178535,0.5225145712454049
2020-10-02,2020-10-16,3,0,False,CO,14,3840,250,True,0.0047083405750940575,0.7498097822567197,0.5627205505917651,0.010299988786919966,0.8283499526737392,0.6798539229655769,0.008363968167233803,0.790079938571683,0.6202207073780075,0.00010459760760053948,0.6643203088928047,0.44059086893356025,6.480773862191894e-05,0.7164889288886518,0.5102167030899156
2020-10-02,2020-10-23,4,0,False,CO,21,3840,250,True,0.00478016393071736,0.7497083917685035,0.5639438846386765,0.010013377820902395,0.848499445966775,0.715766699098155,0.008945378506076603,0.7971378886105933,0.6328514218955067,9.936993473333146e-05,0.6520220393445744,0.42209149044350636,6.252946115711015e-05,0.7011741931520714,0.48506592711753804
2020-10-02,2020-11-03,5,0,False,CO,32,3840,250,True,0.005524934900987844,0.7510408160132686,0.5367937451296956,0.013034039910946945,0.813956125576228,0.5635215560734443,0.008899103729217326,0.816919944782229,0.654172400626511,0.00011056283205196074,0.6498300885353079,0.41894485998782527,5.603313173514413e-05,0.7234571051593092,0.5105361638310015
2020-10-02,2020-11-05,6,0,False,CO,34,3840,250,True,0.00449848187888977,0.7863226731823101,0.5863890172500376,0.00857200927202418,0.844655000628137,0.7055790181534363,0.009302371955855458,0.8206197662784728,0.5746953183845608,8.063590993051419e-05,0.6974104539418295,0.4855435894837483,3.8910377748929134e-05,0.7826054718808009,0.579738142978405
2020-10-02,2020-11-09,7,0,False,CO,38,3840,250,True,0.004621325294669596,0.8068164025339399,0.629298048312899,0.00831118240270235,0.8650867649427028,0.73049159442223,0.010080401451249579,0.8301294418386912,0.6223287952465106,5.612102009423748e-05,0.7204002944919572,0.506804977832311,3.75963046322189e-05,0.8116491088624085,0.6575668257505445
2020-10-02,2020-11-16,8,0,False,CO,45,3840,250,True,0.0036357651286546937,0.7767821183113288,0.6011128536758436,0.005258467607013761,0.8707408339724126,0.7440012532135674,0.009198212563556164,0.7557623290718163,0.5689527239847321,4.201638649640373e-05,0.7163832896611039,0.5097458885839776,4.43639575524464e-05,0.7642420205399825,0.5817515489210972
2020-10-02,2020-12-03,9,0,False,CO,62,3840,250,True,0.006760952840646216,0.7220360453516865,0.5190587540835077,0.01797137368499204,0.717408151553797,0.49542146743585347,0.008918194527773265,0.8172206263036024,0.6667009664454528,0.00011281324530173341,0.6231375261348467,0.3810562679901359,4.142990451782016e-05,0.7303778774145,0.5330563144625882
2020-10-02,2020-12-04,10,0,False,CO,63,3840,250,True,0.005778045536848664,0.7609554096601361,0.5717909431423149,0.011516486962745322,0.8357127713237229,0.6724344289295203,0.011469985182234103,0.7561187055971106,0.5708962136688223,8.238626000407345e-05,0.7151209054157341,0.50237908233965,4.332374241115838e-05,0.7368692563039769,0.541454047631267
2020-10-02,2020-12-11,11,0,False,CO,70,3840,250,True,0.007186802548527713,0.6917426177684021,0.47697374095389045,0.0143174983967748,0.7444722852500703,0.5366713763932771,0.014255520235766926,0.7473072311622908,0.55755060708105,0.00010692273084340275,0.5970153515562997,0.3537632453934919,6.726883072572333e-05,0.6781756031049476,0.4599097349477428
2020-10-02,2020-12-12,12,0,False,RD,71,3840,250,True,0.018212128781488188,0.659633294851326,0.40961293327499826,0.03394336231315162,0.77184812516621,0.48483300503363236,0.038347359074606124,0.6953782708165727,0.4772076835077089,0.00018778380641129344,0.594176299159375,0.34898220592611173,0.0003700099317837169,0.5771304842631465,0.32742883863254024
2020-10-02,2021-01-04,13,0,False,CO,94,3840,250,True,0.008674722024675618,0.6800950708378093,0.44915801221647644,0.017662103791855746,0.758701360480154,0.5401241855128416,0.016826693290371987,0.7482524482252534,0.5232710250551892,0.00013997565229931274,0.5475041234327281,0.291287227447504,7.011536417542833e-05,0.6659223512131016,0.44194961085037077
2020-10-02,2021-01-05,14,0,False,CO,95,3840,250,True,0.006376206812076604,0.741846612633336,0.5398482079053636,0.015611541553732688,0.7452395390728692,0.5354715489191699,0.009716642510674287,0.8485228431845795,0.7018269366899443,0.0001074202573575395,0.6446616837557757,0.4025562546021434,6.922292654190088e-05,0.7289623845201194,0.5195380914101967
2020-10-02,2021-01-06,15,0,False,CO,96,3840,250,True,0.00763381402451814,0.6890004071682114,0.4450030177847819,0.011863855209145723,0.7669313115442964,0.5660944703380976,0.01838994478996717,0.7674123047220719,0.49346310771625623,0.0001480174195843801,0.566987501621911,0.2924377570893274,0.00013343867937528605,0.6546705107845663,0.4280167359954463
2020-10-02,2021-01-08,16,0,False,CO,98,3840,250,True,0.004185134130337932,0.7471847832459934,0.5570758666801143,0.011155042696192627,0.7900314658769938,0.6238112923859097,0.005427167490480861,0.8985331335879408,0.7907224237498881,9.058385852763734e-05,0.5933326084791517,0.33557490659238354,6.774247615060555e-05,0.7068419250398872,0.47819484399227585
2020-10-02,2020-10-02,0,0,True,CO,0,9600,500,True,0.006426218638832485,0.7262497444501942,0.5250238650548125,0.012079951475234519,0.775290131898758,0.5913479896835407,0.013478998192192325,0.782376254478353,0.6016946056816581,8.320070828452858e-05,0.6530320973051091,0.4252192300400165,6.272417961856818e-05,0.6943004941185564,0.4818336348140344
2020-10-02,2020-10-07,1,0,False,CO,5,9600,500,True,0.005572979185133837,0.743607712360725,0.5486908663902048,0.011699827104691255,0.769406777708749,0.5841389297323449,0.010447122666007797,0.8590196624268226,0.7111546247527755,6.936989072568764e-05,0.615418090817911,0.3676580127613638,7.559707911060854e-05,0.7305863184894172,0.5318118983143347
2020-10-02,2020-10-12,2,0,False,CO,10,9600,500,True,0.003766018892241883,0.7580936783992597,0.5746820908512813,0.009528011274306827,0.6960173734685451,0.4667887095485834,0.005418434868715636,0.8949202136066228,0.7895212427146728,6.598204661858473e-05,0.6689893449513449,0.4461909842472229,5.164737932648483e-05,0.7724477815705256,0.5962274268946463
2020-10-02,2020-10-16,3,0,False,CO,14,9600,500,True,0.004121949717748948,0.7711134655998391,0.5941754435186657,0.009254199467800218,0.8495726976717725,0.712359331937076,0.007069541621175744,0.830349807012749,0.6789962058236985,0.00010193816427181291,0.6759531988348744,0.4548141089843747,6.211961774801544e-05,0.7285781588799602,0.5305321273295138
2020-10-02,2020-10-23,4,0,False,CO,21,9600,500,True,0.0037464016454405555,0.7896853339577896,0.6249071087705602,0.007630139213972514,0.8874816812067363,0.7834157769817806,0.007209895810113308,0.8431500176105597,0.7040814993835682,8.718185978688438e-05,0.702786483178597,0.49297401890210124,5.8389697889515633e-05,0.7253231538352656,0.519157139814791
2020-10-02,2020-11-03,5,0,False,CO,32,9600,500,True,0.004294123608330136,0.7894408511620457,0.6133012648531943,0.010258203146349523,0.8427995484584065,0.6564776095981864,0.00676875870664018,0.8605675241493954,0.7369596258811504,0.00010516996574445649,0.670793038083396,0.4472866872476513,4.436261458638445e-05,0.7836032939569841,0.612481136685789
2020-10-02,2020-11-05,6,0,False,CO,34,9600,500,True,0.003405569270329111,0.8191426258676389,0.6571678962489176,0.007028491149319062,0.8709836242471943,0.7585939072842659,0.006487403899536793,0.8665067139193985,0.7033957292724141,7.141041781576553e-05,0.7395710934124973,0.5444021496796885,3.497161464482341e-05,0.7995090718914657,0.622279798759302
2020-10-02,2020-11-09,7,0,False,CO,38,9600,500,True,0.003524603188226865,0.842488918837667,0.7010122720297615,0.006172642618948604,0.8955097989394948,0.7998384598209127,0.007847033219836807,0.8604914961559111,0.7060039221444847,4.797014237183357e-05,0.7638885566276485,0.57843539923657,3.076677175021351e-05,0.8500658236276136,0.7197713069170786
2020-10-02,2020-11-16,8,0,False,CO,45,9600,500,True,0.0029806756310039543,0.8136752251312909,0.6595765881946276,0.00479066647251452,0.8808145025524863,0.7667752841912128,0.007056207096451653,0.8221439967499541,0.6693315329571841,3.7005384731563565e-05,0.7544597622316149,0.5682150817340383,3.882357031808042e-05,0.7972826389911079,0.6339844538960753
2020-10-02,2020-12-03,9,0,False,CO,62,9600,500,True,0.005462127727710488,0.7626849812627612,0.5775390345730553,0.013972293445201935,0.7888163707878864,0.6077028141135803,0.007734319865925131,0.8476433072050864,0.7109458278257328,0.00010213804680743838,0.6656695587339423,0.43962516367550386,3.975955290744792e-05,0.7486106883241295,0.551882332677404
2020-10-02,2020-12-04,10,0,False,CO,63,9600,500,True,0.004982613767524657,0.7949770478014477,0.6241252152506084,0.009875454938184326,0.863961455345028,0.7191106066570838,0.009942583725052679,0.792872191765698,0.6280378523118678,7.464377704120964e-05,0.7477681124154308,0.5491444225403027,3.777262982041555e-05,0.7753064316796341,0.6002079794931792
2020-10-02,2020-12-11,11,0,False,CO,70,9600,500,True,0.006313156041928547,0.7241024964850482,0.5238827290368756,0.013054376926559239,0.7639615174757253,0.5775472554068141,0.012035735877400738,0.7936533135124877,0.6264461805520145,9.890515773249036e-05,0.6342776505391539,0.40222114004458165,6.360620602172132e-05,0.704517504412826,0.489316340144092
2020-10-02,2020-12-12,12,0,False,RD,71,9600,500,True,0.016229140158143165,0.690906699020506,0.4557900193563998,0.029600394364921474,0.7996066332163576,0.5507473280309771,0.03478981461026991,0.7321793463541706,0.5257079441884049,0.0001798153070456044,0.6214265479929717,0.3766077769392365,0.000346536350335659,0.6104142685185243,0.37009702826698043
2020-10-02,2021-01-04,13,0,False,CO,94,9600,500,True,0.006586042511038779,0.728103114600475,0.5312127179621298,0.01480734978336022,0.7950971523223687,0.6144546469510042,0.011344837415006843,0.8284871005275187,0.6785813695869543,0.00012424816916222522,0.6094100358110679,0.37091727736163926,6.773467662582662e-05,0.6794181697409447,0.4608975779489213
2020-10-02,2021-01-05,14,0,False,CO,95,9600,500,True,0.004320327676704737,0.8009529329735932,0.6427054862795648,0.010952782412484898,0.8232107685460064,0.6740950256843492,0.006178209781433664,0.902948258737516,0.8104102590706111,9.401121113620264e-05,0.695067536376234,0.4771339087034925,5.630730176418237e-05,0.7825851682346163,0.6091827516598063
2020-10-02,2021-01-06,15,0,False,CO,96,9600,500,True,0.006244224192938799,0.7344274115913975,0.5227503063394267,0.011274183462140848,0.7980205005264357,0.5876609701984101,0.013455167845396054,0.8149202967637301,0.6293877451289922,0.00013153119194742052,0.6147834627462913,0.37124626649786463,0.00011601427227087207,0.7099853863291328,0.5027062435324395
2020-10-02,2021-01-08,16,0,False,CO,98,9600,500,True,0.00385877454522272,0.784775082496238,0.6194195238356635,0.010536249012398902,0.8044650747597845,0.6446792713373104,0.00476758400425596,0.9083885733660543,0.8161566919153461,7.597565003492722e-05,0.6666799754761725,0.4427249049480566,5.528951420108965e-05,0.7595667063829405,0.5741172271419404
2020-12-12,2020-12-12,0,0,True,RD,0,960,50,True,0.014506350998770215,0.7025708854590877,0.48906332160707044,0.025200646668400273,0.806474310291756,0.6175234116291777,0.032309076866006176,0.7488057843476217,0.5595280210654153,0.0001718718180158064,0.6411192992145364,0.40414664093532926,0.0003438086426586057,0.6138841479824368,0.3750552127983596
2020-12-12,2021-01-04,1,0,False,CO,23,960,50,True,0.009583516401394699,0.5944392113629818,0.3438281592802871,0.018971102060629016,0.7114788152406941,0.5060412329886939,0.01910295281612346,0.6879862737183673,0.4587807029405777,0.00016572446630775517,0.45123531339864675,0.1609180306186111,9.428626251856553e-05,0.5270564430942191,0.2495726705732656
2020-12-12,2021-01-05,2,0,False,CO,24,960,50,True,0.01025457938209325,0.5785059524538606,0.33089202573468485,0.02605339020638725,0.504480471269626,0.22476963877511225,0.014728515083700542,0.7418785135160859,0.5480284001710595,0.0001389784158263041,0.49381642835381767,0.22703792261115707,9.743382245890019e-05,0.5738483966759129,0.3237321413814106
2020-12-12,2021-01-06,3,0,False,CO,25,960,50,True,0.011845932069266894,0.5343477854413123,0.23029740397023993,0.017902994723672978,0.5894067217054795,0.3452205652239301,0.02912409259608845,0.6320841727895796,0.19779925808940013,0.00018853324743977934,0.3835605836840894,0.09876143094308909,0.00016810770986636688,0.5323396635861006,0.2794083616245404
2020-12-12,2021-01-08,4,0,False,CO,27,960,50,True,0.00961344444612303,0.5368682077803857,0.25423818565181155,0.026755118548677428,0.41901168011485806,0.09771986150048051,0.01148022039903473,0.7997428394332733,0.5573100140835696,0.0001209929939812053,0.40218755471008805,0.11252641878682956,9.744584279875356e-05,0.5265307568633232,0.24939644823636642
2020-12-12,2021-01-11,5,0,False,CO,30,960,50,True,0.010843988879759526,0.5889382970392087,0.3237227893435051,0.022153022363719497,0.6340313779271932,0.389370091091368,0.020929407974167195,0.6491385742503555,0.3395743009073733,0.00015604676371673684,0.4915134823592183,0.23965859037137582,0.00013747841743467676,0.581069753620068,0.3262881750039034
2020-12-12,2021-01-21,6,0,False,RD,40,960,50,True,0.014802864129930033,0.6344402792370137,0.4214071305323438,0.04264711574506272,0.5901278302798602,0.3377532949143792,0.016144030308238817,0.8530925628036141,0.717168510809876,0.00030631434795629694,0.41445447565601656,0.17140786513322792,0.00011399611846229765,0.6800862482085641,0.4592988512718922
2020-12-12,2021-01-22,7,0,False,RD,41,960,50,True,0.01275389803919576,0.656537733036801,0.4233416631794691,0.028747292149990705,0.7042112055264629,0.48347031516667016,0.021887121879669715,0.8227278689424659,0.6031511989468413,0.00024376847956729007,0.4655661946801027,0.2076120766101841,0.00013740964755533762,0.6336456629981724,0.39913306199418097
2020-12-12,2021-01-23,8,0,False,CO,42,960,50,True,0.00978081911347861,0.5459111037081655,0.22133556232900958,0.018182482283839577,0.48508843640123356,0.10094049551288575,0.020658650176845757,0.7198495802607633,0.3646157887513495,0.0001481827955479449,0.3722357392802399,0.06607535060453751,0.00013396119768115623,0.6064706588904252,0.3537106144472656
2020-12-12,2021-02-23,9,0,False,CO,73,960,50,True,0.016117827397899846,0.5524272885860703,0.2233708102936654,0.03522200267086286,0.5183225128205491,0.08282769137658141,0.028984591675443278,0.5200965800954034,0.16735425985403196,0.00017194822185110606,0.5632140517343543,0.2773308330563862,9.276702344212795e-05,0.6080760096939741,0.36597045688766205
2020-12-12,2021-02-25,10,0,False,CO,75,960,50,True,0.00761797943172847,0.6844935228993203,0.4377693218665728,0.016825116238026377,0.6615962192432442,0.35190392148033767,0.013520445289719319,0.7257214805615235,0.5162323902772665,5.13091840051757e-05,0.6894402105236568,0.44692694187372184,7.504701516301235e-05,0.6612161812688565,0.4360140338349652
2020-12-12,2021-02-26,11,0,False,CO,76,960,50,True,0.008087882832231826,0.6766467261697908,0.4417238194106944,0.014542648325872461,0.7027483676093953,0.4908787525677034,0.017673360983223148,0.6532559567184852,0.41272514061734145,7.689643064424756e-05,0.6363309165005311,0.35857447687958555,5.862558918744831e-05,0.7142516638507517,0.504716907578147
2020-12-12,2021-02-27,12,0,False,CO,77,960,50,True,0.012365970837530106,0.6658479322823359,0.337183784116391,0.02798682670203899,0.6530779025343476,0.15329684652676157,0.02136505080954846,0.6311118104346956,0.24745202443570602,3.833731072477256e-05,0.7082483286752539,0.4995952396906749,7.366852780820682e-05,0.6709536874850466,0.4483910258124215
2020-12-12,2021-03-05,13,0,False,RD,83,960,50,True,0.01970010938287988,0.6382161415134824,0.3413897296096028,0.04550555225980806,0.6484927213402123,0.22185438425164672,0.03304554635601447,0.6675629410882922,0.41165350084756736,0.00013816167781065128,0.5884346172919104,0.314019205290885,0.00011117723788634284,0.6483742863335146,0.41803182804831207
2020-12-12,2021-03-09,14,0,False,CO,87,960,50,True,0.010954580808998197,0.6611817686437098,0.4037816151666979,0.02788209287058361,0.6034998928069057,0.2693203424274436,0.015819407380217546,0.6612675069387631,0.4363428910745587,6.217607756705461e-05,0.6952328547715423,0.4474431887436604,5.4646907624576284e-05,0.6847268200576282,0.46202003842112904
2020-12-12,2021-03-12,15,0,False,RD,90,960,50,True,0.01664836258000071,0.659902830951181,0.4101333505580869,0.035465425224273935,0.6345775997673041,0.3454440306609693,0.03087932903770199,0.6792486941629576,0.43890989021712734,0.00013880424766411816,0.6348104980248501,0.3838237983385292,0.00010989181036280763,0.6909745318496121,0.47235568301572184
2020-12-12,2021-03-13,16,0,False,CO,91,960,50,True,0.011708853895047968,0.6013566123144757,0.23930666272317716,0.024087637503593096,0.6768714806877598,0.19714741272264868,0.02260711085079121,0.47573974540787206,0.0013018500534965893,7.407363424833081e-05,0.631904822545125,0.3962359924984199,6.659359155923277e-05,0.6209104006171461,0.36254139561814347
2020-12-12,2021-03-16,17,0,False,RD,94,960,50,True,0.01728913793118663,0.6634739118153555,0.4251365491621215,0.034947294571000494,0.6084686869589649,0.3649786091814382,0.03399934194610733,0.7160971371153608,0.45314033179024915,0.00011066989713541294,0.6186533230123752,0.3824411094837008,9.924531050328876e-05,0.7106765001747212,0.4999861461930978
2020-12-12,2021-03-19,18,0,False,RD,97,960,50,True,0.016379942883883322,0.674884299370179,0.3769734020991997,0.03436177176592493,0.6502729503657801,0.25046807760693224,0.03092974571138868,0.7152512407432317,0.367576770902884,0.00011924386789344374,0.63745416598628,0.4057617007659534,0.00010901019032624195,0.6965588403854244,0.484087059121029
2020-12-12,2021-03-22,19,0,False,RD,100,960,50,True,0.01645199316706203,0.6888238771930018,0.4171119806817452,0.038362970066837365,0.6435337262993819,0.307049308433873,0.027243298741813835,0.763656511820951,0.5133279443810285,8.5374645237366e-05,0.6301300677884865,0.34333799610764704,0.00011632921435955912,0.7179752028631876,0.5047326738044322
2020-12-12,2020-12-12,0,0,True,RD,0,1920,250,True,0.014330469564033535,0.7039785611296068,0.4910454595503919,0.024971598125102478,0.8055721795691573,0.6209997393030107,0.03183478486045438,0.7550907125555782,0.5659940782401426,0.00017329708239729812,0.6386706079757419,0.3992054668727556,0.0003421981881799808,0.6165807444179492,0.3779825537856586
2020-12-12,2021-01-04,1,0,False,CO,23,1920,250,True,0.011144015954604326,0.6089678109418484,0.3195874915483863,0.020963994459067454,0.6858568691195395,0.4541514340316892,0.023361463246417996,0.7066721046639465,0.3381298253621692,0.00016597529252182052,0.46282044125482624,0.15964806874539195,8.4630820410041e-05,0.5805218287290813,0.3264206380542948
2020-12-12,2021-01-05,2,0,False,CO,24,1920,250,True,0.00907936895333914,0.647278303802837,0.4097762340046928,0.023453570479926036,0.5644264929279801,0.30212844581320764,0.012654941574708149,0.7962897027767729,0.6116598206432671,0.0001273997388076543,0.5632041490518742,0.29143553564004365,8.156401991472209e-05,0.6651928704547211,0.433881133922253
2020-12-12,2021-01-06,3,0,False,CO,25,1920,250,True,0.011813264034954862,0.6094361448379584,0.2602505992120956,0.014541928031678189,0.6931129144171644,0.4681473371298046,0.03237439936774413,0.6722546493459324,0.10827205668195017,0.00018638705648508654,0.47101719225092104,0.10902078886110322,0.00015034168391204336,0.6013598233378157,0.35556221417552447
2020-12-12,2021-01-08,4,0,False,CO,27,1920,250,True,0.006413529507611309,0.6795788765861986,0.44591330355196884,0.016821523252129378,0.6605734198723688,0.43271690977222543,0.00865709969921416,0.8605515023163461,0.6661726682316584,9.93939829309966e-05,0.5422626632560292,0.2709533744035254,7.610109617070132e-05,0.6549279209000503,0.4138102618004662
2020-12-12,2021-01-11,5,0,False,CO,30,1920,250,True,0.00841113363087901,0.6872111107916454,0.4648615266954792,0.018323417106119518,0.7173649901020676,0.49493002197619673,0.015083747346590593,0.7283940282673507,0.5240336277736957,0.0001327367514321576,0.6032783815209937,0.3532371560319246,0.0001046333193737675,0.6998070432761698,0.48724530100009955
2020-12-12,2021-01-21,6,0,False,RD,40,1920,250,True,0.013534538451719055,0.7005168135809561,0.48887773015450975,0.03928528524299193,0.6538720745988851,0.38995755619107453,0.014487414674275558,0.8732901633221766,0.7461911933633371,0.00027121440334432477,0.5278683842206289,0.2663545701562944,9.423948626441197e-05,0.7470366321821338,0.553007600907333
2020-12-12,2021-01-22,7,0,False,RD,41,1920,250,True,0.012460929085962406,0.7047724483987077,0.46832796731941817,0.031271892972525035,0.7085561207671851,0.4381084334148251,0.0182297099489178,0.8506938980019085,0.6694659728881613,0.00023322670176583282,0.5348813921248906,0.2418789245462306,0.00010888672064096095,0.7249583827008463,0.5238585384284558
2020-12-12,2021-01-23,8,0,False,CO,42,1920,250,True,0.00936137967056045,0.6114321593629004,0.25448543810527224,0.019982843923211813,0.5238358171948296,0.011918973691839363,0.01720476400958226,0.7654386709045962,0.470844642976733,0.00014921113570679279,0.4455573255623485,0.05959421884588767,0.0001086996137409354,0.7108968237898272,0.47558391690662905
2020-12-12,2021-02-23,9,0,False,CO,73,1920,250,True,0.014099424943001761,0.632129901267148,0.310699064393209,0.03559267702108808,0.5702468487294935,0.07317542223332829,0.020560452853659962,0.7182000217857624,0.40935605801284203,0.000164074264656729,0.5682330505510358,0.3104237375653812,8.049563260227916e-05,0.6718396840023002,0.4498410397612844
2020-12-12,2021-02-25,10,0,False,CO,75,1920,250,True,0.006598269646314486,0.7109619872186617,0.4913398813675752,0.0136651404073793,0.6989811596875872,0.47362480085415615,0.012608165713679122,0.7473271352164439,0.5488741635652672,4.8110114261712625e-05,0.7054975033635542,0.48141042315453686,7.166234993780812e-05,0.6920421506070612,0.4614501378963406
2020-12-12,2021-02-26,11,0,False,CO,76,1920,250,True,0.0076370877927157445,0.7034409331539708,0.4618909903295213,0.014236627056284767,0.7179049421649986,0.5015922022105803,0.016178655483941918,0.6935125397578515,0.4623932802961578,7.277987578368224e-05,0.6691647496853426,0.39291239520388055,6.0288754852608246e-05,0.7331815010076905,0.49066608360746655
2020-12-12,2021-02-27,12,0,False,CO,77,1920,250,True,0.00894467313665657,0.7007472707351843,0.4686368804672857,0.019091153450318244,0.6664058075347727,0.42242327070799046,0.016586522286352934,0.6950776921067474,0.4157676534675768,3.72433936207853e-05,0.7178429517835871,0.5138737927730459,6.377341633431505e-05,0.72366263151563,0.5224828049205296
2020-12-12,2021-03-05,13,0,False,RD,83,1920,250,True,0.01371100780931985,0.7208002407894143,0.4885473559269202,0.03161953324483042,0.7461292523641754,0.45930551450079526,0.023009626746227994,0.7840599628982792,0.5903341044175686,0.00010875738070946213,0.6803352985361744,0.4600132567020183,0.00010611386551152171,0.6726764493590285,0.4445365480872987
2020-12-12,2021-03-09,14,0,False,CO,87,1920,250,True,0.009813884818512919,0.6963976344732569,0.46190458910390597,0.02577795127474709,0.6142846726940643,0.32446159268674735,0.013370768807812928,0.7274099331920132,0.5235896826484873,5.342578242907147e-05,0.7358404220625119,0.5252067815624806,5.339340906258571e-05,0.7080555099444381,0.4743602995179085
2020-12-12,2021-03-12,15,0,False,RD,90,1920,250,True,0.014627884490406456,0.7047047779906308,0.4772619152818287,0.032348240396475936,0.6807086933046601,0.4029753283590928,0.02594079348505345,0.7396054798632788,0.5286451125083563,0.00012634891376896564,0.6639355810759333,0.4391151922194415,9.61551663274764e-05,0.7345693577186505,0.5383120280404241
2020-12-12,2021-03-13,16,0,False,CO,91,1920,250,True,0.01183271487091622,0.6383916502819205,0.2810934292138553,0.02933601968924571,0.6002463914514533,0.02221630060577895,0.01786931737945081,0.5839542930296158,0.21059996009884463,6.549705243457719e-05,0.6968509294814245,0.4661425315670594,6.002536253378489e-05,0.6725149871651882,0.4254149245837382
2020-12-12,2021-03-16,17,0,False,RD,94,1920,250,True,0.017042806306706463,0.6739407337373406,0.4391096319539397,0.03817701837473356,0.5787532150290458,0.30629184309602353,0.02979334994563417,0.7345047958539409,0.520791270255985,0.00010828813806171227,0.6473780934347101,0.39573177414594396,9.256876839642052e-05,0.7351268306316661,0.5336236403178063
2020-12-12,2021-03-19,18,0,False,RD,97,1920,250,True,0.013992520463385479,0.7124130091482443,0.45974189539493787,0.029931990308021066,0.6793501642495374,0.34709471940356995,0.02583697975382596,0.7375300803971876,0.47170900406029237,0.00011182895891197427,0.6728641772691654,0.4427130591876802,8.928283278291178e-05,0.7599076146770869,0.5774507989282089
2020-12-12,2021-03-22,19,0,False,RD,100,1920,250,True,0.018144044842412325,0.7020410598488045,0.4094424322060608,0.04508312478049528,0.6361121853465954,0.18566309020969785,0.027308876213642124,0.7913401829165287,0.5121564737996048,8.034696997716877e-05,0.6336277846516085,0.3820085323318627,0.00010383140553472874,0.7470840864804849,0.557941632483078
2020-12-12,2020-12-12,0,0,True,RD,0,3840,250,True,0.014414100545451187,0.7017256455310182,0.48842714029613143,0.025126422406807684,0.803321925225127,0.6186499320205721,0.032011746194121345,0.7538832668556532,0.5635815515945051,0.00017374185222798354,0.6365007577981527,0.3976635177580954,0.00034449172864773307,0.6131966322451395,0.37381355981135334
2020-12-12,2021-01-04,1,0,False,CO,23,3840,250,True,0.009355346215866395,0.6367069918888892,0.38820953208275877,0.018367049878342916,0.741094075302494,0.5217692002000325,0.018818235060372623,0.7210359897121239,0.4668472434964306,0.00015309431823495425,0.4911980484377554,0.22486591806465694,8.300560651509022e-05,0.5934998541031835,0.33935576656991484
2020-12-12,2021-01-05,2,0,False,CO,24,3840,250,True,0.007417075809856462,0.7005679095867853,0.47998594000707984,0.018935328316479,0.6866895314560204,0.43657077660867727,0.010537825862752547,0.8270640158692565,0.6766274137724955,0.00011691712646599587,0.603840954384074,0.34973711983853506,7.82319337283028e-05,0.6846771366377902,0.45700844980861155
2020-12-12,2021-01-06,3,0,False,CO,25,3840,250,True,0.008050087294216995,0.6713050364475749,0.4204720435928675,0.012777135560183152,0.7491806459932727,0.5326923942455625,0.01913234017331644,0.7539932428974345,0.4730143975856692,0.0001559274484921051,0.5318442869062052,0.25462573596942417,0.00013494599487628935,0.6502019699933874,0.42155564657081424
2020-12-12,2021-01-08,4,0,False,CO,27,3840,250,True,0.004845942529253544,0.7250678181335146,0.5267236541827054,0.012689855435937413,0.7574293924729432,0.5720518113405078,0.0065320620231877225,0.8766097815063885,0.748116469497976,9.09075283725268e-05,0.5841811654209367,0.3332008151105298,7.094512951651435e-05,0.68205093313379,0.45352552078180774
2020-12-12,2021-01-11,5,0,False,CO,30,3840,250,True,0.007810438849987754,0.70954788962738,0.4990906177869788,0.017218366325813753,0.7254060138079019,0.5253898412387195,0.013799528349021243,0.7569524084872434,0.5645570496643006,0.0001231077558571267,0.6417429653188813,0.4001546562379319,0.00010075296925888988,0.7140901708954934,0.5062609240069631
2020-12-12,2021-01-21,6,0,False,RD,40,3840,250,True,0.010168755485341279,0.7485020562458774,0.5671821853849679,0.02919007658536803,0.7536529943882322,0.5467212330274676,0.011147719990808574,0.9006728822685351,0.8047001779682075,0.00025357699215868587,0.5623565451403636,0.314064448212404,8.364837302982704e-05,0.7773258031863786,0.6032428823317926
2020-12-12,2021-01-22,7,0,False,RD,41,3840,250,True,0.010523208992027654,0.7278931113903543,0.5153105402125158,0.025713697093922943,0.7552581215241716,0.5379777759058249,0.016050735384366223,0.8827346443657184,0.7089742941842033,0.00022306989168563177,0.5384997378792585,0.27489440571919177,0.00010533359813581985,0.7350799417922688,0.5393956850408428
2020-12-12,2021-01-23,8,0,False,CO,42,3840,250,True,0.0071634499047995796,0.6684867254986581,0.39039488979357384,0.015227207221200452,0.6002382420482241,0.24706840544083575,0.01319944089286741,0.8184077471513478,0.5940336726337723,0.00012424414407225038,0.5214247248117475,0.21694911839767195,0.000102907361058208,0.733876187983313,0.5035283627020152
2020-12-12,2021-02-23,9,0,False,CO,73,3840,250,True,0.009582795270872503,0.6830900285264149,0.4589447988087313,0.022594920531945593,0.6600100498975536,0.4116338125034973,0.015514676824836066,0.7500209192545728,0.5543070017134006,0.00014601497579479192,0.6229168035707351,0.38632386085221126,7.556875091356307e-05,0.6994123413827976,0.48351452016581586
2020-12-12,2021-02-25,10,0,False,CO,75,3840,250,True,0.006449622410185804,0.7413148550550044,0.5265465214507152,0.01315527949340664,0.7253548630237583,0.49326441904528084,0.012537257738495122,0.7621254663303068,0.5514112827895228,4.357881621815526e-05,0.7371092765204967,0.5302542883381869,6.237359262329753e-05,0.7406698143454555,0.5312560956298702
2020-12-12,2021-02-26,11,0,False,CO,76,3840,250,True,0.0065309660053859825,0.7449059889382331,0.5429917067392068,0.01229480340902748,0.7599841417895417,0.5695731954541785,0.013716837763552262,0.7427657189472755,0.5441979611907537,5.880310898422396e-05,0.7193267678916766,0.5094984952447312,5.341973997996297e-05,0.7575473271244388,0.5486971750671639
2020-12-12,2021-02-27,12,0,False,CO,77,3840,250,True,0.008061883567663509,0.7368982582006182,0.5176454250204526,0.016886531221960623,0.7367614293743401,0.4891211001132657,0.015268486711688376,0.7115807799294783,0.46219323945271484,3.37821622092157e-05,0.7478538605758986,0.5590521488480433,5.8734174795823266e-05,0.7513969629227555,0.5602152116677868
2020-12-12,2021-03-05,13,0,False,RD,83,3840,250,True,0.013702963972133124,0.7177850494642088,0.4897347390061919,0.025786572137685843,0.7537899383650901,0.5590492355843455,0.0288118200568401,0.7612565140402376,0.48703122405581045,0.00011224748155406237,0.6667506781230057,0.4426847022943702,0.00010121621245248729,0.6893430673285019,0.4701737940902414
2020-12-12,2021-03-09,14,0,False,CO,87,3840,250,True,0.008685046875711285,0.7308179506436696,0.5249077678817797,0.021626839176342488,0.669045462863127,0.4332458643942565,0.013020491055069213,0.7361984880103967,0.5360703363599102,4.6427151832796445e-05,0.7776142833911548,0.587403387665016,4.6430119600640895e-05,0.7404135683100002,0.5429114831079365
2020-12-12,2021-03-12,15,0,False,RD,90,3840,250,True,0.012702020039649143,0.7354936185340701,0.5260411688613236,0.02750029262112064,0.7281893553378684,0.49244988379825283,0.023097003516666898,0.7759212649237643,0.5803179459307819,0.0001199895028942038,0.6865243292464844,0.46734572337074687,9.079451791482709e-05,0.7513395246281636,0.5640511223455127
2020-12-12,2021-03-13,16,0,False,CO,91,3840,250,True,0.008628708778324798,0.6820646293411854,0.41400433021504096,0.01763057110285153,0.7088402908272619,0.4123645532696918,0.016769539387225488,0.6003365492490422,0.25918406504867586,5.814625275316328e-05,0.7287083995439709,0.5260578890222233,5.657837046900991e-05,0.6903732777444664,0.458410813519573
2020-12-12,2021-03-16,17,0,False,RD,94,3840,250,True,0.015287913968078787,0.7085733155527117,0.4926986270965158,0.03528988427788762,0.6323585068710658,0.35875346944406594,0.025678622837260773,0.7670702319559868,0.5869742659394168,9.630562612243724e-05,0.684147232065445,0.4625964498197873,8.684313104431798e-05,0.7507172913183493,0.5624703231827932
2020-12-12,2021-03-19,18,0,False,RD,97,3840,250,True,0.013361866171363996,0.7287692341761425,0.4879384067805571,0.027675823839247195,0.6906986401590531,0.3963083863267587,0.025582521216651274,0.7513364622422071,0.4769119401352595,0.00010539018063110273,0.6944812891950626,0.4747999809083785,8.372944892641213e-05,0.7785605451082473,0.6037333197518318
2020-12-12,2021-03-22,19,0,False,RD,100,3840,250,True,0.012578147174188493,0.7497316660962694,0.5336401195730891,0.030345438635362657,0.718214536633456,0.45187005459649077,0.019796892082285356,0.8344039672052092,0.6463499425726558,6.953626121017553e-05,0.6900897688079772,0.4651594685693511,0.00010072171789578824,0.7562183917384351,0.5711810125538583
2020-12-12,2020-12-12,0,0,True,RD,0,9600,500,True,0.014299615606000161,0.7055560438105933,0.49342600389304914,0.024147986007485814,0.8139059356646258,0.6334999087245317,0.0325380845325102,0.7489509480984411,0.5564059430043629,0.0001727094517827754,0.639743628347827,0.4012426925191406,0.00033968243222185467,0.6196236631314798,0.38255547132416146
2020-12-12,2021-01-04,1,0,False,CO,23,9600,500,True,0.007622376407240739,0.6870006071725421,0.47044233623995657,0.01677692544882332,0.7614282874043163,0.5631719558275046,0.013498976569641961,0.8022100877536763,0.6175509262695329,0.0001385137563420062,0.5494959856748836,0.2986889742518023,7.508985415566586e-05,0.6348680678572922,0.40235748861098675
2020-12-12,2021-01-05,2,0,False,CO,24,9600,500,True,0.005395699087969381,0.7584098906736061,0.5730187443768602,0.013544986928641934,0.7791630889310709,0.5969628126590922,0.007862877858053147,0.8727212764799167,0.7587131177469018,0.00010917850594389304,0.6406792014470553,0.392777329782822,6.57530592385491e-05,0.741075995836382,0.543621717318625
2020-12-12,2021-01-06,3,0,False,CO,25,9600,500,True,0.007325829517478922,0.6998820459437922,0.4715240501143958,0.012423826594607362,0.77344389998432,0.5456142237132959,0.01661533259477662,0.7608172193884835,0.5423434364299705,0.0001408487127513789,0.5760599871225467,0.3267060634803589,0.0001233101677803305,0.6892070772798184,0.47143247683395784
2020-12-12,2021-01-08,4,0,False,CO,27,9600,500,True,0.0046517561804907195,0.7550570617369069,0.5741565678217274,0.012962737601053743,0.752446293660261,0.5628492298872709,0.005503677948038409,0.8927085292473291,0.7877720959511763,7.906820047355641e-05,0.6489473145008834,0.42004130383575633,6.154097239716776e-05,0.726126109539154,0.5259636416127059
2020-12-12,2021-01-11,5,0,False,CO,30,9600,500,True,0.006268040028190155,0.7625963006161698,0.5752995276705646,0.014486171160370228,0.7784422390048005,0.6007005621689567,0.010387068043299948,0.8231371551559845,0.6722369460958433,0.00010979520834295319,0.6946791198911102,0.46502034714741325,8.912570074749016e-05,0.7541266884127837,0.5632402552700453
2020-12-12,2021-01-21,6,0,False,RD,40,9600,500,True,0.008556264802344067,0.7734053333245532,0.6049250217620614,0.02381763489400117,0.8021512360395631,0.6301473158050401,0.010087839935217236,0.9121979977877932,0.8232684938572596,0.0002365529502991648,0.600518034484993,0.3601151385654866,8.303142985869123e-05,0.7787540649858633,0.6061691388204591
2020-12-12,2021-01-22,7,0,False,RD,41,9600,500,True,0.008712020827438377,0.7577735908152118,0.573895273763668,0.021968252592224242,0.7809252161192137,0.6052757063658172,0.012579873423546361,0.9015564423050879,0.7719066164577778,0.00020499774776343364,0.5837681213543047,0.3336392796222163,9.495954621947174e-05,0.7648445834822409,0.5847594926088606
2020-12-12,2021-01-23,8,0,False,CO,42,9600,500,True,0.004996225779878892,0.7313310465855327,0.523106235611021,0.011396378608609412,0.6947101877599935,0.4364893448068695,0.008395754411593882,0.868681976710395,0.7417774274222957,0.00010542952006533887,0.589328545400036,0.33552861383901034,8.734057924693797e-05,0.7726034764717062,0.5786295563759083
2020-12-12,2021-02-23,9,0,False,CO,73,9600,500,True,0.007978523631550584,0.7276575082280763,0.518835138658657,0.01937034562248509,0.7278862162654627,0.4956009520689486,0.012332947419682213,0.8105937696329621,0.645709132375226,0.00014240503276232217,0.6401910713030712,0.4014958381829674,6.839645127271455e-05,0.7319589757108089,0.5325346320074863
2020-12-12,2021-02-25,10,0,False,CO,75,9600,500,True,0.005307281996794969,0.7738852452239681,0.5885926529433047,0.011696623134289251,0.7613079968444139,0.5494512205435771,0.00943535981979389,0.8167543522640577,0.6623985845816496,3.9037899089462094e-05,0.7641414233203059,0.5792018397709087,5.8107134007277285e-05,0.753337208467095,0.5633189668770833
2020-12-12,2021-02-26,11,0,False,CO,76,9600,500,True,0.006277597782232008,0.7754244316733057,0.5927485195424682,0.011958261188919952,0.7680269441499477,0.5813551481683861,0.01305963075355116,0.7674530986955489,0.5660365438321697,4.734888978146901e-05,0.7786216158886569,0.6050429630764458,4.515029667544927e-05,0.7875960679590693,0.618559423092871
2020-12-12,2021-02-27,12,0,False,CO,77,9600,500,True,0.007425945226586704,0.7627350111220674,0.5508889675049147,0.015611553304280698,0.7600166812887219,0.5276938127327242,0.014004803004423404,0.7577620745782415,0.5067043723366499,3.166807456613943e-05,0.7661551522769543,0.5866466644858577,5.575652307657621e-05,0.7670061363443521,0.5825110204644269
2020-12-12,2021-03-05,13,0,False,RD,83,9600,500,True,0.011684833018859753,0.7402673200837854,0.5378537399216123,0.025068563244934172,0.768620405143732,0.5713271982552109,0.021467167091485485,0.7998512915898175,0.617796223765656,0.00010412129635304212,0.6963845880629485,0.4830316861359313,9.948044266631054e-05,0.6962129955386436,0.47925985152965134
2020-12-12,2021-03-09,14,0,False,CO,87,9600,500,True,0.007206297159446117,0.774213171910383,0.5942946838351884,0.018426443909784596,0.7296861967016217,0.5171155985752403,0.01031618335634909,0.7964290860184378,0.6324268067679967,4.221061444309179e-05,0.7934336383880845,0.6248756204877708,4.035075720769327e-05,0.7773037665333882,0.6027607095097454
2020-12-12,2021-03-12,15,0,False,RD,90,9600,500,True,0.01197476440471433,0.7580334859877274,0.5570730014809603,0.02647531157351808,0.7446203252806675,0.5113671097704493,0.02122856873402245,0.8019349087491353,0.6142681744488989,0.00010984482914693324,0.7163124755539716,0.5123796948945443,8.533248216985615e-05,0.7692662343671349,0.5902770268099485
2020-12-12,2021-03-13,16,0,False,CO,91,9600,500,True,0.007007260024079301,0.7270802758079389,0.5006878817263813,0.014377228033233066,0.7648912354985313,0.5208000484632078,0.013548161910790698,0.673452550988217,0.4014925514018609,5.109830175528586e-05,0.7641294125535427,0.5835047685001141,5.255185053815308e-05,0.7058479041914641,0.49695415854034275
2020-12-12,2021-03-16,17,0,False,RD,94,9600,500,True,0.012972049228901217,0.7487370498173699,0.5498788246484103,0.029929313771723556,0.6991391565543261,0.45615949128903,0.021788551255285695,0.8087479803906873,0.6495438079618217,8.860900798541893e-05,0.7194799229737148,0.5055450300611593,8.172288061019451e-05,0.7675811393507517,0.5882669692816305
2020-12-12,2021-03-19,18,0,False,RD,97,9600,500,True,0.01034821696872888,0.766920403714324,0.5717344603645289,0.021890811628017648,0.746214374000402,0.522496621126983,0.01932967107657381,0.8001013731323112,0.6047645165368842,9.763470621884424e-05,0.7172213075491203,0.5134485085510067,7.475046410522066e-05,0.8041445601754625,0.6462281952432416
2020-12-12,2021-03-22,19,0,False,RD,100,9600,500,True,0.011165051280979561,0.7711185369430142,0.571556072638099,0.025946862938933432,0.7495972617018094,0.5313215690500448,0.018549652915880774,0.8491289446500611,0.6686305208064134,6.313986507146301e-05,0.7243023262457993,0.5143575682447092,0.00010054940403257582,0.7614456151743874,0.5719146324512288
2021-02-27,2021-02-27,0,0,True,CO,0,960,50,True,0.006725232927230564,0.7617190890190734,0.5622564931698198,0.013679983964989506,0.7761877179350194,0.586130800539238,0.013129950181775246,0.7565129100473122,0.5375195913814996,3.4728067769749756e-05,0.7524259843092008,0.5467055435086019,5.6269494387755546e-05,0.7617497437847609,0.5786700372499398
2021-02-27,2021-03-05,1,0,False,RD,6,960,50,True,0.021971701356917967,0.641650127736632,0.30621204518096834,0.047895250077565656,0.688208681944664,0.1809905162727523,0.03974630738216098,0.6210965092284753,0.2923524232101318,0.00013088906153612347,0.6226540101653812,0.35012816959032145,0.0001143589064091254,0.6346413096080074,0.4013770716506677
2021-02-27,2021-03-09,2,0,False,CO,10,960,50,True,0.01025255070331613,0.6929577377091393,0.45069031065950993,0.025024688088618022,0.6404443696030175,0.3442016491257488,0.015881102716980983,0.6623494569125998,0.43414464089245985,5.462656789828239e-05,0.7535249282618878,0.5145354395313824,4.978543976724172e-05,0.7155121960590519,0.5098795130884487
2021-02-27,2021-03-12,3,0,False,RD,13,960,50,True,0.016828936654679702,0.672915492947381,0.4243876491145063,0.034871405923689494,0.6484323175159172,0.3564073527314465,0.03221075586391936,0.6670997042386917,0.4147173171473545,0.00013242873408827018,0.6545124151256183,0.4121258121811695,0.00010115609702169252,0.7216175349092966,0.5143001143980548
2021-02-27,2021-03-13,4,0,False,CO,14,960,50,True,0.011129700290293802,0.6118820238876714,0.2837744370180345,0.022172321340693777,0.6301730243080201,0.2609858251285341,0.022216949167558894,0.48560401245915574,0.01853774338793801,6.71748936481283e-05,0.6778926838629253,0.452466678541558,6.235575927440975e-05,0.6538583749205846,0.4031075010141081
2021-02-27,2021-03-16,5,0,False,RD,17,960,50,True,0.01718471307166599,0.6791444345059918,0.4433223687426458,0.034489496292155745,0.6128001899829945,0.3732971844335429,0.034051719842485374,0.7250822252935287,0.4522978637483611,0.00010439104274525761,0.6504627407076631,0.41747830072779524,9.324510927757384e-05,0.728232582039781,0.530216126060884
2021-02-27,2021-03-19,6,0,False,RD,20,960,50,True,0.017239760440125634,0.6676302016957602,0.361129661285833,0.03649367499114917,0.6141150974687173,0.20396495973386297,0.032239340047609144,0.7153517157128864,0.3407993804048146,0.0001217800551013954,0.6276937472568698,0.3931228992945094,0.00010424666664282104,0.7133602463445672,0.5066314057101451
2021-02-27,2021-03-22,7,0,False,RD,23,960,50,True,0.016379612563061384,0.6967754203462831,0.432235082091863,0.04148123279770496,0.6188521905619997,0.25072409920020444,0.02384067679189364,0.7899153367336205,0.5741121039850295,7.545891161009927e-05,0.6652129997159008,0.4196052004473023,0.00012108175103684414,0.7131211543736117,0.48449892473491574
2021-02-27,2021-03-23,8,0,False,CO,24,960,50,True,0.01034861769678816,0.6927102228317505,0.4048998234240162,0.028326876652814525,0.5911245461951011,0.09126975870312337,0.012964239219360055,0.7823916268529496,0.5797610648716337,5.4171638017650715e-05,0.6660741201716756,0.43535566255653335,4.9183276960409515e-05,0.731250598107276,0.5132128075647744
2021-02-27,2021-03-29,9,0,False,CO,30,960,50,True,0.009172712884112116,0.7181348949204558,0.4753644488425292,0.02206399692150076,0.6608947673371153,0.3240167355668607,0.014527081209360226,0.7652050426712723,0.559924189686103,4.938873105557537e-05,0.701895972132011,0.48619327650838995,5.038467453190415e-05,0.7445437975414243,0.5313235936087632
2021-02-27,2021-03-30,10,0,False,CO,31,960,50,True,0.011369241804630533,0.6668307908295733,0.4204422771416454,0.026118568124721617,0.5997338813751083,0.35023750775787943,0.019223230388681116,0.6884887943543232,0.4593199543213313,8.096940195371385e-05,0.6794352587428104,0.41794080471104067,5.419930316568726e-05,0.6996652288460514,0.45427084177633015
2021-02-27,2021-04-02,11,0,False,CO,34,960,50,True,0.006554617640655536,0.6866082493845088,0.46022131899069196,0.010778155113209937,0.5977452654569821,0.3268514409832196,0.015377915518002177,0.7178575938355256,0.5096148312118065,2.3586922493679597e-05,0.6725980849878501,0.45161548104753757,3.881300891634731e-05,0.7582320532576774,0.552803522720204
2021-02-27,2021-04-05,12,0,False,RD,37,960,50,True,0.02476950337382653,0.6657888111410707,0.3330313971220622,0.052048626261100274,0.5714198841542497,0.16487624377620191,0.04692388526411431,0.6226702016517296,0.10829380977740077,5.3208836816553994e-05,0.7238362721592438,0.5220000804196314,5.229313327498608e-05,0.7452288865990595,0.5369554545150146
2021-02-27,2021-04-06,13,0,False,CO,38,960,50,True,0.01134768986756146,0.6785962038710793,0.3814990138123395,0.019280176417128952,0.5854554868514578,0.3066064849573673,0.026008255659221206,0.687861780566333,0.1923032354543267,5.489111517870103e-05,0.6891979299374791,0.46411754114975323,4.743627871697903e-05,0.7518696181290478,0.5629687936879109
2021-02-27,2021-04-07,14,0,False,RD,39,960,50,True,0.019494270701262514,0.7154005061761186,0.4493926168269814,0.04367883114763536,0.7022816547647192,0.34137718281451257,0.034053397172509055,0.7445286068719343,0.47794923714050186,0.0001435602997342791,0.6794912820736743,0.4475175559718194,0.00010129418517137126,0.7353004809941468,0.5307264913810917
2021-02-27,2021-04-09,15,0,False,CO,41,960,50,True,0.00816347270760581,0.7192794865271022,0.49476418629504987,0.018250578848568302,0.6616268705200565,0.3845304116605973,0.014295349714008865,0.7090957059376142,0.48838207287350466,5.097653362769874e-05,0.759121750619005,0.5596539761373274,5.698573421837919e-05,0.747273619031733,0.54649028450877
2021-02-27,2021-04-12,16,0,False,RD,44,960,50,True,0.0163674229990348,0.7247909412075093,0.5229546042610725,0.03033250998532417,0.7343891846021557,0.5271104248828834,0.03500536406668615,0.6231222868309843,0.38525134735116773,8.053306041844792e-05,0.7481528491250682,0.5569514075953308,5.128488371043948e-05,0.7934994442718288,0.6225052372149082
2021-02-27,2021-04-14,17,0,False,RD,46,960,50,True,0.02176390624968042,0.6695318998910882,0.35827227518489857,0.04430289055218914,0.6463402620712397,0.4128974353107423,0.04254410495601067,0.6060578095952095,0.19984209375594797,0.00010521893381956733,0.7126571964274335,0.505389522541321,0.00010341055670230222,0.7130723314704701,0.3149600491315828
2021-02-27,2021-04-15,18,0,False,CO,47,960,50,True,0.008370933443220248,0.6977360747085894,0.4380631193022825,0.016092190951836394,0.6570164187344408,0.4145396752254161,0.017321145697893225,0.6422494199347757,0.2685070387090347,3.408941251405564e-05,0.7438322662947073,0.5516188435649516,3.630771063731285e-05,0.7478461938704342,0.5175869197097277
2021-02-27,2021-04-20,19,0,False,CO,52,960,50,True,0.006693528214333054,0.743624723494143,0.5123012989827902,0.011500745965087378,0.7626527382452544,0.5560513848752764,0.015198495064012862,0.7018674199538372,0.39836900390017926,2.9954788262345383e-05,0.7700700646254467,0.5704425159533167,4.491703996962775e-05,0.7399086711520336,0.5243422912023885
2021-02-27,2021-04-21,20,0,False,RD,53,960,50,True,0.01861073500253797,0.6609669046490863,0.41991852970595517,0.030705538443264326,0.6212973657784405,0.3813424139702817,0.0435697737960108,0.6379955077809855,0.3621793335840534,7.696963961108522e-05,0.658453743674798,0.41730442820673397,9.06581312656741e-05,0.7261210013621209,0.5188479430627517
2021-02-27,2021-04-28,21,0,False,RD,60,960,50,True,0.023288294866299825,0.6995579465567975,0.33913027108310967,0.04213663042049045,0.6754247768431005,0.3390523225175366,0.05086884785888144,0.6384945129249653,-0.02438389775822536,7.392275308918494e-05,0.7718940070849702,0.5755980977879038,7.377843273822603e-05,0.7124184893741538,0.46625456178522373
2021-02-27,2021-05-03,22,0,False,CO,65,960,50,True,0.007974202966640864,0.6883823398756377,0.4065981525231882,0.014479996218553523,0.719392898295504,0.4998451615082984,0.01734480494860208,0.628832077222295,0.20624328801901926,3.189120828248841e-05,0.7454684867904298,0.5355593761734324,4.011949112536763e-05,0.6598358971943215,0.38474478439200277
2021-02-27,2021-05-04,23,0,False,CO,66,960,50,True,0.008189380839234399,0.653541473688149,0.40696927055150633,0.014195689515466818,0.6924064372691083,0.47721588538083815,0.018422256701350694,0.6656747761550729,0.37742566297508184,4.2064972511976225e-05,0.6493055378550545,0.411223491346309,9.75121676081087e-05,0.6067791434733603,0.3620120425037966
2021-02-27,2021-05-05,24,0,False,RD,67,960,50,True,0.01632731957543066,0.6429517973489068,0.3888603344247218,0.03670153481343085,0.679911026645639,0.45777556552065746,0.028313366439107646,0.7026170093574686,0.4329382148752041,0.00018877913065094704,0.578563671257286,0.292609349221281,0.00010559791853318845,0.6107154821352339,0.37211820808174456
2021-02-27,2021-05-11,25,0,False,CO,73,960,50,True,0.011163105136893933,0.6085952785966262,0.3127805320369435,0.015131473623961429,0.728729929467798,0.4859248213428984,0.029282770886397354,0.51382567562853,0.04390726081284546,7.001511960900547e-05,0.6817838341418314,0.4642259321918074,0.0001681609176079474,0.5100416751483454,0.25706411380022276
2021-02-27,2021-05-18,26,0,False,CO,80,960,50,True,0.011315727153582032,0.676991010393681,0.3485836367209144,0.013245186048115051,0.7426628925411447,0.5507544118339958,0.03183819373945413,0.7080550335912879,0.05675957822178901,7.52490130306896e-05,0.6297834638645,0.3947894647095176,0.00010427981372825535,0.6274626515777917,0.3920310921183554
2021-02-27,2021-05-19,27,0,False,RD,81,960,50,True,0.02283898871820419,0.5746392374668412,0.2858781182731116,0.047474606392005826,0.6368560866271484,0.341472979623345,0.043338363626576296,0.6783516075899325,0.34491205872933384,0.00020913578213422452,0.5191182923721951,0.2503082528367785,0.0003338490721004207,0.4642309632780889,0.2068191819029892
2021-02-27,2021-05-20,28,0,False,CO,82,960,50,True,0.006665183828621593,0.7058718251889214,0.47117146653539,0.012602961356042268,0.7026670599388063,0.48198690505669073,0.013962090699864394,0.7247088169925544,0.4609354587637361,4.164584409287303e-05,0.703486140445262,0.49098355693779605,5.403741448684126e-05,0.6926252833790629,0.4507799453833373
2021-02-27,2021-05-25,29,0,False,RD,87,960,50,True,0.014254390902404532,0.7334767741399649,0.5125483842411659,0.03046309648171927,0.8261298494845221,0.5795465072788417,0.026200936657632554,0.7885889379641903,0.6100140531408047,0.00010914122260652984,0.7150719809298297,0.5044668543586477,0.00024438924765977384,0.6041163281813176,0.35616612218636934
2021-02-27,2021-05-26,30,0,False,RD,88,960,50,True,0.019274688441550364,0.6716373040566401,0.43547160605035296,0.04687434044934423,0.6250647462406516,0.3728308007499187,0.029986002551441817,0.7473504082653135,0.5084173924810494,0.00011382502342992524,0.6873968950750226,0.4700843478340284,0.00012458574198547786,0.626737166645573,0.39055388313641515
2021-02-27,2021-06-01,31,0,False,CO,94,960,50,True,0.006001601821809721,0.7214423893277309,0.4863323885612418,0.011629583080884496,0.7292754695634398,0.4999005138047121,0.012261741095890956,0.7834288583433515,0.5089888482058078,5.9861957542028526e-05,0.6803174658060277,0.46217908559690224,5.5221152921400496e-05,0.6927477635981045,0.47426110663754506
2021-02-27,2021-06-04,32,0,False,RD,97,960,50,True,0.01398504053889436,0.6756118594145765,0.44902084648590956,0.02948121226227904,0.6907042473268381,0.46669948750219425,0.026173828710374304,0.7732375433897772,0.5643773081147238,0.00018385209319523785,0.5410022857481679,0.29140257697868144,0.00010126908972886283,0.6975033611935225,0.4736040133480387
2021-02-27,2021-02-27,0,0,True,CO,0,1920,250,True,0.006634190857867317,0.7591842140548029,0.5659212322897722,0.013489733004278685,0.7733535674472427,0.5918865830757922,0.01295620490446042,0.7517567533151344,0.5436394765094439,3.4459403747941476e-05,0.7508685723929469,0.5502123297931663,5.636611898221827e-05,0.7607579630638872,0.5779465397806863
2021-02-27,2021-03-05,1,0,False,RD,6,1920,250,True,0.01589109809147777,0.6887189043671336,0.4402600793921564,0.03356450690764563,0.7012323214011339,0.42604643613988025,0.029777229964040534,0.7315374613701707,0.4698429611344116,0.00011376044892506898,0.661769366464261,0.43517273098670806,0.00010889504529985005,0.6603364682329687,0.42997818930762577
2021-02-27,2021-03-09,2,0,False,CO,10,1920,250,True,0.009960893843694179,0.6971490716444119,0.4679427929497433,0.025709665537475897,0.6098851774464745,0.32625109246920614,0.014031889835187186,0.7130857089819689,0.5000334546569387,5.204033950415801e-05,0.746355029759581,0.5375191684920394,4.9979662609481346e-05,0.7192703703896234,0.507967456180789
2021-02-27,2021-03-12,3,0,False,RD,13,1920,250,True,0.014867238695054035,0.7014425650221401,0.46912480554253955,0.03273070872093477,0.6848771652921619,0.39591642737949084,0.02651249086765776,0.7342320641119926,0.5182571359180494,0.00012775270539506218,0.6581226688467461,0.4328835169886843,9.800248622854116e-05,0.72853836183766,0.5294421418839335
2021-02-27,2021-03-13,4,0,False,CO,14,1920,250,True,0.011830535301499306,0.642024362878456,0.2791817577818889,0.027381565625210283,0.6437549728259793,0.08735919815193782,0.01981663307792726,0.5437742309274982,0.1245747887151184,6.41689443789784e-05,0.7110584306305776,0.4769677577110233,5.977355848070146e-05,0.6695098171297689,0.42782528654947605
2021-02-27,2021-03-16,5,0,False,RD,17,1920,250,True,0.017775840311907567,0.6652218015027325,0.4234015012227982,0.04050779347496779,0.5514753332022051,0.26393972216634776,0.030392323137657273,0.7268904931502977,0.5111571343490167,0.00010610467921730138,0.6578014001761587,0.40791588614337804,9.713995578790422e-05,0.7247199794822681,0.5105932622324503
2021-02-27,2021-03-19,6,0,False,RD,20,1920,250,True,0.014605720718404679,0.7064588425502927,0.44949478061317555,0.03212807647662369,0.6630451842459766,0.299191581611186,0.026096167625110953,0.7263344347698781,0.46640936687509216,0.00010979353606205313,0.6748567577262184,0.4528563582430253,8.884523582202173e-05,0.7615989934590974,0.5795218157233988
2021-02-27,2021-03-22,7,0,False,RD,23,1920,250,True,0.01823659664211885,0.7087173724240889,0.4113600357168189,0.0452017885770322,0.6416569599970505,0.1835196649292553,0.027562592109202397,0.7963427590368964,0.5076241138381435,7.886275801326818e-05,0.6479206412153993,0.3934243994163611,0.00010314312422752452,0.7489491294470091,0.5608719646835156
2021-02-27,2021-03-23,8,0,False,CO,24,1920,250,True,0.010289852888939155,0.6906437733389945,0.40882329796173744,0.020271480288921902,0.651287176232062,0.3496880224326969,0.020785637768658126,0.6963188733968356,0.3262285480801226,5.359565555573922e-05,0.6757462331577879,0.441359269748162,4.869784262085608e-05,0.7392228105692922,0.5180173515859683
2021-02-27,2021-03-29,9,0,False,CO,30,1920,250,True,0.008240660818993599,0.7327543195239411,0.5186886172326105,0.01902949611703231,0.6820388045866672,0.4169859182143919,0.013839556497968938,0.7747945886027667,0.5807517041823667,4.75833998485636e-05,0.7125318823928646,0.5049747129305586,4.6007261124586995e-05,0.761652002513466,0.5720421336031247
2021-02-27,2021-03-30,10,0,False,CO,31,1920,250,True,0.009635947236080586,0.6994942892680336,0.4857884147376373,0.02263750078194767,0.669022242202655,0.43683746919154487,0.01577956674136314,0.7473207255830807,0.5561777758470088,7.849453221944543e-05,0.6607721770805738,0.43573173129830556,4.822688879208742e-05,0.7208620122058247,0.5144066826136899
2021-02-27,2021-04-02,11,0,False,CO,34,1920,250,True,0.006935832853327546,0.7031154509531825,0.46091386681241353,0.011328644686996564,0.5895677402121193,0.29247067178329766,0.01635742252107363,0.7122407288707935,0.4783794074986182,2.2801305698561853e-05,0.722583376148757,0.46988069086399675,3.446289954142729e-05,0.7880699585810602,0.6029246971037417
2021-02-27,2021-04-05,12,0,False,RD,37,1920,250,True,0.018035864588827534,0.7071294620723281,0.46521754288135087,0.039356777826271,0.6418949833645595,0.36851781704553066,0.03268730505164384,0.6857016589220113,0.3788350625233461,5.07767119936246e-05,0.7398272069819405,0.543848997616934,4.8598765401678715e-05,0.761093999020801,0.5696682943395928
2021-02-27,2021-04-06,13,0,False,CO,38,1920,250,True,0.0093096624421913,0.735957217999648,0.48108318909057535,0.014631841685756238,0.6939190248768696,0.4737794966948419,0.022517203608663095,0.7247679209613214,0.30071925085505957,4.4827573764299625e-05,0.7561763527093646,0.5623643211675013,4.477690058156767e-05,0.7689655734510361,0.5874696876448987
2021-02-27,2021-04-07,14,0,False,RD,39,1920,250,True,0.01278584423145009,0.7635076687542925,0.576174184993008,0.02799668843889102,0.7757049509122129,0.5778445226896824,0.022925822990350425,0.8055054943988541,0.6485389307661715,0.00012945114332768245,0.710894161914792,0.501815723564953,9.141435323122596e-05,0.7619260677913109,0.5764975629512248
2021-02-27,2021-04-09,15,0,False,CO,41,1920,250,True,0.007886798404310365,0.7332703530596302,0.5211382796137919,0.017988929726200933,0.6507153718728749,0.3933540812531616,0.013458776239318451,0.7480044042291194,0.5183222978818296,5.2022382231129815e-05,0.7433097310014345,0.5506197158353878,4.746526949095e-05,0.7910519051350922,0.6222570234847885
2021-02-27,2021-04-12,16,0,False,RD,44,1920,250,True,0.013227616387080731,0.7729919470499833,0.5849978209817581,0.02338753420390038,0.7973598048675983,0.6353839125720052,0.029398435791082624,0.7255446724957852,0.4837177308562661,7.382877069663234e-05,0.771327685801816,0.5938347212169632,5.066678264329232e-05,0.7977356250347338,0.6270549192817982
2021-02-27,2021-04-14,17,0,False,RD,46,1920,250,True,0.01795754570638969,0.7110052159084181,0.430808759731674,0.036720599819333635,0.7184169704258441,0.5133780649038624,0.03490756416182544,0.6723359771591846,0.34346806729894674,0.00010638716528415123,0.7162867908330954,0.4998979299020061,9.563167911555056e-05,0.7369811252155481,0.3664909768218808
2021-02-27,2021-04-15,18,0,False,CO,47,1920,250,True,0.006846823869431905,0.7441866554084325,0.5302336750213809,0.012503097009770396,0.7383257656410191,0.5451168049187883,0.0148238368930141,0.6753554452426048,0.3739714141493512,2.885731705456846e-05,0.7876802097048279,0.6204370730294853,3.150425788855485e-05,0.7753852010452786,0.5814094079878986
2021-02-27,2021-04-20,19,0,False,CO,52,1920,250,True,0.005668039082909407,0.7743311221689625,0.5730483673415097,0.011272411405641582,0.7932817494758669,0.5648654923913278,0.01133275911925938,0.7560639399609097,0.5513937972961941,3.05843528066024e-05,0.762613892546217,0.5614144380611426,3.6401453930061446e-05,0.7853649066928563,0.6145197416173741
2021-02-27,2021-04-21,20,0,False,RD,53,1920,250,True,0.016732928622573334,0.7086872787944238,0.47477505220271393,0.03739813745716892,0.5946329928936482,0.2464994064829681,0.029388682033054402,0.7561810801971359,0.5697772302612836,6.547186662528039e-05,0.7185294555509543,0.5043478577740957,7.942313344474225e-05,0.765405586535957,0.5784757142925083
2021-02-27,2021-04-28,21,0,False,RD,60,1920,250,True,0.018489594117656775,0.7230864054172861,0.44435252483972254,0.03665809098911023,0.6975901407205589,0.42498771595151175,0.03716180130330315,0.6931512036800254,0.2516451134808255,6.872932971607181e-05,0.783092253058831,0.6054143406418842,6.975484849765552e-05,0.7185120242097289,0.49536292928466885
2021-02-27,2021-05-03,22,0,False,CO,65,1920,250,True,0.0066696833039647,0.7383821878285565,0.5218261196848301,0.014797423629638071,0.72529197996154,0.48888087304250405,0.011823943549988293,0.7061449859508901,0.45889650631996004,2.4949107307680504e-05,0.7988106356909479,0.636659142568211,3.241692892475854e-05,0.7232811497108479,0.5028679568086452
2021-02-27,2021-05-04,23,0,False,CO,66,1920,250,True,0.006497608304133211,0.6971037065488952,0.48008610270338203,0.012263975243601288,0.7532391965160643,0.5483550529580188,0.013594917918949017,0.737415829681,0.5405640499148344,4.131292062603585e-05,0.656243341501092,0.42174983802594446,9.022713335650282e-05,0.6415164584974241,0.4096754699147306
2021-02-27,2021-05-05,24,0,False,RD,67,1920,250,True,0.015585123228846825,0.662489091625134,0.41993387396767584,0.033045799594600585,0.7222173928901975,0.5117849951456841,0.029023035412533673,0.6897541366000342,0.41872492251436366,0.00016577126507302906,0.628512662114117,0.37882411749609735,0.00010588664318001784,0.6094721748961875,0.37040146071455826
2021-02-27,2021-05-11,25,0,False,CO,73,1920,250,True,0.009530569485287665,0.6617521895587183,0.3976884282675621,0.016372088469356613,0.7244818849994695,0.4437762960808749,0.021541891265613296,0.6176076251484832,0.2966496952315575,7.09311727140773e-05,0.6764708437515822,0.45721605345170824,0.00013736703346667849,0.6284484043353382,0.393111668306108
2021-02-27,2021-05-18,26,0,False,CO,80,1920,250,True,0.007945531823482314,0.7333492087385551,0.48951254119622567,0.012617185381233735,0.7685411886349469,0.5720547188237861,0.019010034301232645,0.7725003639668385,0.4368074734688021,6.674247679763429e-05,0.6940045687584937,0.4632055826056505,8.816513466523603e-05,0.6983507135939415,0.48598238988666387
2021-02-27,2021-05-19,27,0,False,RD,81,1920,250,True,0.018769252544738796,0.5929031575542106,0.3384602382276124,0.04030543663936331,0.6777717541300047,0.4409175533560741,0.03422168205060333,0.7381265560540766,0.48271671181415876,0.00021783126598883202,0.49121311415436725,0.2191374392301122,0.00033206022299971425,0.46450120587839394,0.21106924851010456
2021-02-27,2021-05-20,28,0,False,CO,82,1920,250,True,0.006103683793283427,0.7409376917999717,0.5135169018806707,0.009859945437416064,0.7732894492622528,0.5947316898215104,0.014465704019927264,0.7286842018917766,0.4414913734060324,3.726193843009846e-05,0.7380065142840819,0.5445658558632163,5.182377736028375e-05,0.7237706017617755,0.47327868843192333
2021-02-27,2021-05-25,29,0,False,RD,87,1920,250,True,0.011572957371642222,0.7616043501443701,0.5736373062270066,0.025343895502477374,0.8143691420947472,0.6502020275722388,0.02062767413696623,0.8515724439237671,0.6929688760777841,0.0001075171583459515,0.7173472174905793,0.511840582199955,0.0002127426887793377,0.6631285970683871,0.4395377390580485
2021-02-27,2021-05-26,30,0,False,RD,88,1920,250,True,0.015132484360861053,0.7267471702963192,0.5271289906409801,0.04025932487267215,0.6818305047778588,0.46133837189604854,0.02005632367548785,0.8260824300485392,0.6712019258743671,0.0001025596683790839,0.723365805748148,0.5225305304814053,0.00011172922690512746,0.6757099406107305,0.45344513431209943
2021-02-27,2021-06-01,31,0,False,CO,94,1920,250,True,0.004129919550246788,0.7704831060928139,0.5818992137110174,0.008655678713402738,0.8093708926448349,0.6277854118124604,0.007756627374582654,0.8419884036628127,0.6893923537083579,6.091653276452063e-05,0.6737897540243369,0.45270441029799724,4.645558023723975e-05,0.7567833740392712,0.557714679025254
2021-02-27,2021-06-04,32,0,False,RD,97,1920,250,True,0.012885922192731363,0.6954559862707486,0.480364751862121,0.026458839611957066,0.7260698216022521,0.5213727101986159,0.024811204246267194,0.778527203378345,0.5870560741313974,0.00017519771829756586,0.5753107283978843,0.3247580185391892,9.844719440362554e-05,0.701916191704513,0.48827220457928144
2021-02-27,2021-02-27,0,0,True,CO,0,3840,250,True,0.006593952864650027,0.756282015739346,0.5582198205051545,0.012948786153398796,0.7873695831349588,0.6082521899871343,0.013332987656749087,0.7462192607626531,0.5303679378648619,3.6229087413169424e-05,0.7381645637836796,0.5271132100693224,5.780856103905992e-05,0.7533746552760923,0.5671459440992995
2021-02-27,2021-03-05,1,0,False,RD,6,3840,250,True,0.016402457984773845,0.6933420724667114,0.43498687917058715,0.02906843298036034,0.7230120961498798,0.5029293667023471,0.03632233205110782,0.7143981086427895,0.35331325216742837,0.00011290405790310073,0.6641786026424116,0.43942476239759354,0.00010616284972413234,0.6717794824317644,0.44428013541497946
2021-02-27,2021-03-09,2,0,False,CO,10,3840,250,True,0.00871337023669231,0.7294877347286278,0.5218010427649828,0.02197385201801331,0.6676462544299354,0.4241520268009952,0.012785540203025166,0.7420881328280566,0.5444418078581614,4.686435988068203e-05,0.7732932207549215,0.5835179337372618,4.722436585007653e-05,0.7349233309015973,0.5350924026635129
2021-02-27,2021-03-12,3,0,False,RD,13,3840,250,True,0.013177535966264028,0.7292031866806042,0.5160144461071922,0.02856839616596388,0.7124531541292666,0.47273678162259336,0.023930008503224538,0.7680520686388301,0.5651819026965961,0.00011813619006873191,0.6935584626368912,0.4755729014038941,9.360300579896559e-05,0.7427490613174288,0.550566198705685
2021-02-27,2021-03-13,4,0,False,CO,14,3840,250,True,0.00847756028145436,0.6815057213861786,0.41829934257498674,0.016696057729103035,0.7159635797457738,0.4435123351909096,0.017099781370369785,0.5863176387732736,0.24459520140406166,5.6410853361810764e-05,0.740018038810095,0.5402028908406321,5.7991172982810084e-05,0.6837236282155714,0.4448869428643436
2021-02-27,2021-03-16,5,0,False,RD,17,3840,250,True,0.016339229388608902,0.6918372339534242,0.46181874790393795,0.03741962009860485,0.6124204948688601,0.32005439932862934,0.027744377434427904,0.7501817477801632,0.5537478030449217,0.0001006684696755292,0.6695849049566585,0.4382509602703847,9.22515517273174e-05,0.7351617882080148,0.535221828971816
2021-02-27,2021-03-19,6,0,False,RD,20,3840,250,True,0.013855805981422924,0.7098296112773834,0.45973470475095635,0.0291273793008989,0.673331957497441,0.36464566639941,0.026092197662485033,0.7482619523927305,0.4664905410498399,0.00011327714326406934,0.6604633983323775,0.4354961966221742,9.036981904369223e-05,0.7572611368869845,0.5723064149324012
2021-02-27,2021-03-22,7,0,False,RD,23,3840,250,True,0.012251404156678098,0.7485188392810231,0.5394244557405733,0.02871252457732314,0.725470901190215,0.481365396688491,0.02012086250859941,0.8272723349896113,0.6405625614324996,6.72581387758237e-05,0.6975771142416008,0.4826817251912604,0.00010497140201401157,0.7437550067026655,0.5530881396500426
2021-02-27,2021-03-23,8,0,False,CO,24,3840,250,True,0.00658532749176296,0.7644816677594322,0.5635337208735384,0.014506328883171462,0.7625085131095555,0.5346349014081483,0.011746627156972327,0.8034746543819236,0.6192302529851288,4.8028463910034995e-05,0.7114010781883575,0.49938748069473193,4.032546299801955e-05,0.7805424253578922,0.6008822484061446
2021-02-27,2021-03-29,9,0,False,CO,30,3840,250,True,0.007032659665189334,0.7689907262141529,0.5822615620852141,0.016292934489508915,0.7303821270655281,0.5008270222934577,0.011754763965428487,0.8035470625391242,0.6439073202260734,4.01154078041127e-05,0.7643517323262865,0.5826666163549039,4.282479801582038e-05,0.7776819829256727,0.6016452894664213
2021-02-27,2021-03-30,10,0,False,CO,31,3840,250,True,0.008896607238819514,0.729351910495505,0.5177389615018176,0.02029619485026866,0.7192162329830505,0.49508311152555495,0.015170858485499795,0.7695624456817584,0.5732985407200637,7.102010516282565e-05,0.7108014128992951,0.4894626332544437,4.8355514346775166e-05,0.7178275504179159,0.5131115605072081
2021-02-27,2021-04-02,11,0,False,CO,34,3840,250,True,0.005368652145299862,0.7521624522439567,0.5394529249743178,0.008804209453719796,0.6948470844340441,0.45013401228660166,0.01261635652956648,0.7763734347104556,0.5976779740400568,2.279486385726027e-05,0.7307723632321758,0.47003046055286923,3.124773405591586e-05,0.8066569265991512,0.6399692530177441
2021-02-27,2021-04-05,12,0,False,RD,37,3840,250,True,0.01387142974848393,0.7517620413968056,0.5521259630180945,0.031011489449199268,0.7137604702639867,0.5024185379073922,0.02438113123587852,0.760106968169833,0.5366793366471505,4.8401113435883916e-05,0.7539391892857563,0.565190112880743,4.4697195422052065e-05,0.7792415378676463,0.6042158646370922
2021-02-27,2021-04-06,13,0,False,CO,38,3840,250,True,0.007039929000444934,0.7675589652291641,0.5690103178101795,0.014653845101415113,0.6949117777363399,0.4729881644270988,0.013423747899061773,0.8077569269093974,0.5831201489168367,4.269519462321912e-05,0.7682134807981673,0.5831819812497033,3.942780667963233e-05,0.7993536754727522,0.6367509766470796
2021-02-27,2021-04-07,14,0,False,RD,39,3840,250,True,0.01124072984171613,0.7886537677930656,0.613883328425351,0.02615457904234444,0.797036246807816,0.6056212568293058,0.018600899076418625,0.8456358679446534,0.7148415618117492,0.0001225225995035029,0.7321155562131222,0.5284797722791468,8.491864859795021e-05,0.7798274002066712,0.6065907227812022
2021-02-27,2021-04-09,15,0,False,CO,41,3840,250,True,0.004773383355194466,0.8255610867224856,0.6792610713924091,0.010405632954336141,0.8060746847098995,0.6490878079015785,0.008612436796274317,0.8367739267924686,0.6917685016897595,3.419478618411388e-05,0.8396393226699008,0.70461824173884,4.126888398328876e-05,0.8197564127176733,0.6715697342394584
2021-02-27,2021-04-12,16,0,False,RD,44,3840,250,True,0.012039742973418721,0.7923934000923016,0.6175224775420187,0.022545563244335622,0.810976717206945,0.6485103992861667,0.02549597772731477,0.7540256604596851,0.5522509657099199,7.191297695635007e-05,0.7843027210117575,0.6043743643841226,4.551794506814234e-05,0.8202685016908193,0.6649541807878658
2021-02-27,2021-04-14,17,0,False,RD,46,3840,250,True,0.014289947100417033,0.7614602448612309,0.536307698119722,0.0309754201130645,0.7699158743856764,0.589513271842061,0.02601455857287806,0.7523551491850669,0.5107252875325448,8.831514969154351e-05,0.7657492911146357,0.5848503993523104,8.149456603402671e-05,0.7578206647595445,0.4601418337519717
2021-02-27,2021-04-15,18,0,False,CO,47,3840,250,True,0.005967695628885511,0.7709760709248026,0.5839118815674993,0.010568991674134803,0.7930944550385124,0.6154827321774534,0.013247318801170938,0.6870771721877311,0.4405496825644365,2.523431948585174e-05,0.8186849576634043,0.6680906909659272,2.9237720750448793e-05,0.7850476988095627,0.6115244205621799
2021-02-27,2021-04-20,19,0,False,CO,52,3840,250,True,0.005486807162215589,0.792185708219916,0.5988961863196978,0.011017584206417998,0.8009834843403155,0.5747022614613385,0.010868360703159483,0.7647615323730468,0.5697769648722337,2.6641361584866376e-05,0.8062737715710522,0.6179576983236829,3.4642377700008515e-05,0.7967240445952495,0.6331478206215359
2021-02-27,2021-04-21,20,0,False,RD,53,3840,250,True,0.01534756863944168,0.7414838304919261,0.5228026408411998,0.03430140822558944,0.6398820968507102,0.30889254883207684,0.026958944411494715,0.7792934744249753,0.6053463125396266,5.898478470673969e-05,0.7542293392011524,0.5534580514412807,7.093713597583027e-05,0.7925304114908663,0.623513650551815
2021-02-27,2021-04-28,21,0,False,RD,60,3840,250,True,0.015792882910277386,0.746607685967148,0.5005829591510148,0.032021721273387864,0.7510218272229703,0.49771298527125674,0.03101579012572508,0.711717897773064,0.37541192068705176,6.614147146761093e-05,0.7883437668740163,0.6202716331182212,6.787877052900149e-05,0.7353472519985413,0.5089352975275295
2021-02-27,2021-05-03,22,0,False,CO,65,3840,250,True,0.005988612052632253,0.7573939734747186,0.5602093280425409,0.013479381368794913,0.7473908697841952,0.5344074881152738,0.010420648407853807,0.7380530177931013,0.5231160199587874,2.311500646316998e-05,0.8162543151832247,0.6633696683294141,3.130342741711935e-05,0.7278776911383533,0.5199441357666879
2021-02-27,2021-05-04,23,0,False,CO,66,3840,250,True,0.006755072041806362,0.710050612786304,0.4771935477202114,0.011851586837488444,0.7688978654993753,0.5635420650107983,0.015039349188465955,0.7476310503947002,0.49174995213214334,4.027429356196172e-05,0.676632969297398,0.4362873303874262,8.907784770908696e-05,0.6470405659537423,0.41719484335047785
2021-02-27,2021-05-05,24,0,False,RD,67,3840,250,True,0.013215650256540786,0.6994432815010359,0.47908337829015424,0.027889013463338098,0.7705304222763367,0.587970785684653,0.024719162344738723,0.7377171465893506,0.5049231480070173,0.00015292277438374113,0.6551261790004026,0.4269698111375472,0.00010150244370257913,0.6343993781380532,0.39646976833139946
2021-02-27,2021-05-11,25,0,False,CO,73,3840,250,True,0.007012400304683457,0.7127810148602913,0.49820136876398124,0.013457980295474877,0.7551566585735818,0.5427799170991281,0.014397180444420241,0.7341391032805871,0.5299270092615547,6.828842980822633e-05,0.6952141361232888,0.47743901564538993,0.00012615204903048178,0.6666141614637076,0.4426595330498523
2021-02-27,2021-05-18,26,0,False,CO,80,3840,250,True,0.007192196815575058,0.7524471735016394,0.5230814558976999,0.012559124904106942,0.7884323113259146,0.5740239937815914,0.01606062024272484,0.8038454915955586,0.524187008354225,6.189297417560546e-05,0.7102780380681497,0.5022090187912341,8.714914129284097e-05,0.7072328530169347,0.49190580266374906
2021-02-27,2021-05-19,27,0,False,RD,81,3840,250,True,0.016918874587709097,0.6487144645168653,0.4118051963326588,0.03639229396994058,0.7156792667669925,0.4951973121207013,0.03079468675431748,0.7612503041384142,0.5345180052993486,0.0001835153468186519,0.5916841562511329,0.3421501591753432,0.00030500227975967866,0.5262441309109218,0.27535530873524205
2021-02-27,2021-05-20,28,0,False,CO,82,3840,250,True,0.0047503591340507835,0.7762571143530737,0.5927519897129221,0.009037875058805692,0.8052852878372014,0.6285208294574114,0.00988468407335841,0.7947522933292959,0.6183606882512152,3.603419516022761e-05,0.7489008759297315,0.5595719513292982,4.284320887880014e-05,0.7560900003160658,0.5645544898137638
2021-02-27,2021-05-25,29,0,False,RD,87,3840,250,True,0.010538923086605395,0.7812110691749033,0.6092444989242711,0.021322918381942002,0.8423598699478482,0.7056997960113567,0.02053739432895973,0.841193097228963,0.6943126393511259,9.700138671039419e-05,0.7502004285447006,0.5595852681487273,0.0001983782488094492,0.6910908809781016,0.4773802921858745
2021-02-27,2021-05-26,30,0,False,RD,88,3840,250,True,0.014624708353256431,0.743917578775873,0.5523124589358771,0.03937245203147083,0.6938094110223827,0.47320455122403215,0.018926778964105963,0.8326608522816605,0.6897193835974424,9.624102845852727e-05,0.7437690144987636,0.5519471393553325,0.00010336138899040483,0.7054310373006849,0.4943787615667016
2021-02-27,2021-06-01,31,0,False,CO,94,3840,250,True,0.003580043660193801,0.8127611062533222,0.6486944322968344,0.006869734512016717,0.8578128028072264,0.7045852223709894,0.007362227885579064,0.8524581938014675,0.7051857508978965,4.6322863667192866e-05,0.7642204515746269,0.5838190744469351,4.1889379512229915e-05,0.7765529768299684,0.6011876814715169
2021-02-27,2021-06-04,32,0,False,RD,97,3840,250,True,0.011110208836088877,0.7365663708384815,0.5428194191016977,0.02355188975818463,0.7604635179300283,0.5739579917342001,0.020644782853181134,0.8180541768547998,0.6563996815519335,0.00015632737529318468,0.6305365862798844,0.39748754906584627,8.783535769656261e-05,0.7372112022892136,0.5434324540548112
2021-02-27,2021-02-27,0,0,True,CO,0,9600,500,True,0.006639025247131742,0.7606570823095737,0.5608602321535727,0.01344140439600455,0.7828845777101396,0.5933486990014147,0.013022104893858135,0.7564512742578868,0.5413182602365205,3.5566378301750065e-05,0.7455395356155343,0.5357633419587333,5.702532036253082e-05,0.757752941654734,0.5730106274176225
2021-02-27,2021-03-05,1,0,False,RD,6,9600,500,True,0.012735656188225291,0.7301716820191281,0.5145510283347606,0.02662686893565558,0.7540958432193393,0.5446801479280893,0.024108337103049424,0.7871716789569045,0.5707725458022499,0.00010575449981463562,0.6921494671768332,0.4749227356204272,0.00010166421438153007,0.687269738723435,0.46782868398827615
2021-02-27,2021-03-09,2,0,False,CO,10,9600,500,True,0.007410927755894521,0.7661448493674781,0.5826958129345438,0.019061562664151904,0.7161628140589161,0.5004716416056896,0.010497082182903981,0.7912061706402082,0.6259812486549006,4.362336355118128e-05,0.7866725593022965,0.6123205643823211,4.14428129710155e-05,0.7705378534684915,0.5920097970952638
2021-02-27,2021-03-12,3,0,False,RD,13,9600,500,True,0.012472459802275172,0.7490425565685723,0.5418680743828284,0.02694761935501278,0.7423935123024743,0.5026501163666586,0.022741696395161177,0.7852875506475832,0.5867740224721106,0.00011277296012026672,0.707251762882811,0.49938121212849884,8.775049880646435e-05,0.7612374004414211,0.5786669465640456
2021-02-27,2021-03-13,4,0,False,CO,14,9600,500,True,0.00705578074421467,0.7282398458536354,0.4985141461654023,0.014662881147496606,0.7642859806190236,0.5112790922541937,0.013456052862547167,0.6797550521642723,0.40556158687840993,5.244525852932244e-05,0.7567707334448404,0.5725259090438961,5.174370828558789e-05,0.7121476171864056,0.5046899964851095
2021-02-27,2021-03-16,5,0,False,RD,17,9600,500,True,0.013147606375282023,0.7418405053669539,0.536008144530687,0.02966415258357816,0.704290827344274,0.4609776904816769,0.022747555647645686,0.8013014116466167,0.6341187793054148,9.345929648741288e-05,0.7057675092560971,0.47847950579930565,8.525797341683371e-05,0.7560022732208278,0.5704566025363507
2021-02-27,2021-03-19,6,0,False,RD,20,9600,500,True,0.0106141406743097,0.7618502400351748,0.5626929095810151,0.021641984150906058,0.7458134981004255,0.5279242847100528,0.020639090035358965,0.7886953229947267,0.5779907119966492,9.816473896013365e-05,0.7164830716734172,0.5108071504645377,7.732377201364773e-05,0.7964090673721299,0.6340494911528209
2021-02-27,2021-03-22,7,0,False,RD,23,9600,500,True,0.011314791514750408,0.7654309078641004,0.5636313042073362,0.02608151578048195,0.7383379376336947,0.5288893334981617,0.01900985807201007,0.848637428435202,0.6604094536198564,6.418168004018866e-05,0.7191979355875435,0.5063444127798005,0.00010361052646942829,0.7555503297999613,0.5588820169315263
2021-02-27,2021-03-23,8,0,False,CO,24,9600,500,True,0.005166293852552732,0.7980839298830065,0.6224031606765169,0.010831971501894267,0.8195483804170138,0.652508810015267,0.009750031820703928,0.8473144468911644,0.6839503714431954,4.4991515866760045e-05,0.7292935420352568,0.5310423388178422,3.8180571745975756e-05,0.796179350188591,0.6221111224297631
2021-02-27,2021-03-29,9,0,False,CO,30,9600,500,True,0.006098632386271845,0.7994673263915161,0.6287214786019395,0.014140712636315238,0.7755228684678306,0.5667654811901988,0.010178306301975379,0.8356366887660379,0.6916637052611256,3.735974628721261e-05,0.7821474789110021,0.6113346421330337,3.815086050954953e-05,0.8045622694211936,0.6451220858233997
2021-02-27,2021-03-30,10,0,False,CO,31,9600,500,True,0.007633421198064285,0.7695102823642509,0.5770463761741544,0.017781926761210504,0.765524881445736,0.557631605451796,0.012644645415496964,0.8110856062829458,0.644351790900503,6.412935035035487e-05,0.747141152587617,0.5389977305171487,4.298326519931594e-05,0.7542894891407044,0.56720437782717
2021-02-27,2021-04-02,11,0,False,CO,34,9600,500,True,0.004840448689879425,0.7755194926686997,0.5696766659813961,0.008333741812848764,0.7215739706850576,0.4795170199711183,0.010977162045721862,0.809695324667453,0.64995012124335,2.2545324133743722e-05,0.742045280116652,0.4758321382103433,2.8345576813329245e-05,0.8287633952056359,0.6734073845007726
2021-02-27,2021-04-05,12,0,False,RD,37,9600,500,True,0.011151513118144392,0.7903889064724352,0.6110258272302052,0.02674200706904137,0.7594775163729793,0.5709226737238178,0.017775625026154332,0.8223002802389335,0.6622054038858636,4.7257456317294414e-05,0.7743069428675835,0.5754641207978494,4.1162921064574454e-05,0.8054708864102447,0.6355111105132898
2021-02-27,2021-04-06,13,0,False,CO,38,9600,500,True,0.004667921620934139,0.8291776985611357,0.678048590078415,0.009031569330339355,0.8224047716606446,0.675188054879438,0.00957006666241585,0.8595419609063315,0.7027977584886924,3.714352621150028e-05,0.7997448981114649,0.6373809478676655,3.290696476985272e-05,0.8350191635661016,0.6968275990778641
2021-02-27,2021-04-07,14,0,False,RD,39,9600,500,True,0.010933960186889982,0.8094289172589572,0.6462631082977581,0.025847217495274688,0.802109571794927,0.6102558892749712,0.01770708714358616,0.855364134122211,0.7285440185453407,0.00011126383666253944,0.7585830892465774,0.5718083862665964,7.027227203654536e-05,0.821658873872113,0.6744441391041243
2021-02-27,2021-04-09,15,0,False,CO,41,9600,500,True,0.0037570144675558165,0.8527264622768396,0.7260681161122922,0.008270273321128079,0.8508903916719796,0.7210991630104737,0.006688021581266936,0.8729088960657401,0.7606416207760265,3.2759605548887234e-05,0.8469784804343974,0.7170156340539457,3.700336227936318e-05,0.8401280809352415,0.7055160466087225
2021-02-27,2021-04-12,16,0,False,RD,44,9600,500,True,0.009183583949356295,0.830211764992973,0.6879095584696583,0.016549067106458936,0.8628292417085748,0.7419969097069637,0.020082116874454884,0.8062932343064146,0.6473267849067617,6.53950059819932e-05,0.8009496986498581,0.6402326547622416,3.775681052936748e-05,0.8507748853070445,0.7220818845026665
2021-02-27,2021-04-14,17,0,False,RD,46,9600,500,True,0.01094925429862872,0.799358078922753,0.6264905350633464,0.02476211152016611,0.8226758320945777,0.671852129750198,0.01888917135073334,0.8079033425474622,0.6447376243003426,8.046227941188281e-05,0.7889734017703612,0.6217649714492359,6.527204420354406e-05,0.777879739278611,0.5676074147536089
2021-02-27,2021-04-15,18,0,False,CO,47,9600,500,True,0.005197509869317777,0.8011721860672314,0.632786602709966,0.009127871053001802,0.8271172392798083,0.6679130662079849,0.011613295967479191,0.7309829905117167,0.5095564458745339,2.27008978453916e-05,0.8388563576231154,0.7014130171989983,2.6171558944722267e-05,0.8077321568542855,0.6522638815583468
2021-02-27,2021-04-20,19,0,False,CO,52,9600,500,True,0.004263893497229059,0.8315971133488245,0.680015972218537,0.008024745369187614,0.8455869567782033,0.6902309985635515,0.008979815260487342,0.812575540263136,0.6445348584050572,1.986031133652119e-05,0.8481815997482857,0.715199276476812,3.115304790475455e-05,0.8200443566056728,0.6700987554287277
2021-02-27,2021-04-21,20,0,False,RD,53,9600,500,True,0.013552732838615657,0.7666058275492466,0.5742312024267735,0.029860297845082782,0.6627463373845834,0.3983723875384546,0.024233760181877353,0.8087043232167027,0.6452404563462653,5.58532210726431e-05,0.7704885428282099,0.5771654284226082,6.102010642985617e-05,0.8244841067674903,0.6761465373997659
2021-02-27,2021-04-28,21,0,False,RD,60,9600,500,True,0.01150304873202435,0.7854994853497586,0.6112716745561708,0.02389456295917224,0.7918000317780458,0.6251941426089105,0.022004494431169787,0.7532520180536062,0.5568790974756603,5.457763432479386e-05,0.8326134370880596,0.6866614018320769,5.85599034305715e-05,0.7643324544793229,0.5763520563080355
2021-02-27,2021-05-03,22,0,False,CO,65,9600,500,True,0.004605144495854958,0.8020220997334461,0.6359341255340455,0.010421292256839652,0.8061742815003841,0.6400372163829795,0.007950498545165108,0.8047924196942638,0.6361584000211864,2.035518352005972e-05,0.8403750706135429,0.7035617450295255,2.8431997895011783e-05,0.7567466271255933,0.5639791407024906
2021-02-27,2021-05-04,23,0,False,CO,66,9600,500,True,0.005018599240586229,0.7530756994201261,0.5644252720038057,0.009081092292078789,0.8178493765381969,0.6655709616277004,0.01087433473014235,0.8070380132512394,0.6325052980773499,3.51475702404009e-05,0.7151943641251552,0.5080452343594934,8.382236988337931e-05,0.6722210437659127,0.4515795939506788
2021-02-27,2021-05-05,24,0,False,RD,67,9600,500,True,0.01099120975930832,0.7421580825483848,0.5364307140051905,0.021451616824422648,0.8336404917220909,0.6830761748679359,0.02228051599356348,0.7762990489950273,0.5537645020070643,0.00013304909625670277,0.7118727619208789,0.5014401938285584,9.965712299045026e-05,0.6468200275555424,0.4074419853172031
2021-02-27,2021-05-11,25,0,False,CO,73,9600,500,True,0.005036578256807496,0.7728946930820766,0.5935409036607393,0.009610021568211101,0.8216733103239039,0.6735100838590131,0.010362532808955431,0.8217562843093607,0.6616596695487831,5.977863047502057e-05,0.7434952021378713,0.5425582331864633,0.00011398001958843339,0.7046539755571704,0.4964356280486977
2021-02-27,2021-05-18,26,0,False,CO,80,9600,500,True,0.005223183842952894,0.7975324737430487,0.6148978905783071,0.009963122849794784,0.8434942584066738,0.6620742835648438,0.010798538647399755,0.8508788845923471,0.680081783793546,5.350339468128546e-05,0.7550855221622366,0.5696844804899632,7.757047993575373e-05,0.740671229810937,0.5477510144648756
2021-02-27,2021-05-19,27,0,False,RD,81,9600,500,True,0.015993070129826155,0.6786780632181074,0.4479407153188025,0.036693124285268955,0.7293751800820788,0.49102445201194367,0.026825067607752457,0.7897150821541454,0.5945214160593533,0.00017779682271218102,0.6088734269836216,0.3626494266121497,0.000276291803571021,0.5867485636525838,0.34356756659176324
2021-02-27,2021-05-20,28,0,False,CO,82,9600,500,True,0.0036229610829834457,0.8138860336051561,0.6559960035368615,0.006697466453783641,0.8532684817395638,0.7247174510822313,0.007721956301757294,0.8469733487766082,0.701861782684616,3.231201020175998e-05,0.7787508517968255,0.6050663671407204,4.0109566191088146e-05,0.7765514521076271,0.5923384132398786
2021-02-27,2021-05-25,29,0,False,RD,87,9600,500,True,0.00863100605759272,0.8195440477729974,0.6665725971831599,0.016273636553089367,0.8893684751852926,0.7753902879791894,0.017993097834655716,0.8662132746040538,0.7321830365200238,8.576984303820873e-05,0.782000802567214,0.6105797689740581,0.00017151999958759485,0.7405936387354288,0.5481372952593682
2021-02-27,2021-05-26,30,0,False,RD,88,9600,500,True,0.01131604225331379,0.7984367713986822,0.6380317023535873,0.02799852062446066,0.7913824018396507,0.625385454133349,0.01709988646507697,0.8489613332461001,0.719668976804767,7.595001150040848e-05,0.8044248810497272,0.646412549161217,8.98119122171172e-05,0.7489784694592505,0.560659829315016
2021-02-27,2021-06-01,31,0,False,CO,94,9600,500,True,0.0029041361062960417,0.8395381877424832,0.7002420294157992,0.005946969104545627,0.8710837495414253,0.7442663100716829,0.005591798215787076,0.8862125346821741,0.7760811241191177,3.935803301126308e-05,0.8039994754380981,0.6463935665925515,3.841907184020051e-05,0.7968569913082353,0.6342271168798443
2021-02-27,2021-06-04,32,0,False,RD,97,9600,500,True,0.010812344882064593,0.7545790365095996,0.5701581153186772,0.023448761558801726,0.7595338841583903,0.5758235297281804,0.019577332960522043,0.8243219639661918,0.6741657256732694,0.00014233812685860266,0.6724433859446686,0.45140450599830395,8.094688207600038e-05,0.7620169119691477,0.5792386998749548
2021-04-05,2021-04-05,0,0,True,RD,0,960,50,True,0.01160298260767917,0.7810093173296315,0.6000535229757809,0.0291546826779045,0.7398863861083991,0.5322111291209741,0.017166992281534274,0.8253672515031811,0.673771402372458,5.1098755694668515e-05,0.7496622891451774,0.5409559281117485,3.915671558324595e-05,0.8091213425617683,0.6532756322979427
2021-04-05,2021-04-06,1,0,False,CO,1,960,50,True,0.010773005262019028,0.6814196389086505,0.39822782099350473,0.021350861768831407,0.5491221679484571,0.23213622267861256,0.02163931613199289,0.7263386787021866,0.32798239698190446,5.2626026659959736e-05,0.7070982513288548,0.48623079574450656,4.921712059185809e-05,0.7431194576551036,0.5465618685689955
2021-04-05,2021-04-07,2,0,False,RD,2,960,50,True,0.021798658947841835,0.7220727476862473,0.42116476542972947,0.049732106474504885,0.6977691380986902,0.25010126850474856,0.03722443379722902,0.7361944288208556,0.4293361110960059,0.00013803319000965398,0.7086416603757094,0.4687882770188281,0.00010006232962377366,0.7456857634497339,0.5364334050993352
2021-04-05,2021-04-09,3,0,False,CO,4,960,50,True,0.009118769628089923,0.6830690574501855,0.44772957296593113,0.020781148521689285,0.5926738999903882,0.29919127321994843,0.0155792810930556,0.6698710589077246,0.44243130399676744,5.6321850829726895e-05,0.7267120242155363,0.5134800013945864,5.8327046785080204e-05,0.7430192466870931,0.5358157132524222
2021-04-05,2021-04-12,4,0,False,RD,7,960,50,True,0.015594796605137868,0.7364103785552765,0.5362197121148704,0.02930299061201554,0.7371513928507114,0.5431608268856953,0.032944088150365716,0.6640172949131979,0.42145055927427444,8.211609763062926e-05,0.742432972567049,0.5482424077766614,4.9991560539594914e-05,0.8020398538901476,0.6320250545228501
2021-04-05,2021-04-14,5,0,False,RD,9,960,50,True,0.021158248430348903,0.6776464817447949,0.3715537124357484,0.042293310995756346,0.6656222992379839,0.4395284134889934,0.04213511722422175,0.6202243286360658,0.2075342233115256,0.00010099834237881417,0.724889103707582,0.5252295710182303,0.00010356715903870886,0.6998501953975481,0.31392264192424413
2021-04-05,2021-04-15,6,0,False,CO,10,960,50,True,0.009224600130986348,0.6757605656599395,0.3936881452630289,0.017788110735964827,0.6268289860453601,0.3528393293508745,0.01903660390978306,0.613473021567102,0.19606116074734614,3.6657339393877814e-05,0.7199180593481929,0.5178426667669336,3.702853880362526e-05,0.7428221956791032,0.5080094241869615
2021-04-05,2021-04-20,7,0,False,CO,15,960,50,True,0.006952181826310326,0.7200797756876266,0.48434062368285646,0.012147901266205484,0.7386687397205727,0.5310700749172814,0.01558115187588136,0.6894037589966227,0.38322157003128654,3.551636628242928e-05,0.7125502734450475,0.4906884065029862,4.415779687202485e-05,0.7396963305882632,0.5323824432798716
2021-04-05,2021-04-21,8,0,False,RD,16,960,50,True,0.018221250263687067,0.6383936076233028,0.38812549340443003,0.03129549321782956,0.6122321592255038,0.36945595910893414,0.04139934849062542,0.6692869968917289,0.3939523265118636,8.911045458518204e-05,0.5871693135667121,0.32539287503962344,0.0001010488917081206,0.6848859608092663,0.46370081295729915
2021-04-05,2021-04-28,9,0,False,RD,23,960,50,True,0.02434169424323754,0.6717219586957661,0.3158847519428394,0.04431931784247723,0.6319496918165454,0.30481507649582307,0.05289660010244693,0.5957823505426286,-0.06521825580608365,7.7227376252525e-05,0.7499831764024264,0.5566257476249759,7.363165177346685e-05,0.7091726160214642,0.46731643945664225
2021-04-05,2021-05-03,10,0,False,CO,28,960,50,True,0.008797012331783805,0.6747350356320615,0.35353793692660895,0.016060761113496913,0.7001392846484522,0.44524382054173683,0.019049931938644186,0.6330427476853984,0.12821093209823797,3.4960370152895914e-05,0.7164515738039906,0.490862309787914,4.23959048412334e-05,0.6493065363904047,0.349834685278547
2021-04-05,2021-05-04,11,0,False,CO,29,960,50,True,0.009134694226375915,0.6125188562795341,0.355915673706775,0.015843903114821024,0.6481086537314151,0.4165171862227004,0.02054912139306964,0.6138828660078297,0.30554894358860485,4.6255426334129624e-05,0.5944580065218248,0.3525703977212139,9.949697127886854e-05,0.5936258988570664,0.3490261672945808
2021-04-05,2021-05-05,12,0,False,RD,30,960,50,True,0.017483843970037747,0.6331273570867803,0.3716845031002617,0.03933748509634,0.65270575734263,0.41883232626018285,0.030307164094810594,0.6833998911675783,0.3930063169763055,0.00018353390054958103,0.5932769034054254,0.31226420578352476,0.00010719278845080923,0.6031268764314874,0.36263516338103374
2021-04-05,2021-05-11,13,0,False,CO,36,960,50,True,0.010782387418934088,0.6176811739150803,0.32340736304912177,0.016678411831318168,0.7189234280935763,0.4333692966741638,0.02621351491104424,0.5611701829285942,0.14411954482538925,7.236281547911728e-05,0.6694273515310202,0.44626074733844157,0.00016526011789483086,0.5212037331071305,0.26987986335849257
2021-04-05,2021-05-18,14,0,False,CO,43,960,50,True,0.010729531544891377,0.654571714959342,0.3519766614912001,0.015010085534867585,0.701199524723109,0.49089316827729557,0.027722158023078536,0.7002610647285519,0.17870152307393006,8.043065337144415e-05,0.5943142829818329,0.3531147211081386,0.00010545196824793874,0.6225119874038739,0.3851972335054362
2021-04-05,2021-05-19,15,0,False,RD,44,960,50,True,0.02350853094415067,0.5565636370115725,0.2694879855799964,0.047388281323002504,0.6170481187049714,0.34267040693859574,0.04609037148720997,0.6740881567238682,0.3033136453855113,0.00020540843493949468,0.5244699147262204,0.26366972260624877,0.00035006253145071855,0.41064835789122994,0.16829816738962977
2021-04-05,2021-05-20,16,0,False,CO,45,960,50,True,0.007375050022608825,0.6855342924113199,0.4373775679919563,0.01366844299193905,0.6745432158387287,0.43819295661682367,0.015734061930674444,0.6937225874501969,0.39252114466464794,4.28693172575354e-05,0.6957596626243728,0.47602965284427634,5.482585056427033e-05,0.6781117037319813,0.4427665178420772
2021-04-05,2021-05-25,17,0,False,RD,50,960,50,True,0.014194215630503175,0.7437023709755517,0.5271842461233391,0.03156934274423323,0.8168197071683554,0.5642780297239471,0.024873055581375043,0.8018437107391494,0.6297788029895409,0.0001071379901646416,0.71792544546962,0.5135621168971516,0.00022732620623978157,0.638220620525082,0.4011180348827168
2021-04-05,2021-05-26,18,0,False,RD,51,960,50,True,0.019280621188407072,0.6715707448375545,0.44254722156873444,0.046894434678225204,0.6179998786122718,0.37256194402967435,0.029995823755541804,0.7353451192802833,0.5082563862544887,0.00010738856671593776,0.7088703349548671,0.5000494561595322,0.00012483775314533672,0.6240676465027961,0.3893210998312424
2021-04-05,2021-06-01,19,0,False,CO,57,960,50,True,0.006702751525766064,0.6884034527512015,0.43841896306879913,0.013106673423155744,0.6914646530231887,0.4363821472307582,0.013581061577943868,0.7432720621032489,0.45615776456014545,6.480437991579439e-05,0.6485912481785465,0.4177746219012598,5.8466722048850796e-05,0.6702858476998222,0.4433613185830332
2021-04-05,2021-06-04,20,0,False,RD,60,960,50,True,0.013568368526737658,0.6787819590361609,0.4557622979190348,0.029308154825841985,0.6955454468775121,0.46983001072228325,0.024680285167942954,0.7813703036854525,0.5892350186774866,0.00018275446532827193,0.5452171623401445,0.29563302257465573,0.00010227964783742187,0.6929949232415344,0.4683511397017136
2021-04-05,2021-06-08,21,0,False,RD,64,960,50,True,0.018710383415323186,0.6666484232551968,0.34782722757513607,0.028234855887191504,0.8066681450033774,0.5441198362547783,0.04621904800212497,0.6586177481590976,0.16268029646628046,0.0001708260141501089,0.622303261850086,0.3640425188784152,0.0002168037578261636,0.5790045380082263,0.32046625870107015
2021-04-05,2021-06-14,22,0,False,CO,70,960,50,True,0.008601725286472465,0.6413191190597965,0.36828848056245794,0.017235901480716548,0.5632830278743632,0.24270842850117424,0.017053080671442896,0.6989334407631684,0.39568399900770335,6.455573343387378e-05,0.6102104880046765,0.36516974152130743,5.33632602965341e-05,0.692849519596978,0.46959175321964675
2021-04-05,2021-06-15,23,0,False,CO,71,960,50,True,0.008559074005868503,0.5977925826403607,0.36031936432244616,0.010411630292008131,0.8100384883886805,0.6360466968661153,0.023585490400949954,0.40464710646353025,0.11516314728775057,0.00010019612262905935,0.6608052758147734,0.43053617073073425,0.00013897920788687027,0.5156794598944587,0.25953144240518455
2021-04-05,2021-06-16,24,0,False,RD,72,960,50,True,0.014867836736787262,0.7306349102791694,0.5185549055465741,0.02588862778186601,0.7833875354707984,0.6046374507572696,0.03329826479827002,0.7331123489104567,0.5172963778309615,0.00018924034129864326,0.6803088067912473,0.42755193298514815,9.521402571437545e-05,0.7257309499441751,0.5247338606129172
2021-04-05,2021-06-17,25,0,False,RD,73,960,50,True,0.015211280678355005,0.7109080592664911,0.4308772241648463,0.0334343833811702,0.7525906321905816,0.3522596429795254,0.027124324476687504,0.7936615184920276,0.555571483567517,0.0001380127734251521,0.6310987640886208,0.39251263861437014,0.00014840208213716472,0.6662813222947347,0.42316513149797264
2021-04-05,2021-06-24,26,0,False,RD,80,960,50,True,0.015607905283507506,0.6943795690897607,0.46618320513303935,0.041214134201279014,0.6212185562042029,0.3355916305184108,0.020930838325627702,0.7987718416063814,0.6132064924599762,0.00016359292766427838,0.6449626439157752,0.410071409860303,0.00012305567945902619,0.7125652346326834,0.5058632876934673
2021-04-05,2021-06-26,27,0,False,RD,82,960,50,True,0.014467974665604776,0.7231497829060685,0.49913688620040486,0.030409094132557445,0.8245468685635773,0.6507866963757801,0.027232616774767387,0.7232803759090296,0.49987787062598976,0.00015107887117502848,0.73343783079165,0.5016539228831632,7.910888391924393e-05,0.6113340563600169,0.3442290549166862
2021-04-05,2021-06-28,28,0,False,CO,84,960,50,True,0.0074916862562474954,0.7383196444362736,0.4708075597402068,0.016700888316298033,0.7204642905280465,0.3642185642180712,0.01315049124100759,0.7986078058474045,0.5054732986760679,7.066297654099353e-05,0.6764927774804563,0.4444637266328123,4.470249114336785e-05,0.7577137038891867,0.5690746494338758
2021-04-05,2021-06-29,29,0,False,RD,85,960,50,True,0.024906463658023036,0.7406968060529164,0.2964030079529471,0.045380681793957184,0.7940886480594374,0.3118540539686686,0.05397696585606272,0.7626311263016655,-0.08093880911394202,0.00014616537540641209,0.7240918567597543,0.5070021426108946,0.00012204160666582022,0.6819755930908087,0.44769464434616724
2021-04-05,2021-06-30,30,0,False,RD,86,960,50,True,0.012250608830829584,0.7459430253755592,0.543409118016928,0.023195877125076734,0.7998916642320513,0.626499904233488,0.025509211961115743,0.7481878234088188,0.5296093292541093,0.00017860478972425662,0.7104493627990883,0.5019311827983892,0.00011874144740159989,0.7252432510622782,0.5155960557817257
2021-04-05,2021-07-01,31,0,False,RD,87,960,50,True,0.01909153146196228,0.7062338337722998,0.4653303520120555,0.04529760718461075,0.6552173107538775,0.4187039669059923,0.03080969316037064,0.7429154271859085,0.4374028745388334,0.00014445690163316914,0.722263039232387,0.5124949440399644,0.00011436860123454949,0.7045395579170259,0.49271962256343205
2021-04-05,2021-07-03,32,0,False,RD,89,960,50,True,0.016311111308656354,0.689751837048818,0.4476994007765299,0.032328525188250794,0.6552084164561265,0.35029391174463764,0.03268279630285715,0.7529965249493443,0.5372343282839012,0.00010055436613655525,0.646931182912325,0.41046401265029875,0.00013256937738091073,0.7038712238774758,0.49280535042728213
2021-04-05,2021-07-06,33,0,False,CO,92,960,50,True,0.00893212149870667,0.6421557610295316,0.38798236987014123,0.02099267862046337,0.5558199706889964,0.2864242371690582,0.014616891566927512,0.665273787712422,0.40391526021197266,5.926101021500432e-05,0.6957295251806608,0.48388963618394343,5.965479722078792e-05,0.6517997605360473,0.37770034591559065
2021-04-05,2021-07-07,34,0,False,RD,93,960,50,True,0.016952235744969624,0.6701919543456212,0.4202567246729536,0.03431698689752568,0.6870720210389722,0.3669232735459548,0.03321140421362918,0.7071484574772102,0.490110569228287,0.00013623512472048303,0.6643213030253012,0.4372173953402143,0.0001443167440031529,0.6222260358410008,0.38677566057735824
2021-04-05,2021-07-08,35,0,False,RD,94,960,50,True,0.0142886031300083,0.7738006971351943,0.5487884052374363,0.03027399332322729,0.7957140912499032,0.6112822205228883,0.026612080788287452,0.8018335406455361,0.4676944095865989,0.00014261732241206885,0.7857901851274356,0.6101295847130247,0.00012572108610638618,0.7118649715179022,0.5060474061272331
2021-04-05,2021-07-09,36,0,False,CO,95,960,50,True,0.00971708061428904,0.7432916523412105,0.3788331518332211,0.025400587775704322,0.6946997827637551,-0.030543113086886287,0.013346761697748758,0.7760337679680539,0.4275317892881675,6.345892122467719e-05,0.7576829131148283,0.5712565916015238,5.7514062478398965e-05,0.7447501455182048,0.5470873395300793
2021-04-05,2021-07-12,37,0,False,RD,98,960,50,True,0.015133682811953224,0.7301274183654125,0.5031185768297993,0.03311311897627385,0.7623584232955112,0.5057789534107704,0.027187316357527087,0.713622167932652,0.48197947379262096,0.00011219997124826839,0.7406851768521456,0.5322132725172967,0.00012209594276368728,0.7038439053813412,0.4925026075985094
2021-04-05,2021-07-13,38,0,False,CO,99,960,50,True,0.008093376272406057,0.6944410032686749,0.4714352310930516,0.01873890041797329,0.6368524157482998,0.3665196523781007,0.013495253271544393,0.7456560110814553,0.5515715295125085,8.261601846219625e-05,0.6707035708949822,0.44389391244090426,5.673538164435067e-05,0.7245520153499617,0.5237558300406928
2021-04-05,2021-07-14,39,0,False,CO,100,960,50,True,0.007164724996867433,0.7064898645032693,0.43880739857128764,0.014874007558770205,0.6588999916944159,0.1959773551402405,0.013695055784023103,0.7070259933972711,0.49885393507884535,4.3269937619362456e-05,0.6835165795267175,0.4633423262160006,4.6566707057061826e-05,0.7765168933946731,0.5970559778500641
2021-04-05,2021-04-05,0,0,True,RD,0,1920,250,True,0.010791314464508693,0.7878436475841387,0.616504397081108,0.027169002120741286,0.7546833889947538,0.5640715090134224,0.01590709915210663,0.8373922384933649,0.6977134629287421,4.899547679712142e-05,0.7559482262871153,0.5598506682344986,4.016110838973835e-05,0.8033507365613208,0.644381948147769
2021-04-05,2021-04-06,1,0,False,CO,1,1920,250,True,0.009923543051214888,0.7198326298348242,0.4549841045095847,0.016645048908041207,0.6422264498662761,0.4013763815900858,0.022957642410152333,0.7225408881306838,0.28704124800840947,4.6697569819235766e-05,0.7472727166964697,0.5441082139505673,4.4783316846780415e-05,0.7672904646458671,0.5874105744892764
2021-04-05,2021-04-07,2,0,False,RD,2,1920,250,True,0.013557556377188635,0.7619945860706392,0.567198219398612,0.03052940886171404,0.7562051630367872,0.5396542273865714,0.023482293825928955,0.8025620667875054,0.6400080337531313,0.00012940554320113137,0.7182990449646749,0.501991212675881,8.911727791041427e-05,0.7709120694935894,0.5871394037788646
2021-04-05,2021-04-09,3,0,False,CO,4,1920,250,True,0.008709199888915461,0.7072150919969367,0.4853626848423981,0.01869135153223169,0.6250581885848702,0.3696661060176648,0.01604274637714081,0.6855348161162382,0.4258442912490902,5.402038238331795e-05,0.7343618713548785,0.5333605701053414,4.868126390602429e-05,0.7839054919317601,0.612579771997496
2021-04-05,2021-04-12,4,0,False,RD,7,1920,250,True,0.01313252355365699,0.772518418397148,0.5878840021969718,0.024563230363069444,0.7857481846808673,0.6170545867943071,0.02784192339850977,0.7373697982885774,0.5110525100158978,7.695580225932117e-05,0.7603255565189299,0.5766315139247578,4.798465078942754e-05,0.8066301341002173,0.6467973980529245
2021-04-05,2021-04-14,5,0,False,RD,9,1920,250,True,0.01762329856168796,0.7162197288688097,0.453489566936504,0.03578748295937277,0.7266404702899051,0.5257437434139917,0.03451608545598014,0.6650658531137067,0.35083089187669236,0.00010061577090247227,0.7370071561119633,0.5270279532457106,8.90100604964514e-05,0.7361654359596638,0.41035567920962157
2021-04-05,2021-04-15,6,0,False,CO,10,1920,250,True,0.007540058511639047,0.7224237862099597,0.49217106712030584,0.013784973637638611,0.7066817224805215,0.49848002878812536,0.016311672755564943,0.633638416348358,0.3111383036845746,2.9483294495723105e-05,0.783411637377541,0.6122035345708379,3.410435885691118e-05,0.7659633686334182,0.5468624014376855
2021-04-05,2021-04-20,7,0,False,CO,15,1920,250,True,0.006134236380432866,0.7572801468759273,0.5499761215565018,0.011666448204500796,0.7838520133104091,0.5496549928556659,0.012801643409642969,0.7187993430461588,0.4932481509636599,3.0357775273230305e-05,0.7549902197047409,0.5646636039148423,3.849613231447083e-05,0.7714790114424002,0.5923377384918393
2021-04-05,2021-04-21,8,0,False,RD,16,1920,250,True,0.017441894063682083,0.6843647773175494,0.4396930744856622,0.03665871924926244,0.5936235477039625,0.2613972622693136,0.03294801748627618,0.7231649454373426,0.5176718940848613,7.364534968390488e-05,0.6781490060537887,0.44247083186553404,8.719416950579954e-05,0.7425216100751042,0.5372323097229399
2021-04-05,2021-04-28,9,0,False,RD,23,1920,250,True,0.01865538013942675,0.7141996458358169,0.4433101867933324,0.036284055457538,0.6962166090247501,0.4308547706595304,0.03820008348616822,0.661535317306817,0.2307364514170247,7.066856229104406e-05,0.7740747510373434,0.5942809079806717,6.67130517097333e-05,0.7249719059743567,0.5173686171161027
2021-04-05,2021-05-03,10,0,False,CO,28,1920,250,True,0.007040841358746013,0.7231336895224099,0.49753024885054664,0.015632498133649683,0.7042876791456982,0.46003649025549054,0.012470953869488046,0.696782505528529,0.42928713421426334,2.5384219918120477e-05,0.794076518774613,0.6303224754078602,3.4529211928203835e-05,0.6973880546407989,0.47047489552457256
2021-04-05,2021-05-04,11,0,False,CO,29,1920,250,True,0.006917310759280333,0.6813124126971564,0.4611275685436964,0.012904451655270125,0.7298155580369665,0.5247682526519162,0.01463248441380865,0.7133916085000609,0.5054998184730295,4.2944950587229456e-05,0.6375084875849597,0.39890658281411195,8.936201745532773e-05,0.6445339966666379,0.4153356202357279
2021-04-05,2021-05-05,12,0,False,RD,30,1920,250,True,0.01600115699520854,0.6491213435607144,0.40598953867206156,0.03486025447515532,0.7074834209475845,0.48497843851260725,0.028865659834659708,0.6758343767655988,0.4218768499376244,0.00017024220833545834,0.6158143253869248,0.3620706582916876,0.0001084714626836657,0.5973532511427492,0.35503220794632695
2021-04-05,2021-05-11,13,0,False,CO,36,1920,250,True,0.009910790113014455,0.6580061643507482,0.3902702328114546,0.017386723463907516,0.7079631260637623,0.409305187776557,0.02205082606616227,0.6042155125301134,0.2800327955053581,6.79806371890843e-05,0.6933153927622167,0.47979432553445356,0.00013763028479895617,0.6265306260469006,0.3919486224294497
2021-04-05,2021-05-18,14,0,False,CO,43,1920,250,True,0.008108854431979774,0.729858221929188,0.483340295537114,0.012720332546472769,0.768090778833425,0.5685562093466724,0.01955870361887627,0.7671997453764596,0.42055256017736087,6.50892991003882e-05,0.694017924299752,0.47650171126945806,9.129226346967034e-05,0.6901244392071156,0.46775070135496466
2021-04-05,2021-05-19,15,0,False,RD,44,1920,250,True,0.019183962521630318,0.5851382112983063,0.32756849837674284,0.04144899694329488,0.6638259353931243,0.42505506566421436,0.03472756678058571,0.7328730689479257,0.4750699305664884,0.0002159590060091158,0.49693153145658686,0.22584895383088188,0.00034332735663156785,0.4469223093955884,0.18430004344538664
2021-04-05,2021-05-20,16,0,False,CO,45,1920,250,True,0.006327577110736548,0.7335142043136356,0.5051370210702977,0.010850823298656683,0.7467803066050551,0.5540041422942799,0.014371017249856193,0.728763770377874,0.4451471497053513,3.85865444077e-05,0.7276532385328804,0.528375855687591,4.988135002561709e-05,0.7308595017387327,0.4930209365939686
2021-04-05,2021-05-25,17,0,False,RD,50,1920,250,True,0.011642821704527994,0.7583479647626707,0.5672391625076841,0.02443026473425077,0.8201973207255736,0.6628120144719261,0.021815066016539358,0.8459268450363471,0.6752952275170807,0.00011041481330819288,0.7082982979067478,0.4986843792169692,0.00021554125401365777,0.6589693953820144,0.4321650288247607
2021-04-05,2021-05-26,18,0,False,RD,51,1920,250,True,0.015942760184689462,0.7115876116899374,0.5061108176836149,0.04216611687713814,0.6622918408857563,0.4358258803470795,0.021382788421799956,0.8119818152441877,0.6494562130987003,0.0001092012496305231,0.7018159604916657,0.49161045900488676,0.00011293419018922696,0.6702608301381403,0.4475507182837931
2021-04-05,2021-06-01,19,0,False,CO,57,1920,250,True,0.004581373544620911,0.7490981468899864,0.5489882185752496,0.009699377676869333,0.780681904976178,0.582903896134557,0.00851266105724274,0.8282103802656043,0.6591176181373603,6.358182922951021e-05,0.6557168395536658,0.42875844794035756,4.987361514206053e-05,0.731783462764498,0.5251729120887235
2021-04-05,2021-06-04,20,0,False,RD,60,1920,250,True,0.012912387413515882,0.6978442562607075,0.484185393597092,0.026753194956167816,0.724521375721445,0.5160479679686325,0.02462580966621548,0.7814362116607081,0.5901416787220264,0.0001762458825453227,0.5703899338714922,0.3207182141945367,9.429914913490867e-05,0.7150295037891847,0.5098337135031726
2021-04-05,2021-06-08,21,0,False,RD,64,1920,250,True,0.012428800799088072,0.7159086827718917,0.49509291328327865,0.020725209934714703,0.8265291164921826,0.6653706278352944,0.02864613213544317,0.7429740837287976,0.48103710691024515,0.00014997692540228062,0.6645858500288343,0.441660287048655,0.00019388420079213998,0.6295456808377522,0.39230363133892
2021-04-05,2021-06-14,22,0,False,CO,70,1920,250,True,0.007503348767554086,0.6921034513556528,0.4320759074977577,0.016516700381697256,0.6219526233575252,0.2743078740601633,0.013388265319223032,0.7662218649265125,0.5255553460504363,5.846617456994799e-05,0.6665996970340335,0.42505344234808395,4.996319472611206e-05,0.7136396201045396,0.5033869675323472
2021-04-05,2021-06-15,23,0,False,CO,71,1920,250,True,0.007160769903706309,0.6643742700653487,0.4442837603966444,0.01003097693025982,0.8111256339946957,0.6493529749870026,0.018395923730919823,0.5646075462500287,0.3098557214588987,8.518940301969992e-05,0.7231720958893871,0.5158267367654474,0.0001309895506258919,0.5585918041272833,0.3020996083752291
2021-04-05,2021-06-16,24,0,False,RD,72,1920,250,True,0.014282529237187279,0.7626450885642508,0.5666679814863388,0.024636418839006215,0.7972592909200784,0.6237607710044855,0.03225807021244239,0.7499515559821776,0.5323754126509892,0.000145778981263771,0.7528207132725417,0.5590216363848932,8.98489160367434e-05,0.7505487940822058,0.5515141059049873
2021-04-05,2021-06-17,25,0,False,RD,73,1920,250,True,0.012311511923073193,0.7606996270368361,0.5155874886138312,0.026524926968007425,0.8084111299687698,0.4861198584605749,0.022465413675066246,0.8461169874538224,0.6319071289965996,0.00011997362459916517,0.6886950141529443,0.4719151073132879,0.00013573342461993426,0.6995753765718082,0.4724078596848621
2021-04-05,2021-06-24,26,0,False,RD,80,1920,250,True,0.013329122894988395,0.7291115961707577,0.5237273160758003,0.0343290920310774,0.6834077810981596,0.4465846121924907,0.018721322991974383,0.8188070808578203,0.654037450712653,0.00015319999472229227,0.6724709619397765,0.44754911971866773,0.00011287656217950478,0.7417605607872745,0.5467380816793892
2021-04-05,2021-06-26,27,0,False,RD,82,1920,250,True,0.014659102748718254,0.7204710290349011,0.49950411627243785,0.02942684938910056,0.8192833874794786,0.6620666421161847,0.028986455726855164,0.7151606293011226,0.4676689324048954,0.00014380419613925014,0.725764808477666,0.5256500365566623,7.930168277804618e-05,0.6216752908813373,0.342630854012009
2021-04-05,2021-06-28,28,0,False,CO,84,1920,250,True,0.008239038905216964,0.7337443765246396,0.4466388213637454,0.01683198240945471,0.7030203124739265,0.359227979933501,0.016011175818924805,0.7832742128559951,0.39789671602840293,6.67623162151345e-05,0.7022285663315448,0.475129832239641,4.623507627320883e-05,0.7464544144370919,0.5543007572534366
2021-04-05,2021-06-29,29,0,False,RD,85,1920,250,True,0.019544494380489188,0.751807394319765,0.4066035740716584,0.035795590039114054,0.8288440605538966,0.4572009675161849,0.04212891470093156,0.7369471410723295,0.15632940525920902,0.00013879709145918017,0.7316012491466908,0.5318544593002583,0.00011467569045195055,0.709837126506143,0.48102946421098136
2021-04-05,2021-06-30,30,0,False,RD,86,1920,250,True,0.01177701094639823,0.7684566832646742,0.5627767890935209,0.024147787035042452,0.823856121870731,0.6111722474858619,0.022677781027869735,0.7912568428171097,0.5818210047025891,0.00016305082743663186,0.7410879370163568,0.5453059635719398,0.00011942489524410011,0.7176258313544995,0.512807940613693
2021-04-05,2021-07-01,31,0,False,RD,87,1920,250,True,0.015871729621163025,0.7416541026498077,0.5278696494556193,0.03795668207950692,0.7230669038705924,0.5129087363863283,0.025284940979078626,0.7867055247013891,0.5382870242089175,0.00013979582559515077,0.7273861416501941,0.5282248822364679,0.00010549960047140406,0.7294578403770555,0.5320579549907636
2021-04-05,2021-07-03,32,0,False,RD,89,1920,250,True,0.014184377197064897,0.7109681584376498,0.49244687897398964,0.02730269102446551,0.6854129488560494,0.4512980570237368,0.0292068681598055,0.7872602805700972,0.5864510540209082,9.614911317164064e-05,0.664851845421989,0.43629138600044526,0.00013180049081693693,0.7063475589024636,0.495747018850868
2021-04-05,2021-07-06,33,0,False,CO,92,1920,250,True,0.008320499577944503,0.6902091120127571,0.4285248792667622,0.020556279590249596,0.6481627040552111,0.30125815981959236,0.012613957939385136,0.707360395196968,0.4855959763012725,5.4045833856227e-05,0.7277151150692969,0.5293091549894458,5.771494828705364e-05,0.677598233729553,0.3979362259567383
2021-04-05,2021-07-07,34,0,False,RD,93,1920,250,True,0.014629654762243701,0.7015488601872462,0.47146461762128977,0.025880434479007185,0.7415592615043862,0.5225600432781699,0.03236677227070064,0.7492659850482385,0.503078069723635,0.00011416772259604125,0.7290654015391943,0.5283770729281265,0.0001572445766709409,0.5863047926571658,0.3318432845552277
2021-04-05,2021-07-08,35,0,False,RD,94,1920,250,True,0.012125202730306015,0.788864334030413,0.5811368467035501,0.024272104961083098,0.8298777301793548,0.6883464086494087,0.023959192500149808,0.8097376876759976,0.5207585528135885,0.00014586524764748204,0.784272363338155,0.6012507897746867,0.00012364821234367188,0.7315695549281442,0.5141916355765165
2021-04-05,2021-07-09,36,0,False,CO,95,1920,250,True,0.005191677716168178,0.7732739582094097,0.5831601464036591,0.011846401822948771,0.7535526969113421,0.5193722318041408,0.008809278100396256,0.7938939747139366,0.6221531644902748,5.8523652236537304e-05,0.7794088590179409,0.6046004305212997,5.2507289091147204e-05,0.7662403021944192,0.586514758798921
2021-04-05,2021-07-12,37,0,False,RD,98,1920,250,True,0.012223135791564298,0.7499797180453656,0.5509229917188659,0.02861777308760091,0.7738558760019122,0.5728730423569797,0.02003756911822759,0.7884294529387859,0.6182090221027935,0.00011464677185414776,0.7351585157164744,0.522012014571389,0.00012255418857454786,0.7024750275242901,0.4905978878443015
2021-04-05,2021-07-13,38,0,False,CO,99,1920,250,True,0.007284777179772798,0.7184885240495531,0.5078896396394441,0.017506227641234624,0.6700267310637755,0.4081909330666673,0.011498529519624033,0.7869432519246793,0.6179198788204592,8.010758259595624e-05,0.6788615082493549,0.46077873068115804,5.4243975636575756e-05,0.7381226049604027,0.544669015989492
2021-04-05,2021-07-14,39,0,False,CO,100,1920,250,True,0.005624409771787642,0.7342487041835979,0.5189927016037748,0.01216171688592041,0.6422864205947528,0.3425917165890022,0.010251470164258378,0.8012885476898939,0.6248657899978626,4.286409219167976e-05,0.6924335896256802,0.4683758454471124,4.158794478009979e-05,0.800986258824065,0.640137454381122
2021-04-05,2021-04-05,0,0,True,RD,0,3840,250,True,0.011505352866030636,0.7810935374500062,0.6040676566095382,0.028745355037841237,0.7419613384638946,0.5387788190073706,0.01718689445412862,0.8227564577452781,0.6733931964672699,4.966616149913529e-05,0.7524785861557857,0.553825593213,3.9495810653543595e-05,0.8071777674350663,0.6502730177505125
2021-04-05,2021-04-06,1,0,False,CO,1,3840,250,True,0.008247222986619205,0.7337057349218263,0.5120481147849647,0.01839934238122698,0.6104529764354032,0.33828485734926306,0.014501067027431626,0.7934682233374415,0.5496635732137682,4.469366457393485e-05,0.7545809940424903,0.5636716290252795,4.378887324427994e-05,0.7763207458719706,0.596572399551548
2021-04-05,2021-04-07,2,0,False,RD,2,3840,250,True,0.012488288379242004,0.7807405944510111,0.5922925035823112,0.0280022352871685,0.7894697267008659,0.5777608830696874,0.02174130217246383,0.818277152742327,0.6666980587224234,0.0001221604962524386,0.73876946153764,0.5298733030081076,8.745556108325133e-05,0.776446036823211,0.5948377695290263
2021-04-05,2021-04-09,3,0,False,CO,4,3840,250,True,0.005746241254583711,0.7929095077734933,0.6259937076867734,0.012134886779269261,0.7697391520984569,0.5907716772957038,0.010765388374600837,0.7884816075508784,0.6147162682191983,4.0484234010057e-05,0.8067473615914393,0.6502886680045263,4.420563045468852e-05,0.8066699098531984,0.6481982172276652
2021-04-05,2021-04-12,4,0,False,RD,7,3840,250,True,0.012042050214667263,0.7889354236994222,0.61229968126703,0.021658140740436562,0.8198543291766023,0.662345484184226,0.026389093049390577,0.7432448496735251,0.5365664711890177,7.567079900428545e-05,0.76974039132921,0.5837008948773856,4.5296269837622686e-05,0.8229021246183513,0.666585874817491
2021-04-05,2021-04-14,5,0,False,RD,9,3840,250,True,0.014510656971131769,0.7533271716655294,0.5281653066266481,0.030408055193754956,0.7753279234560775,0.5970320001934076,0.027462058070192797,0.7333455942637228,0.4835011123322849,9.094261423037141e-05,0.7591986830360535,0.5724992811373706,8.157200634895082e-05,0.7454364859062641,0.45962883284352896
2021-04-05,2021-04-15,6,0,False,CO,10,3840,250,True,0.006693371596967177,0.7468482067262228,0.5420837917201404,0.012423367046962721,0.7582902811529963,0.5480175118554234,0.014291411909603795,0.6638330279124303,0.39645636604415957,2.9130622846280344e-05,0.7854039562733867,0.6168422569880635,2.9576808455912953e-05,0.7798655615660774,0.6070190319929151
2021-04-05,2021-04-20,7,0,False,CO,15,3840,250,True,0.006198098432090228,0.7642971344380032,0.5533057229162403,0.012297641233623683,0.7830257799656721,0.5252898541067417,0.012427679590916358,0.7255926513218987,0.5080514735175168,2.928593514486877e-05,0.7704604190717486,0.5800339996194256,3.778696867600027e-05,0.7781096873926934,0.5998475644212767
2021-04-05,2021-04-21,8,0,False,RD,16,3840,250,True,0.01609770441976349,0.7145361059644891,0.4832482266832633,0.034910375477213824,0.6251816299955163,0.2966230290984557,0.029332596487787205,0.7599908525215995,0.5705982700955987,6.608675230837695e-05,0.7164211397157476,0.4996928903543464,8.175896174454891e-05,0.7565508016250927,0.5660787171846522
2021-04-05,2021-04-28,9,0,False,RD,23,3840,250,True,0.015794486581667554,0.7372388276493517,0.49484000751253887,0.03206423118214747,0.7472865277513268,0.4970461824162522,0.0309753893839679,0.6964145129907218,0.3762255005312102,7.15184954276407e-05,0.7684963524583656,0.5894013110385837,6.680726512721624e-05,0.7367579173969925,0.5166870360641094
2021-04-05,2021-05-03,10,0,False,CO,28,3840,250,True,0.006414607791171385,0.7390914640277483,0.5312427904818813,0.014466551171422412,0.7221193467409404,0.5003095680782226,0.011134179915520197,0.7225626888069128,0.4904624141616376,2.4683399235385857e-05,0.8014867909223065,0.6405287238571722,3.301667850754574e-05,0.7101970296408332,0.49367045583049285
2021-04-05,2021-05-04,11,0,False,CO,29,3840,250,True,0.007546386800493207,0.6859573862751822,0.44304471050913524,0.012801858714232551,0.738748581529219,0.5285464389660129,0.017251836928036265,0.7079127381993708,0.4169796289318509,4.167975625256121e-05,0.6562874068342818,0.4166153000353656,9.017180345145215e-05,0.6408808185378574,0.4100374741033115
2021-04-05,2021-05-05,12,0,False,RD,30,3840,250,True,0.013374244723566927,0.6980040342919722,0.4805578442416736,0.02872480513101002,0.762509147866665,0.575622891607479,0.024519933999471322,0.7285174645794062,0.5089133051420851,0.00015349625606546954,0.6577400867527379,0.42482086819746323,9.874350772089468e-05,0.6432494379690796,0.41287431201966684
2021-04-05,2021-05-11,13,0,False,CO,36,3840,250,True,0.007061834670473053,0.7070081570478524,0.4918911168075689,0.01416809843128688,0.7407856075849815,0.518654434240861,0.013881520686042195,0.7420078887754804,0.5467634812193799,6.935976640858012e-05,0.6860927425427575,0.46924086685168964,0.00012835979815455865,0.6591463892881898,0.432905684918345
2021-04-05,2021-05-18,14,0,False,CO,43,3840,250,True,0.008171369081585217,0.7342917234240391,0.48734481857996664,0.0133825096273474,0.7740098350416953,0.5460967186995096,0.01915072367507014,0.764828506995753,0.43263940082610874,6.406680886913668e-05,0.6967989768469955,0.48472536544459854,8.817621505418235e-05,0.701529574811713,0.4859177893496496
2021-04-05,2021-05-19,15,0,False,RD,44,3840,250,True,0.01725838690263393,0.6349625266172987,0.39232167865227086,0.036864571018432685,0.7126420094063708,0.4886462899812495,0.03166205651403776,0.7555902539950472,0.5214071394828286,0.00019555195815383568,0.5583644572668587,0.29900236261125723,0.00031136811991145047,0.5132533858009181,0.26023092253374813
2021-04-05,2021-05-20,16,0,False,CO,45,3840,250,True,0.005234941081183042,0.7632013366546136,0.574695505603663,0.010252104181066243,0.7715181046838481,0.5786129889250805,0.010609589281130318,0.7760642911488501,0.5903727098268137,3.7261880920818524e-05,0.73814062658659,0.544566558770547,4.080898161478793e-05,0.7670823241991664,0.5852297648922107
2021-04-05,2021-05-25,17,0,False,RD,50,3840,250,True,0.010418476834984477,0.7848562730577586,0.6119964292100348,0.020369482051722558,0.8523824644585741,0.7188591816755348,0.02101211049529706,0.8382895408282148,0.6872467609042001,9.865945147704776e-05,0.7488773957177735,0.5520571680425097,0.0001936553414412347,0.6998756912264719,0.48982260621789486
2021-04-05,2021-05-26,18,0,False,RD,51,3840,250,True,0.014997124274525226,0.7352126122489622,0.5388380273293516,0.03975111803152622,0.6895603100310648,0.4681380766931613,0.02003127626811847,0.8216962820659752,0.6716125464565907,0.00010078711897159859,0.7306688882054189,0.5307826849458606,0.00010531567948461872,0.6989249686933898,0.48481880122179377
2021-04-05,2021-06-01,19,0,False,CO,57,3840,250,True,0.003932205231931099,0.7923376357776546,0.6177057509913624,0.007553834840040102,0.8407476698673215,0.6751672956773953,0.008079588616806422,0.8317608695066391,0.6764596412746957,5.1165786298010754e-05,0.7354060439993977,0.5403085514931669,4.423168457985552e-05,0.76143595973726,0.5788875155201914
2021-04-05,2021-06-04,20,0,False,RD,60,3840,250,True,0.011830559693035463,0.7262026061262629,0.5256644991099043,0.025311505816443005,0.7404763564701775,0.5421274096902846,0.021761815380803576,0.8109180535556602,0.6378084115474258,0.00016117757681196354,0.6157545085875934,0.3787940425758707,8.773999808330776e-05,0.7376615058916204,0.5439281326260361
2021-04-05,2021-06-08,21,0,False,RD,64,3840,250,True,0.010653297150632684,0.7494480174312592,0.5533220151856345,0.01966764631886712,0.840559657898817,0.6824460567409647,0.022634114708932836,0.7835519534780131,0.5899528216816472,0.00014102564491340813,0.6894848496773108,0.47498444918425275,0.0001704019298173679,0.6841956086708956,0.4659047331356735
2021-04-05,2021-06-14,22,0,False,CO,70,3840,250,True,0.006410207361009815,0.7394259278575184,0.5173455385873822,0.012762533959886385,0.7057160851458211,0.4392541980120619,0.012785535261125245,0.7731263448013325,0.5469145025222324,4.9277594323835476e-05,0.7243477887609463,0.5154123998319596,4.3482628703789755e-05,0.7545134927219738,0.567801053983275
2021-04-05,2021-06-15,23,0,False,CO,71,3840,250,True,0.005775871309303842,0.728411621884754,0.5279782811815402,0.008812988089690827,0.8343271829976581,0.6919295023196683,0.014098293896736553,0.7044329092617116,0.4710862573500595,7.610386914802182e-05,0.7547500557707139,0.5674642929279338,0.00011609938163996642,0.6201363395089322,0.38143307212849964
2021-04-05,2021-06-16,24,0,False,RD,72,3840,250,True,0.011827390981233388,0.7951188322676217,0.6285537197502884,0.020539102315106965,0.8300016836349131,0.686333631937573,0.02656169394661803,0.790188091610573,0.6149521316905355,0.00012966926876607546,0.7803551327220537,0.6077531791214257,7.909839444247657e-05,0.7799304211029472,0.6051759362516194
2021-04-05,2021-06-17,25,0,False,RD,73,3840,250,True,0.009201715935551295,0.7767346245184518,0.5870349792178441,0.01862082997132904,0.8142687885872884,0.6392497233719261,0.01794473910165762,0.8613974183257267,0.7059777918682526,0.00011498257285464213,0.7085776809183388,0.4938840945278212,0.00012631209636386863,0.7226946102424532,0.5090283071033763
2021-04-05,2021-06-24,26,0,False,RD,80,3840,250,True,0.010286711180217959,0.7758086696693022,0.5993638937613587,0.02526107658156291,0.7735417468850851,0.5927690577960772,0.015646313124115522,0.8475085467798327,0.7108624012476261,0.00013521776045448067,0.7192616410121573,0.5123944297246223,0.00010423725473891923,0.7629227440001337,0.5814296862771091
2021-04-05,2021-06-26,27,0,False,RD,82,3840,250,True,0.01212876468721079,0.7662394366437852,0.564263856215211,0.02509959847850839,0.8528201617260868,0.7117601180057185,0.02321085973505268,0.7645160827649911,0.5737367183144971,0.00013376153055661536,0.7621958477018409,0.5587765946119196,7.08390047254713e-05,0.6854256543822219,0.41278199392870885
2021-04-05,2021-06-28,28,0,False,CO,84,3840,250,True,0.006774845703478804,0.7420363646071304,0.49668392235843595,0.016757855925107434,0.7016755531449854,0.3620498802872555,0.010225819811740191,0.8308952347685202,0.6154561189270579,7.009178545737856e-05,0.6805092729827493,0.44895430120955615,4.5615291610212854e-05,0.7550653975322668,0.5602753890098744
2021-04-05,2021-06-29,29,0,False,RD,85,3840,250,True,0.013035676050461723,0.783568673257508,0.5459118290892855,0.025079825625850326,0.8537181322170739,0.6196932340073453,0.026833180233937253,0.7894488849770546,0.4626406759476266,0.0001221723123807069,0.7677347457377797,0.5879277970689718,0.00010752602967860338,0.7233729300981244,0.5133856093331981
2021-04-05,2021-06-30,30,0,False,RD,86,3840,250,True,0.009021761303313483,0.7986610417594266,0.6350034030612779,0.019117056078744647,0.8368388516941929,0.692177095193106,0.016713541432722436,0.8324779342571238,0.6918017703933153,0.00015665173778484169,0.7513341659539928,0.5631508770199768,9.979596400200801e-05,0.7739932151323969,0.5928838696387135
2021-04-05,2021-07-01,31,0,False,RD,87,3840,250,True,0.01330420770057497,0.7705148080992854,0.5798667857324988,0.031307706143522525,0.7736342315173065,0.5982338468270036,0.02167973667323271,0.8113738962616656,0.6041194740360398,0.0001268555954669629,0.757559506656555,0.5718948456750959,0.00010253239007768222,0.7394915979616143,0.545218976391856
2021-04-05,2021-07-03,32,0,False,RD,89,3840,250,True,0.012055650222208586,0.7496684973911445,0.5546868784515473,0.023597549382940026,0.7427325614935147,0.5257602562218135,0.024420860465330502,0.8131838607686466,0.6542175953244294,8.837591731347843e-05,0.695890268796323,0.4818645308689735,0.00011581512325033582,0.7468672985060938,0.5569051313909726
2021-04-05,2021-07-06,33,0,False,CO,92,3840,250,True,0.0073260638042142836,0.7253376567772855,0.4934698061809695,0.017627421034821632,0.691881424023116,0.4008148917497508,0.011577205252566544,0.7404531634114317,0.5278753113238488,4.904636943916518e-05,0.7577111014370697,0.572850015832245,5.058256002979384e-05,0.7113049382375246,0.47233900581803334
2021-04-05,2021-07-07,34,0,False,RD,93,3840,250,True,0.01305825610301208,0.7471813600465494,0.5398804186448812,0.02180973551641603,0.7823971852413169,0.5976559362046813,0.030190967426804598,0.7740027093447122,0.536482857012611,0.00010621015461573435,0.7498417541936199,0.5612495119845213,0.00012611131421195765,0.6824837914065486,0.4641333693777112
2021-04-05,2021-07-08,35,0,False,RD,94,3840,250,True,0.010887115912196108,0.8132746956184305,0.6343022123794009,0.021874500337684753,0.8487319245801114,0.7191316286671592,0.021445062863981006,0.8242728496661403,0.571047189429545,0.00012245711453705855,0.8170266715524032,0.6652411832451598,0.00010644333258161184,0.7630673366750671,0.5817888481757396
2021-04-05,2021-07-09,36,0,False,CO,95,3840,250,True,0.0047080186271091775,0.7932300144576357,0.619701326465186,0.010588576538871314,0.7750955858863966,0.5704042471031111,0.008141842611352292,0.8109051499516914,0.6507807528769787,5.197439218058038e-05,0.8058977160187998,0.6488487729874028,4.968096603252308e-05,0.7810216059736552,0.6087715328932515
2021-04-05,2021-07-12,37,0,False,RD,98,3840,250,True,0.010888756058725108,0.7982989537829766,0.6183203055198494,0.025156862199097796,0.8185943198966162,0.6245279469491337,0.018204938014036987,0.8134222504517146,0.6531275302943529,9.700285759740014e-05,0.7851551263487931,0.5955734319079979,9.622116416825007e-05,0.7760241184347818,0.600052312927913
2021-04-05,2021-07-13,38,0,False,CO,99,3840,250,True,0.006462873480420489,0.7613534852803656,0.5675817898855191,0.015292045470673192,0.7234308715742107,0.48304275787065276,0.010442481086725078,0.8158697323779834,0.6530108974176521,6.98247872455248e-05,0.7284537189818382,0.5299944251425888,4.7142577038159494e-05,0.7776596181874298,0.6042790791111825
2021-04-05,2021-07-14,39,0,False,CO,100,3840,250,True,0.004594727002192523,0.7781754152067325,0.5968498528921831,0.00852960606821009,0.7432859327808297,0.5389274609766868,0.009773490933934672,0.8048675597365988,0.6423565847904049,3.6775071195422326e-05,0.744558002306763,0.5438952481377048,3.903593542990801e-05,0.8199901660027386,0.6622201176639357
2021-04-05,2021-04-05,0,0,True,RD,0,9600,500,True,0.011740728161174704,0.7760984424319629,0.5940673965768561,0.0292345707688594,0.7373423413055034,0.5309293192560773,0.01763651878320177,0.8204103155594351,0.6648488742046837,5.000469870485249e-05,0.7510561607552475,0.5507843548249913,4.181839393279262e-05,0.7955849521076659,0.6297070380216725
2021-04-05,2021-04-06,1,0,False,CO,1,9600,500,True,0.006340041780139812,0.7776743673278139,0.5936866883059579,0.012924066769103027,0.7321568577819448,0.5351980245516603,0.012354300570008804,0.8136467925125791,0.6163322627489245,4.213904036662579e-05,0.7679495344558496,0.5886115176975055,3.9660741080789166e-05,0.7969442845608824,0.6346049482257414
2021-04-05,2021-04-07,2,0,False,RD,2,9600,500,True,0.011850228001072162,0.7911082601061291,0.6141522043681672,0.02769456401770187,0.7888861319717688,0.5824001857464971,0.019508061307222834,0.8389809365728442,0.7009344402335538,0.0001171583798449229,0.744656437677431,0.5491236215380422,8.112829951901862e-05,0.7919095342024723,0.6241505699545757
2021-04-05,2021-04-09,3,0,False,CO,4,9600,500,True,0.00478776429306826,0.8194844541676689,0.6693555461328751,0.010351720289152027,0.8089705836333965,0.6509059204185823,0.00871959019071913,0.8314497044464582,0.687933576441537,3.93715192766879e-05,0.8127947995200622,0.6599005320067162,4.037517312519418e-05,0.8247227290707586,0.6786821556646645
2021-04-05,2021-04-12,4,0,False,RD,7,9600,500,True,0.009743711086396935,0.8177326552378703,0.667345127727664,0.01815394293538148,0.8481106717304489,0.7169765915986994,0.02070974997674722,0.7987031011943964,0.6363045711895443,7.22083109494359e-05,0.7782310205136767,0.6027495992349274,3.8943122509603715e-05,0.8458858275129596,0.7133497488874847
2021-04-05,2021-04-14,5,0,False,RD,9,9600,500,True,0.011822948920272172,0.786389561429072,0.6058805779906706,0.02613311888269203,0.8133735668571893,0.6536835197856041,0.02100837440316518,0.7829007282885581,0.6048802320930518,8.350185844134885e-05,0.7801846264680867,0.6074765959595576,6.680053679013506e-05,0.7690993241024541,0.557481964124469
2021-04-05,2021-04-15,6,0,False,CO,10,9600,500,True,0.005846952418603381,0.7730808768092795,0.5899374513901815,0.010269920211802664,0.7998388712003425,0.6263634429515077,0.013063822041544456,0.6873027614694832,0.44829897296517474,2.5953723975620546e-05,0.813198457075794,0.6586282980034759,2.8113697090785008e-05,0.7919834174914983,0.6264590916405678
2021-04-05,2021-04-20,7,0,False,CO,15,9600,500,True,0.005026808291762428,0.8043150646824686,0.6346656975230482,0.009815344220840573,0.8044640017521767,0.6211107968959015,0.010235905772002158,0.779952383014268,0.5948126337735177,2.250791884084117e-05,0.8282623365297542,0.67723207042153,3.347525536613947e-05,0.8045815374336758,0.6455072890012434
2021-04-05,2021-04-21,8,0,False,RD,16,9600,500,True,0.014335594267712819,0.7515176614514004,0.5503791658871136,0.031937033184036755,0.6387620197766416,0.3565301617786354,0.025282774533797774,0.7961647595426513,0.6298838690902846,5.937871885923812e-05,0.752911996776475,0.5504757887283616,6.31906341575161e-05,0.8182318697098334,0.6646268439511724
2021-04-05,2021-04-28,9,0,False,RD,23,9600,500,True,0.012348152237188183,0.7660699205593213,0.5801553656513099,0.0252015296112966,0.778507776920434,0.60469329656004,0.02406802094736235,0.7269947292686552,0.5153243262402484,6.084715121539902e-05,0.8108513951139589,0.6506671404831584,6.22112388783914e-05,0.7479257809342372,0.5499366993217925
2021-04-05,2021-05-03,10,0,False,CO,28,9600,500,True,0.004966779101138105,0.7881587254158602,0.616670263806899,0.01104433651442163,0.7917861869448958,0.6185165892142505,0.008772784466258862,0.7796430127467437,0.5985278258538916,2.116425967928071e-05,0.8324045124880386,0.6917789416693239,2.8831164192644133e-05,0.7488011894837627,0.5578576984901303
2021-04-05,2021-05-04,11,0,False,CO,29,9600,500,True,0.005975031544067582,0.7215728008153345,0.5156448280973902,0.010796639382523794,0.7797307946124891,0.6023925745695302,0.0129781469728928,0.758822154879471,0.5614076289107253,3.771925560526904e-05,0.6937197802271833,0.47204977685499205,8.76205652484669e-05,0.6540184735421944,0.4267293320543134
2021-04-05,2021-05-05,12,0,False,RD,30,9600,500,True,0.011626450591543668,0.7352278780173793,0.5297360130528331,0.023035093059456536,0.8174884977627617,0.659682071312939,0.02324025279451106,0.7521442778688214,0.5345428363402228,0.00013416802565534552,0.7147212956135227,0.49724735644896034,9.628848655172774e-05,0.6565574408244117,0.4274717881092105
2021-04-05,2021-05-11,13,0,False,CO,36,9600,500,True,0.005547854920080625,0.7542692977187453,0.5681185798934515,0.010675608772872342,0.7989651953313184,0.6373079302403799,0.011335475375234702,0.7952204299715455,0.6298927535395524,6.12205453316743e-05,0.7342696976779137,0.5315243223326843,0.00011911498688378372,0.6886218678942038,0.4737493134611893
2021-04-05,2021-05-18,14,0,False,CO,43,9600,500,True,0.005711997782181665,0.7866816688475219,0.5909810795220203,0.010039331530372831,0.8411492845070081,0.6594894641893159,0.012672539992494899,0.8335235569771766,0.6245624966874432,5.718488572061869e-05,0.7364225218206446,0.5400750932987548,7.893472013830897e-05,0.7356313120852582,0.539797263912567
2021-04-05,2021-05-19,15,0,False,RD,44,9600,500,True,0.01566417633241829,0.6756758711340849,0.4473489502836336,0.03576579086565648,0.733709703584595,0.5038876258247112,0.026428068079008896,0.7923031594945935,0.6005223256970803,0.00017814746958870917,0.6061775848150652,0.361392458211912,0.00028469891541906423,0.5705130366420859,0.3235933914008309
2021-04-05,2021-05-20,16,0,False,CO,45,9600,500,True,0.004201412281644631,0.8009991335454,0.6332725602628402,0.007957201162415304,0.8240875952422475,0.6729392176345077,0.00877631342550708,0.822590082740082,0.6611539437634086,3.29556201479078e-05,0.7772995531594695,0.5971998428177405,3.917891850823493e-05,0.780019303039801,0.6017972368357036
2021-04-05,2021-05-25,17,0,False,RD,50,9600,500,True,0.008926976893710399,0.8121632267206595,0.6547793596742497,0.016610106138470398,0.8860320842033431,0.7707463144930143,0.01883173099849419,0.8604308907498731,0.7197004618418472,8.939779498836859e-05,0.7710036183551728,0.5941078035776319,0.00017667264288863193,0.7311863135742495,0.5345628587845053
2021-04-05,2021-05-26,18,0,False,RD,51,9600,500,True,0.012039641475402018,0.7930962306666667,0.6294878379431124,0.029960753377016123,0.7744222332880062,0.5991311765826617,0.01803351738633778,0.8400412774728943,0.7043632780225986,7.683603996215154e-05,0.801474121508765,0.6422876183156616,8.745909829202386e-05,0.7564472903970014,0.5721692788515276
2021-04-05,2021-06-01,19,0,False,CO,57,9600,500,True,0.0033586263828264762,0.8267580363834847,0.6769385812558386,0.006895852231588275,0.8468138574694037,0.7034620988636817,0.00645888018667814,0.870094478283102,0.741359552859562,4.181059763456686e-05,0.7905206270120488,0.6243588620406357,3.796251540492327e-05,0.7996031827693839,0.6385738112594748
2021-04-05,2021-06-04,20,0,False,RD,60,9600,500,True,0.011224328935217597,0.7478400789087305,0.5586761555541632,0.024630340279099293,0.7462640960685721,0.554449356526441,0.02004023016177501,0.821163740191512,0.6664615213282608,0.00014318430026139447,0.6702942002835439,0.44814320892941095,8.356099973468851e-05,0.7536382790912937,0.56565053543254
2021-04-05,2021-06-08,21,0,False,RD,64,9600,500,True,0.008204669081660001,0.7981060687796151,0.6328251594981676,0.015230652402686009,0.878662574589286,0.7540857888907149,0.017320366957721895,0.835367416569027,0.6862184499025563,0.00011907899939863742,0.747233201907457,0.5566882427784616,0.00014857796683346772,0.7311610820526904,0.5343081564209379
2021-04-05,2021-06-14,22,0,False,CO,70,9600,500,True,0.004881481866269619,0.7789773467823785,0.5979863943946393,0.010482246954610086,0.7517810663298095,0.5394428728908329,0.008959681347858125,0.8275831918332212,0.6824926295358478,4.6586067114067604e-05,0.743410946307365,0.5418804271223567,3.741309549619834e-05,0.7931341826591187,0.6281296480295198
2021-04-05,2021-06-15,23,0,False,CO,71,9600,500,True,0.004795480593388209,0.762584656595638,0.5761514165039593,0.00691662262986079,0.8716414645837798,0.7582196464850766,0.012082362266933582,0.7632904337165145,0.5467162556360434,7.215204965206395e-05,0.7687375516941812,0.5899244261516563,0.00011078542710639995,0.646669176388077,0.4097453377430609
2021-04-05,2021-06-16,24,0,False,RD,72,9600,500,True,0.010742450694410379,0.8209568313154659,0.670181963477934,0.016684416232420264,0.8639735556489799,0.7452011211309937,0.026104335121200445,0.7970794964944516,0.6215821697119617,0.00011068617631337955,0.81602042015705,0.665176636011946,7.03652477074256e-05,0.8067538529613819,0.6487679270568345
2021-04-05,2021-06-17,25,0,False,RD,73,9600,500,True,0.007322547415367807,0.8162883977248951,0.6618928715386005,0.0147136554126537,0.849692422331868,0.7149452914559786,0.014374930319348007,0.8856327594141873,0.7644686428545353,9.367253190626923e-05,0.7669175281630809,0.5876839669995348,0.0001079313975632521,0.7629108809904446,0.5804735848443532
2021-04-05,2021-06-24,26,0,False,RD,80,9600,500,True,0.008811722717953963,0.8005831022644124,0.63919958572603,0.022234266473678023,0.806151798875875,0.6415639192552264,0.012788694117110968,0.8770417041119591,0.7636700557589599,0.00012398355462433998,0.745027435368276,0.5529058338625483,9.994672640251997e-05,0.7741114707015395,0.5986585340273853
2021-04-05,2021-06-26,27,0,False,RD,82,9600,500,True,0.011208529788235012,0.7865539284613688,0.5882125844624843,0.02291590904211649,0.8797344123091883,0.7368372675862868,0.02172454797280778,0.7825922031740782,0.6010325676115174,0.00012429395523314956,0.7823171827348008,0.5900061701677979,6.936818278263789e-05,0.7015719156274085,0.4249743324843348
2021-04-05,2021-06-28,28,0,False,CO,84,9600,500,True,0.004980162481828694,0.8043360398255522,0.6167557020991422,0.009973471167838397,0.8034772611192245,0.6203227218380969,0.009856284351796925,0.848423536677013,0.6293525695370629,5.261639542865858e-05,0.7686490746758796,0.5863418487969578,3.827801225079773e-05,0.7967942868300919,0.6310056682244511
2021-04-05,2021-06-29,29,0,False,RD,85,9600,500,True,0.010937448855084683,0.8010840393797826,0.5984887399420378,0.0226770759822159,0.8649108319193586,0.656128174189655,0.020855362745327167,0.8143027020752447,0.5823520160490618,0.00012070495380475224,0.7702492520964492,0.5928770173063622,9.665173899091275e-05,0.754873371428078,0.562597752223072
2021-04-05,2021-06-30,30,0,False,RD,86,9600,500,True,0.008210294035664485,0.8177710345994502,0.6656560192305434,0.017657909781194657,0.8512082127567189,0.7156722740532789,0.014946569190821568,0.8530882138290973,0.724384794099578,0.0001457751429701797,0.7704464244719788,0.5934820496771238,9.092202767153921e-05,0.7963412873400062,0.6290849590921928
2021-04-05,2021-07-01,31,0,False,RD,87,9600,500,True,0.012408409034624729,0.7937004180753136,0.6069624112350328,0.02921858015579906,0.8013097556040067,0.6250432242925275,0.02020037222510448,0.8400545408239122,0.6311332512162983,0.00011680503522900338,0.7786164291741985,0.6058129131114192,9.787872236636846e-05,0.7548209466991371,0.5658602563198865
2021-04-05,2021-07-03,32,0,False,RD,89,9600,500,True,0.010885438101377121,0.7772093072254229,0.5982422101295557,0.022242526585670067,0.75182957728996,0.5529921375397728,0.02111657047520889,0.8417211475306559,0.7010040441537706,7.96325754086794e-05,0.7359446385641797,0.5331255044161765,0.00010302276922084806,0.779341865516896,0.6058471544085029
2021-04-05,2021-07-06,33,0,False,CO,92,9600,500,True,0.005815599903333567,0.7663210119378578,0.5776920466410855,0.01428235283704845,0.7244068347421387,0.5145192757448809,0.008891745163875088,0.808432013981498,0.6373898254631407,4.643814135309688e-05,0.7718766989607888,0.5955653482494966,4.1863471057637526e-05,0.7605685000670055,0.563293737106824
2021-04-05,2021-07-07,34,0,False,RD,93,9600,500,True,0.011404809526012678,0.7759618645300054,0.5829557280605246,0.018583489034727337,0.817360560571802,0.6571734447627717,0.026818062760006776,0.8044020959870253,0.5882665283544879,9.616689557516889e-05,0.7849331978742737,0.6027378689241804,0.00012151941374143388,0.6971516036869202,0.48364507020065894
2021-04-05,2021-07-08,35,0,False,RD,94,9600,500,True,0.009075649595359687,0.8397402057573771,0.6911868878884628,0.019257981832477122,0.8693464094283907,0.7527277007956661,0.01684741343295978,0.8466886214052416,0.6630112306619287,0.00010358376042732072,0.8468214509272414,0.7168349327292614,9.36193555745149e-05,0.7961043412686344,0.6321736873669952
2021-04-05,2021-07-09,36,0,False,CO,95,9600,500,True,0.004398025473656142,0.8195682339198437,0.6550103332177555,0.010289588726855122,0.7922971217057208,0.5825346683867052,0.007213154609784904,0.8434224002811737,0.6906139626552354,4.521346394065295e-05,0.834601708937498,0.6945271955256791,4.4145094043889204e-05,0.807951704754982,0.6523655063034024
2021-04-05,2021-07-12,37,0,False,RD,98,9600,500,True,0.00937459862987834,0.8257042006732794,0.6606398902601607,0.021709218306497885,0.8603030031581458,0.6759848385239977,0.015612393026157762,0.8394120838737964,0.7025252531580763,9.016866061550874e-05,0.7986857664764402,0.6240667247811053,8.661452624220557e-05,0.8044159491847352,0.6399827445774635
2021-04-05,2021-07-13,38,0,False,CO,99,9600,500,True,0.005104422662399904,0.7931291834943762,0.6282800610714874,0.012042100900596786,0.7729141810392152,0.592909183865918,0.00826678602259005,0.851982431912908,0.7253062141653905,6.507692572378404e-05,0.7498275436634424,0.5619532963672507,4.372680068899464e-05,0.7977925773619394,0.6329515498873903
2021-04-05,2021-07-14,39,0,False,CO,100,9600,500,True,0.003848417835270542,0.8123629898635015,0.6492113443431817,0.007870641238982928,0.7800610643197121,0.5745481666117582,0.007455806727857598,0.8538924298943357,0.7271680917986831,3.2853339464078435e-05,0.7770396189655397,0.5925347318980448,3.437003477756549e-05,0.8384588462744184,0.7025943870642408
2021-05-05,2021-05-05,0,0,True,RD,0,960,50,True,0.011530528596736011,0.7300917448162435,0.5229030018494906,0.02293089389919534,0.8206591138602197,0.6612214982342668,0.022951538827931453,0.7566714823345321,0.5403252168152255,0.00014335428734058852,0.6853718114901262,0.46282471868523956,9.632737247666542e-05,0.6576645715800962,0.42724057366323065
2021-05-05,2021-05-11,1,0,False,CO,6,960,50,True,0.010780060221569531,0.6066424573129983,0.28266031706264627,0.01556078353751118,0.7281969008843763,0.4713394890750704,0.027295618264193865,0.5484288652659439,0.10878849084111542,8.776178402982667e-05,0.6493969831653201,0.328423799168709,0.00017607730054325095,0.5005470799363525,0.22208948916569016
2021-05-05,2021-05-18,2,0,False,CO,13,960,50,True,0.010695146898872734,0.6192184517401453,0.3129202581679459,0.016927500633045905,0.6580973798220809,0.42585895355125325,0.02564761893250587,0.7179803574609731,0.24016195461726475,9.781543408311824e-05,0.48588911732383083,0.21329292123776877,0.00010765259585603547,0.6149069523536965,0.37236720326549677
2021-05-05,2021-05-19,3,0,False,RD,14,960,50,True,0.021869463095794378,0.5735573828467405,0.29937529170872845,0.04617417700832815,0.6355492137302434,0.35951142064110375,0.04076047292879359,0.6943295192096243,0.3838785763528946,0.00021120328684313188,0.5014373961649383,0.24289684192626226,0.00033199915921263773,0.46291340228215594,0.21121432791465322
2021-05-05,2021-05-20,4,0,False,CO,15,960,50,True,0.007416865563644991,0.6814669381068545,0.4153405520829937,0.013355722455701347,0.685473003959583,0.4510465493758904,0.016206638908647368,0.7009278280634688,0.3742753462877425,4.6505565698206035e-05,0.6809211149077081,0.4315855963561188,5.859532453304465e-05,0.658545805496658,0.4044547163122232
2021-05-05,2021-05-25,5,0,False,RD,20,960,50,True,0.01304920828392381,0.7467983291032433,0.5415225199556051,0.025361725283618367,0.8476771683535422,0.6499559398588745,0.026499993862545805,0.7861090702709597,0.6055627578017433,0.00010839566377760403,0.713963625846282,0.5078519100043061,0.00022671832575345684,0.639443451942189,0.40271947215749637
2021-05-05,2021-05-26,6,0,False,RD,21,960,50,True,0.020858621378975522,0.6385841053482393,0.38423899449772725,0.04641503297832058,0.6227542023906991,0.3789762418601309,0.03675988007067548,0.6748189926449452,0.3973682331872651,0.000128604466030991,0.6552347828048595,0.40127823008774155,0.00013096800087502637,0.601528443552453,0.35933327285577155
2021-05-05,2021-06-01,7,0,False,CO,27,960,50,True,0.007244115677988115,0.6790957042244421,0.41699761687240733,0.01374712813541799,0.6734784671431253,0.4088410848980799,0.015106532828203772,0.7170440581302813,0.39507154607278505,6.195753221694956e-05,0.6662574870905792,0.4433517044997384,6.084421611374913e-05,0.6596028045337828,0.4207261320190262
2021-05-05,2021-06-04,8,0,False,RD,30,960,50,True,0.014407829874424398,0.6729109618465539,0.4477612381500644,0.030985230442543227,0.670826103162018,0.43949254434106844,0.026366689687924834,0.765848205478908,0.5611674369441798,0.0001806049544828603,0.5520507698023802,0.30391760513960697,9.87944127466662e-05,0.7029187689429095,0.4864673661754022
2021-05-05,2021-06-08,9,0,False,RD,34,960,50,True,0.017957902599828064,0.6792674557415266,0.365140777720026,0.027750010371416396,0.8193583001329132,0.5519481550535634,0.04369921679983137,0.6835227862748272,0.20833039975621614,0.0001719621059848614,0.61821763666667,0.3598130336612685,0.00021042112207962345,0.5959710998916958,0.340471522409056
2021-05-05,2021-06-14,10,0,False,CO,40,960,50,True,0.008366581439330743,0.6483524503113238,0.3808852907106717,0.016456217876893817,0.5682126045565574,0.27696528604189385,0.016893257522850827,0.7077568793435526,0.40134770798111463,6.308883067227565e-05,0.6205842463683351,0.37959501732213696,5.37615269060548e-05,0.6968560709768503,0.46563315149754114
2021-05-05,2021-06-15,11,0,False,CO,41,960,50,True,0.008568753972663505,0.6079558907332929,0.36823071448371403,0.009981409992706566,0.8142304358690814,0.6510856575874004,0.02406040319626306,0.4192488503773622,0.09734624647399026,9.287934979698129e-05,0.6887002788991718,0.472120988241827,0.00014032335188742114,0.5096439977875561,0.2523699656316386
2021-05-05,2021-06-16,12,0,False,RD,42,960,50,True,0.015270373929737726,0.7287405374850059,0.5164923452563299,0.025029343749027568,0.793873384257612,0.6177601519142829,0.03577587264060229,0.7124125518106246,0.48138008348188366,0.00017588576269536547,0.69893527625763,0.4679492534231825,0.00010039356662568946,0.709740937614157,0.4988798922059706
2021-05-05,2021-06-17,13,0,False,RD,43,960,50,True,0.014757146916943343,0.7333910647732476,0.45884174403868694,0.03196280798879207,0.7797557432573181,0.380769179380259,0.02679807135487368,0.8052689496385785,0.5609170983876687,0.00012773275201925967,0.6700351313032913,0.43776195086183534,0.00013997557208836605,0.6785044348938021,0.45591874752498474
2021-05-05,2021-06-24,14,0,False,RD,50,960,50,True,0.016205395271333387,0.6926767533890177,0.45335895041651325,0.041242576451734556,0.624961992602821,0.33513311623403286,0.023290816056784732,0.7845720865030673,0.5695950493754001,0.00016104521709462793,0.6606654072457607,0.4192586487336255,0.00012714335971962594,0.7005075272044217,0.4894489873229946
2021-05-05,2021-06-26,15,0,False,RD,52,960,50,True,0.014195876703478575,0.7214131821124226,0.5069949048656074,0.02942195183163275,0.8272124646095698,0.662122884903805,0.027133651189389,0.7198608311096951,0.5016953558755177,0.00015094774392418722,0.7202268663588905,0.50208645690034,7.69560489683638e-05,0.618352566371535,0.3620749217827668
2021-05-05,2021-06-28,16,0,False,CO,54,960,50,True,0.0076907246069276795,0.7295348422971071,0.4580709814129505,0.017877316931503177,0.7103786066953106,0.31943343303794336,0.012767769664492452,0.7930608447609879,0.5198656156846775,7.236654936990976e-05,0.6643780731308067,0.4310706239485985,4.544528234517535e-05,0.750321844601323,0.5619142529805827
2021-05-05,2021-06-29,17,0,False,RD,55,960,50,True,0.029515578313686303,0.7325385663459609,0.21490916673252383,0.05309788208085808,0.7755851512158798,0.19483157034327214,0.06469672720540921,0.7544015226190939,-0.29561197354944824,0.00014915310182793322,0.7160889766760197,0.4969249083809737,0.00011855086664998387,0.6840786148728504,0.4634921617552977
2021-05-05,2021-06-30,18,0,False,RD,56,960,50,True,0.012365396896866459,0.7475361395157774,0.5443281733205729,0.02249506918331897,0.8057001105916961,0.6377843161981247,0.0266742185847397,0.7355433355664351,0.5081265704787611,0.0001734048282980536,0.7203121748296784,0.5164321300632497,0.0001188949911091121,0.7285889370753,0.5149696765421561
2021-05-05,2021-07-01,19,0,False,RD,57,960,50,True,0.0199467276035298,0.69038397843924,0.43889599213041575,0.04597384277371155,0.6495182104042776,0.41002595740806835,0.033542647432735676,0.7233474404827364,0.3874980536876126,0.00014848572735124684,0.7094518717770559,0.4988986887905459,0.0001219344803207335,0.6792183910928902,0.45916126863543594
2021-05-05,2021-07-03,20,0,False,RD,59,960,50,True,0.01568552509326977,0.6953044030127158,0.46516509048198773,0.029614316290341714,0.6701276981830177,0.4048413442519918,0.03289848179139672,0.7475476043139699,0.5341803717295563,9.871396172270908e-05,0.6518708154108486,0.4212540427099196,0.00013058832961793695,0.711671494143027,0.5003846032364831
2021-05-05,2021-07-06,21,0,False,CO,62,960,50,True,0.008512184891169875,0.6510239520555753,0.4008309040954399,0.01935074997992385,0.5976453199960651,0.34223609916959674,0.014578078008432317,0.6626265383662375,0.4054980981094779,6.18077685074775e-05,0.6800743049253288,0.46170965065701597,5.8103807815850266e-05,0.6637496449346698,0.3938797684456692
2021-05-05,2021-07-07,22,0,False,RD,63,960,50,True,0.01642725797983508,0.6812986188959487,0.44600097385822013,0.03087949323411595,0.6989829404578054,0.43033785135071134,0.03456352484988555,0.6908631455275598,0.4693516751712714,0.00012394091407548643,0.7013746056464256,0.48800435577514667,0.00014207292126333656,0.6339737839520037,0.396310013135751
2021-05-05,2021-07-08,23,0,False,RD,64,960,50,True,0.015014552401964426,0.7631063142992861,0.5235115871725857,0.02997787603666143,0.7980783473638521,0.6150843635989508,0.029799177661360584,0.7886705676728007,0.40394481043941133,0.00015031395270018898,0.7683944116257047,0.5890894445954749,0.00013084195713550364,0.6972819305347868,0.485927730056506
2021-05-05,2021-07-09,24,0,False,CO,65,960,50,True,0.00963271465079658,0.7361347199771295,0.37039887266641547,0.02463392999628379,0.6992145772954745,0.0005614385736080196,0.013769414284637196,0.7739700605206334,0.4094034091126555,6.77487769133048e-05,0.7407093780351552,0.5422733168470112,5.976554535202784e-05,0.7306448640572552,0.5293573261323872
2021-05-05,2021-07-12,25,0,False,RD,68,960,50,True,0.01518519379445879,0.7285314855987047,0.4884577909242215,0.03558106798796245,0.7644439698506316,0.4689442371051411,0.024909750697603282,0.739424887817481,0.5253756570021101,0.00012093193494804136,0.7269771708601876,0.49580776654282344,0.00012902455732139085,0.6832799138665188,0.4637035030468114
2021-05-05,2021-07-13,26,0,False,CO,69,960,50,True,0.008674259228217464,0.6762261764489215,0.4448313838418779,0.019756433593433563,0.6114285821484264,0.3321213016035196,0.014797654694495212,0.7165385146700489,0.5082945441678881,8.349130014938258e-05,0.6654740091833599,0.43800220422700564,5.94573247916974e-05,0.7114635997938507,0.5009074853690985
2021-05-05,2021-07-14,27,0,False,CO,70,960,50,True,0.007729990008895469,0.6783191833166489,0.39702868304321826,0.015768166838499395,0.6229081768996626,0.14764308435456652,0.015055349628522943,0.6782861889464469,0.44907641550839894,4.642583114077131e-05,0.6527933122707449,0.424201191074835,5.0017737418766606e-05,0.7592890551497409,0.5671940412350724
2021-05-05,2021-07-15,28,0,False,RD,71,960,50,True,0.013033322978914762,0.7507740519739818,0.5385739293504187,0.030879892383615746,0.7942210737488775,0.5491792934698709,0.021031436728330334,0.7997030408231716,0.6254408013392816,0.00012452197506279675,0.6721395503950021,0.43724414926604693,9.744082865016565e-05,0.7370325429288764,0.5424314733264755
2021-05-05,2021-07-16,29,0,False,RD,72,960,50,True,0.015692667305437457,0.6610007436609,0.4065829350594016,0.03796309890958082,0.6485334560223722,0.3079121622498304,0.024352168471153172,0.7841090321559748,0.6055625782601075,0.00028977443964222656,0.5636030620134286,0.30484397530792906,0.00016562740137360114,0.6477574244518242,0.4080130244197392
2021-05-05,2021-07-19,30,0,False,RD,75,960,50,True,0.013695456856214101,0.7062391728081497,0.4882980715609058,0.03091308956714164,0.6672328181411549,0.43863111246802533,0.023635295489923325,0.7689699268040454,0.5630045746905015,0.00011504191340065085,0.7036029275719673,0.4892914225784375,0.00011840045439078423,0.6851510187154313,0.462265176506659
2021-05-05,2021-07-20,31,0,False,CO,76,960,50,True,0.008082962425958956,0.6686887744752734,0.4149374311025213,0.016594017825637627,0.5968458499331464,0.3315468055245029,0.015562284096797066,0.7232318743209234,0.4616447864414126,0.00011473933065275629,0.6475808188332453,0.3920969079442619,6.08084507483689e-05,0.7070965548137789,0.4744612244999078
2021-05-05,2021-07-21,32,0,False,RD,77,960,50,True,0.015352129543702603,0.7417223974863975,0.49003872396162607,0.02711160321613301,0.7746807243985169,0.5247245933734811,0.03408278047811718,0.7488621817056271,0.4716960920973885,0.00012570634316300732,0.72382882046122,0.4528085900847981,8.842813739721165e-05,0.7195178633802257,0.5109256202908365
2021-05-05,2021-07-26,33,0,False,RD,82,960,50,True,0.013589981584767218,0.701537756128011,0.43936853699902484,0.019527606088481433,0.8166106883098572,0.6534356665310019,0.03453032883247283,0.7068425599687248,0.2833067289276622,0.00016468899739347867,0.6558565618029923,0.42933792472751564,0.0001373024207211281,0.6268412144304698,0.3913938278099196
2021-05-05,2021-07-27,34,0,False,CO,83,960,50,True,0.009559171938043344,0.6920729218154348,0.36969730959420355,0.01966642397790212,0.7092415679958379,0.25979364418718875,0.018432874090854024,0.7023331236113965,0.35676464317656886,6.80043148726319e-05,0.6566602450140542,0.3771483307056781,6.938536854460351e-05,0.7000567506404507,0.4850826203073786
2021-05-05,2021-07-28,35,0,False,RD,84,960,50,True,0.016784614773826412,0.7314900310315633,0.44601457821944324,0.0338030424567729,0.7677657893390877,0.31897443225295474,0.03313491664844071,0.7241527340914603,0.45565724656036766,8.419000918381237e-05,0.7260413329581912,0.5111574868508346,0.00011630998090822842,0.7080002677375139,0.49826914721361615
2021-05-05,2021-07-29,36,0,False,CO,85,960,50,True,0.00723828555291846,0.680408332852228,0.4577415164155504,0.0135898670005558,0.7132316120627914,0.5052189353811523,0.015236932494944299,0.6884815375095155,0.47189325366809654,5.588849120248777e-05,0.6747635191938133,0.45057700048241234,7.04542249712505e-05,0.6451566626427919,0.40327687613054064
2021-05-05,2021-07-30,37,0,False,CO,86,960,50,True,0.008636670857138777,0.7052599138834824,0.37528042837899883,0.021604476948116437,0.691286261863143,0.10904718191809504,0.01282589219819877,0.7344427264910793,0.5156669826365649,6.200931823351399e-05,0.6630549871357252,0.42196139294748547,5.4304964006396214e-05,0.7322556800439819,0.45444615601384997
2021-05-05,2021-07-31,38,0,False,RD,87,960,50,True,0.017197194038754554,0.6940250166626329,0.41526094874668307,0.029419058432245418,0.7081970289656361,0.4469231510528835,0.03907644822307904,0.7961681503615727,0.3973063378940749,0.00017340544322968433,0.5626684882792314,0.3145169544119045,0.00011986405646406875,0.7090663990440913,0.5022973516278695
2021-05-05,2021-08-02,39,0,False,RD,89,960,50,True,0.018016987521501018,0.6568661208290075,0.32628337543397756,0.03847299343631621,0.6376582631887359,0.12449978911575232,0.033356632813188646,0.7760731064934335,0.4702950930792388,0.00010691664380456957,0.5366194060339913,0.2576601965609211,0.00013140719269465325,0.6771137075998696,0.45267842297999816
2021-05-05,2021-08-03,40,0,False,CO,90,960,50,True,0.008203018921516697,0.5992368718052318,0.33934270454295995,0.017124916159562298,0.6614643968409846,0.36661930474357274,0.015524759272078479,0.6422427070176153,0.3960961476268722,6.916703607411499e-05,0.6033467856829442,0.35847936510565925,9.323321835190021e-05,0.4898935976793829,0.23617600069573563
2021-05-05,2021-08-04,41,0,False,RD,91,960,50,True,0.01580879964081297,0.665030252450286,0.4166328337621631,0.04181221684401717,0.6976698189121041,0.4484641658198374,0.02110707552289674,0.7466724799067312,0.539249107765866,0.00020190764572567172,0.628047944830313,0.3502266794314499,0.00011399855061230303,0.5877307661519957,0.32859138203149907
2021-05-05,2021-08-05,42,0,False,CO,92,960,50,True,0.010617959588538168,0.53487166128498,0.23098930974575047,0.027243551123776986,0.5606298445164617,0.20517809057490233,0.015039952843069486,0.6862539096209062,0.3645319830502578,0.00010027864903358814,0.4901789561335787,0.23279329733508303,8.805573827261234e-05,0.4024239348689731,0.1214538680227587
2021-05-05,2021-08-10,43,0,False,CO,97,960,50,True,0.007985330490473296,0.5825871488114422,0.3305381508571625,0.01859295945756733,0.4471925633046704,0.10412246050425689,0.01315861894608351,0.7820808712668679,0.6065090735800391,0.00010206038497784681,0.4671537179840932,0.21151657620022102,8.768317326449988e-05,0.6339214426901374,0.4000044931441329
2021-05-05,2021-08-11,44,0,False,RD,98,960,50,True,0.015566938223058888,0.6346205564636287,0.39740176291234763,0.04115628311675492,0.6230555934962929,0.321429932738839,0.020784474489459123,0.7977618950082288,0.6272664700547095,0.00022949902201930089,0.4405704327740345,0.19062740438309933,9.749626400220693e-05,0.6770943045759583,0.4502832444727428
2021-05-05,2021-08-12,45,0,False,CO,99,960,50,True,0.007695120071523204,0.6813528224525861,0.43269459487748985,0.019132232989359278,0.6045229421982965,0.2816994227181614,0.01150452747488612,0.7994515275212897,0.6042717942417701,8.926623999449475e-05,0.5788039230392502,0.29551793520380953,5.445358185292428e-05,0.7426328970515081,0.5492892273462182
2021-05-05,2021-05-05,0,0,True,RD,0,1920,250,True,0.011867954311866174,0.7249454971648284,0.5123511194805039,0.023514220917013225,0.8152581723834482,0.6526034890975734,0.023715419192252903,0.7478832536784717,0.525026175496861,0.00014178412369113153,0.6897365911749151,0.46870841505564076,0.00010039301450743282,0.6469039714224784,0.4030663982719409
2021-05-05,2021-05-11,1,0,False,CO,6,1920,250,True,0.00976072682623701,0.6367788612693737,0.3651988033151239,0.01657038646963718,0.70683304583449,0.43703933955866603,0.022242863773413456,0.6016325014290519,0.27376269701415634,7.277734636040719e-05,0.6736604334277347,0.4430886482583988,0.00015687971553699488,0.564989464386218,0.3069045284292744
2021-05-05,2021-05-18,2,0,False,CO,13,1920,250,True,0.009113314195615542,0.6832415782044874,0.41247617074818577,0.01605382611170121,0.7131026785809442,0.45549194041767826,0.020221978851489634,0.7393616456130818,0.40090232451119656,7.769836614583955e-05,0.6276855643195965,0.3750898799544228,9.975345312548842e-05,0.6528164243043268,0.41842053810944535
2021-05-05,2021-05-19,3,0,False,RD,14,1920,250,True,0.019092793609035645,0.5831885437414855,0.333315802174445,0.04283459697828041,0.6448401815890182,0.4058352104233196,0.03298878526216861,0.7321241525520181,0.5013527596791418,0.00022537489528398435,0.4708192343797387,0.19209569358275702,0.00032241730040957767,0.48497060644516693,0.23397954501256135
2021-05-05,2021-05-20,4,0,False,CO,15,1920,250,True,0.006639662665456797,0.7116666303548627,0.4696475144803087,0.01186977997726691,0.7177178270037481,0.5121224854528124,0.014591999641025652,0.7240734069906689,0.436615206038905,4.156756864624346e-05,0.7034302331502379,0.49194027879781244,5.530347488838285e-05,0.701445054274796,0.43791208763170497
2021-05-05,2021-05-25,5,0,False,RD,20,1920,250,True,0.012241967493000043,0.7576948725810577,0.5626869160822807,0.024286427583173644,0.8221655479981276,0.6647972634957648,0.02435914153131163,0.829612550473834,0.637428119502042,0.00010619441779831517,0.7222366370961879,0.5178462120507459,0.00021610643971658517,0.6567647547560813,0.43067606928057023
2021-05-05,2021-05-26,6,0,False,RD,21,1920,250,True,0.01612002066809947,0.707178217431053,0.5002802033537254,0.04246870618669095,0.6590743509126025,0.4317772965557203,0.02178646735080413,0.8067047758751662,0.6428384073348311,0.0001130625504003292,0.6897811982319998,0.47363406283132947,0.00011184658450247451,0.6731525447044439,0.4528710466930206
2021-05-05,2021-06-01,7,0,False,CO,27,1920,250,True,0.004875487330671937,0.7377452579522003,0.5312629584268993,0.010352525462655752,0.7640768735968166,0.5548170017197199,0.009033632560676052,0.8126853789690889,0.638255750646253,6.411605029853306e-05,0.6517722647178796,0.42395881766375754,5.167524905741542e-05,0.7224465145250157,0.5080202636778666
2021-05-05,2021-06-04,8,0,False,RD,30,1920,250,True,0.013754706489970516,0.6882911792276909,0.4680403945137819,0.0286973448387767,0.7006861710078114,0.48087926053747754,0.026049415468181344,0.7712015017079724,0.566447973131676,0.00017787302918777635,0.5659651658342102,0.31444691264075963,9.41926237362359e-05,0.7153118783607695,0.5103874317452145
2021-05-05,2021-06-08,9,0,False,RD,34,1920,250,True,0.012498139282296115,0.7126588293376876,0.48950624212851535,0.021032384198920877,0.8236659853262532,0.6604109902007296,0.02861169721559052,0.7486006714123283,0.4816609414141687,0.00015600443339000748,0.6481596198854205,0.4192208546449542,0.00019247128128306026,0.6302090407267483,0.39673218225420925
2021-05-05,2021-06-14,10,0,False,CO,40,1920,250,True,0.007438987650213477,0.6837819593442837,0.42073621500063374,0.01635164613134909,0.6300862090129438,0.2815598412850031,0.013290174587003708,0.7576942609150636,0.529031421732671,6.389318193871249e-05,0.6326134101231315,0.3716851618341993,5.0236700562397716e-05,0.7147339573259957,0.5006684351506613
2021-05-05,2021-06-15,11,0,False,CO,41,1920,250,True,0.007500337698608842,0.6514051626394194,0.42839252570876796,0.010390183218371755,0.8068609070365358,0.63679640974235,0.01939238564425777,0.5342192898948758,0.27247230444035486,8.450468483826517e-05,0.7237341298320907,0.5197183268523579,0.00013427724696757725,0.5408063237941755,0.28458306180000925
2021-05-05,2021-06-16,12,0,False,RD,42,1920,250,True,0.014030514222847148,0.7631245685646524,0.5657204841244361,0.02350248624759943,0.8060159404296572,0.6410778139851114,0.03237915832858763,0.7561466133571977,0.5306200757702528,0.00014808247326386905,0.7466995334910979,0.5520536213528375,9.23298419376644e-05,0.7436361869806567,0.5391304253895428
2021-05-05,2021-06-17,13,0,False,RD,43,1920,250,True,0.01222556252557609,0.762874527104197,0.5212608464849264,0.0266833759307894,0.8066812364394715,0.48305015065254275,0.021968083316789597,0.8456312324950508,0.6400558220081323,0.00012287757350647419,0.6805623211417644,0.459132868281938,0.00012791328121889898,0.7186233183405015,0.5028045449970927
2021-05-05,2021-06-24,14,0,False,RD,50,1920,250,True,0.013580734126629572,0.7207725006636052,0.5142811128822868,0.034391964616572894,0.6808618627919821,0.4455710503932754,0.019659990524309615,0.805296887634767,0.636691250737407,0.0001538605261924563,0.6688635836023265,0.4451671927949292,0.00011712083944331922,0.7280676686253449,0.5296949576035357
2021-05-05,2021-06-26,15,0,False,RD,52,1920,250,True,0.014922532017619663,0.7136118914660621,0.48695318041857955,0.02976623429593465,0.8156723546089728,0.6581691986738021,0.02969722197343735,0.705105788442135,0.4546158375933377,0.0001430641298313838,0.7281767699361656,0.528091206115735,8.360767127526522e-05,0.6054926528769748,0.3069364792914435
2021-05-05,2021-06-28,16,0,False,CO,54,1920,250,True,0.008219056002631515,0.7132814290885421,0.42564849994826454,0.018587758013591187,0.6705794263036862,0.29238785063215045,0.014165591702173947,0.7913623248224284,0.46730025453855173,7.164802452940348e-05,0.6765150779717732,0.4367195030611992,5.122627023151801e-05,0.7146688872562805,0.5061863915611566
2021-05-05,2021-06-29,17,0,False,RD,55,1920,250,True,0.019797955997616214,0.747450017975327,0.4070344845005656,0.03688757601865424,0.8178671190861038,0.44064225364856524,0.04205559924525844,0.7235811033676978,0.15779761526486735,0.0001344442882471019,0.7399945484357084,0.5465359298689499,0.00011420443830507628,0.708357301011798,0.48316213921987994
2021-05-05,2021-06-30,18,0,False,RD,56,1920,250,True,0.01189662541663446,0.7629679016111414,0.5546388206167149,0.024506717395945208,0.8162163025542437,0.6053927495411278,0.02278890269421895,0.7910275419818193,0.5797719176806896,0.00017046337180467354,0.7269616356805944,0.5246348650445996,0.0001204182045690122,0.7176661262279082,0.5087557502004427
2021-05-05,2021-07-01,19,0,False,RD,57,1920,250,True,0.01677781922127163,0.7265966072727081,0.5087686749680598,0.04006842798461085,0.7035919421728046,0.4858090815958105,0.026792610934242626,0.760017626745328,0.5107563773276154,0.00013993626826305298,0.7276666967023189,0.5277509241915368,0.00011030169796998205,0.7151101634703814,0.5107583167572765
2021-05-05,2021-07-03,20,0,False,RD,59,1920,250,True,0.014437709977799217,0.6945068962361887,0.4765363840264847,0.027811417359340413,0.6702635088892052,0.4410741883164756,0.029701606186144165,0.771434835677742,0.5794459075530065,0.0001004024298260363,0.6453336816089625,0.4113547936902232,0.0001374139358862501,0.6909955587688451,0.47427064654623374
2021-05-05,2021-07-06,21,0,False,CO,62,1920,250,True,0.008816379713849184,0.6780822380852497,0.40406327918955753,0.02203642155640154,0.6407387742018475,0.2509456936645872,0.013114193083271533,0.6880078997067084,0.4651961167134089,5.732999801460858e-05,0.7077139671325561,0.5007070243058076,5.7574217709052136e-05,0.6758683112998871,0.3994042820744266
2021-05-05,2021-07-07,22,0,False,RD,63,1920,250,True,0.014811677751289611,0.7045707780098259,0.4778821878832473,0.026213398264346807,0.7371777489004789,0.5164175569380957,0.03277076868849476,0.7379059544609606,0.49687557668305704,0.00011698264718044182,0.7216399753853338,0.5167487164908263,0.0001455614051364335,0.6215594332925308,0.38148690142101005
2021-05-05,2021-07-08,23,0,False,RD,64,1920,250,True,0.01280516039191091,0.7824667219141221,0.5691616109800879,0.02570847983507736,0.819533896881024,0.6699033692540282,0.025241703956865178,0.8022646606805026,0.49510524056003147,0.00014578625609272758,0.7835020820763074,0.601466727570569,0.00012467151960837884,0.7245662480186545,0.5101711065357228
2021-05-05,2021-07-09,24,0,False,CO,65,1920,250,True,0.0053821410926412246,0.761787646607597,0.5661350236626553,0.012132904579093893,0.743423176610705,0.5077483495210633,0.009279592154501748,0.7806758236378298,0.6019804925625357,6.152666751505932e-05,0.7665384223738703,0.5843113524667307,5.454096945420003e-05,0.7565131638079834,0.5704999001002918
2021-05-05,2021-07-12,25,0,False,RD,68,1920,250,True,0.012794017339509252,0.7467803476316309,0.544678464062337,0.03117162067841024,0.7475139440043586,0.5347562696644547,0.019769172311781755,0.7911261652361421,0.6233229897000021,0.0001126718259883787,0.7461565286520376,0.5302460047696518,0.00012260454185663138,0.7023247526339853,0.49038859211523933
2021-05-05,2021-07-13,26,0,False,CO,69,1920,250,True,0.007447294798836564,0.715472197087861,0.5030545765918608,0.018185398896047058,0.6535479846343433,0.3852311204310913,0.011469947072894088,0.7892270102568197,0.6188696337166437,7.909662411532725e-05,0.6838751046146849,0.46758370840596253,5.473660228978208e-05,0.7352386888455962,0.5405338438137455
2021-05-05,2021-07-14,27,0,False,CO,70,1920,250,True,0.00622017110019066,0.7087485101712558,0.4743272168832386,0.013708029569978783,0.6010382676241552,0.25900493548079084,0.011082322812919314,0.7807967340807889,0.5944622237786215,4.654239988191024e-05,0.6625753652383302,0.42275544114087726,4.378961798263221e-05,0.7905836737417493,0.6210862671326647
2021-05-05,2021-07-15,28,0,False,RD,71,1920,250,True,0.010983476785716415,0.7631722644102802,0.5743323527549544,0.025105026105649846,0.7970846040199584,0.6334875307916736,0.018610324415638983,0.817958860461443,0.6685595810699931,0.000122322476326844,0.6880588228018945,0.4471844090612769,9.623414524997893e-05,0.749586770357825,0.548097890096874
2021-05-05,2021-07-16,29,0,False,RD,72,1920,250,True,0.014402686505131074,0.6849759575552342,0.45950814433398157,0.035835594490533744,0.6313684785511409,0.34669771915837433,0.0213658755160604,0.8126528818330705,0.6539322212002058,0.0002554688914461632,0.6228963313194689,0.38714146344491407,0.0001538071224839838,0.6729861385172566,0.45026117353243233
2021-05-05,2021-07-19,30,0,False,RD,75,1920,250,True,0.013698467789090351,0.7197285875440476,0.5002129480408166,0.030854521629243018,0.7083437022197898,0.4396946819333737,0.023716653008454457,0.7557427869325968,0.5615003471073179,0.00010816406862696761,0.7212021065954233,0.5198244189122261,0.00011453245003695844,0.6936257544283799,0.4798323442103487
2021-05-05,2021-07-20,31,0,False,CO,76,1920,250,True,0.007041100731257052,0.7041018192409296,0.46290135236480034,0.01585740979343542,0.6785292670086522,0.3612194259456487,0.012138795181871114,0.7681968584038409,0.5800755447058594,0.00010882831781867846,0.659329683119333,0.42341418126784247,5.936963190299602e-05,0.710351468431892,0.4868962575398509
2021-05-05,2021-07-21,32,0,False,RD,77,1920,250,True,0.011307170680641236,0.7642488712628135,0.571688368961845,0.0213316768003252,0.8220182945898067,0.626048622633018,0.023698355273295384,0.8006500418527052,0.6326610233638412,0.00010759861847275326,0.7293694214256179,0.5316303197947134,9.105203047161431e-05,0.704957727183124,0.49641351005580736
2021-05-05,2021-07-26,33,0,False,RD,82,1920,250,True,0.011567207442780817,0.7480390949586473,0.513230424170069,0.01649157180173986,0.8568649931480891,0.7073173965395901,0.02951075687166423,0.7356224169651904,0.38749031389809463,0.00014408757022369491,0.7194416044905834,0.5007237086496497,0.0001224135274954787,0.6802273652307261,0.4573902775929416
2021-05-05,2021-07-27,34,0,False,CO,83,1920,250,True,0.00867228890247848,0.7103994186211364,0.430870368083306,0.013520169254567982,0.757655285831469,0.4911268451681303,0.021042806377673574,0.6777015589568982,0.2656881937025094,5.577856423596786e-05,0.7121295004299744,0.48912400764153785,7.040141343639656e-05,0.6941113292662042,0.47754242582104633
2021-05-05,2021-07-28,35,0,False,RD,84,1920,250,True,0.011952473323214035,0.7638092420923845,0.5654957757066309,0.02044770712704847,0.7986709494178046,0.5880426629309712,0.027184480268199477,0.7511819191894811,0.5534114361288602,7.563184175406575e-05,0.7561795892340712,0.560849797314593,0.00010207405585411942,0.7492045105281815,0.5596792064520992
2021-05-05,2021-07-29,36,0,False,CO,85,1920,250,True,0.006588650358796631,0.7191559799119576,0.5067187490841113,0.012925071283210117,0.7474065014646677,0.5294228759177959,0.013315207186574262,0.7390137305344718,0.5384995801241411,5.346718896485153e-05,0.6934972601962952,0.47438009678216586,6.0855776437293744e-05,0.6967064274523955,0.4845724435123423
2021-05-05,2021-07-30,37,0,False,CO,86,1920,250,True,0.006461767118205312,0.7224906377932638,0.4881301905455795,0.014532664023694429,0.6989240264761933,0.4006835714077809,0.011208342564619772,0.7661793698435215,0.5767491032921912,5.6050258285466406e-05,0.7008863557350121,0.477510571842508,5.001162622158229e-05,0.723972799118328,0.497577515639838
2021-05-05,2021-07-31,38,0,False,RD,87,1920,250,True,0.016346781970818274,0.7280744774852252,0.45966699438137804,0.02361513843050506,0.7525657122220284,0.5560365611063234,0.04150501221210058,0.7918618956136886,0.3598495015960027,0.00015731897167634205,0.6281629711854032,0.37810782738436066,0.00010965826899112474,0.7397073309197805,0.5446740874388254
2021-05-05,2021-08-02,39,0,False,RD,89,1920,250,True,0.017002101112846463,0.6865151067908309,0.2979717330114876,0.03549451279325695,0.6714368398994602,0.19227877375414415,0.032253189788882024,0.7982826795467199,0.4878178205006829,0.00014483558138503008,0.5463157534256085,-0.005617209729068318,0.00011586628786184675,0.7300251542915349,0.5174075475201917
2021-05-05,2021-08-03,40,0,False,CO,90,1920,250,True,0.005514240501674671,0.7198773440842924,0.509607816029078,0.011506892555252184,0.7692471047038552,0.5744070488300179,0.010419338253704283,0.7904694557115037,0.5946939723627486,5.510253994585744e-05,0.7003920457163029,0.4889268296464365,7.562865779635749e-05,0.6194007702055077,0.3804034132771086
2021-05-05,2021-08-04,41,0,False,RD,91,1920,250,True,0.013996000718183079,0.7208529037865355,0.4977458853057175,0.03507412002522621,0.7615691469502064,0.5373449315444208,0.020653608533404526,0.7736350969654204,0.5491479362312597,0.00015491570815433077,0.7109907493853905,0.5014547679267533,0.0001013586059472488,0.6372166218451248,0.40303590552043633
2021-05-05,2021-08-05,42,0,False,CO,92,1920,250,True,0.006986398173551677,0.6415658478391884,0.404821277720521,0.017332873646197327,0.7136437651951383,0.49431894305177626,0.01045017250432029,0.7561370892730293,0.558459360385346,8.092274769515499e-05,0.6211619158205035,0.38088042641071296,8.162379599393193e-05,0.47532062106808237,0.18562638103424856
2021-05-05,2021-08-10,43,0,False,CO,97,1920,250,True,0.007463427128778215,0.662607156429096,0.39809705135252127,0.0152302916688532,0.5978470600643824,0.2661482289985083,0.014453396339688243,0.8011548076566939,0.5677904847824823,8.850468698508581e-05,0.585280458976206,0.3162432354975382,8.151581958632889e-05,0.6661462990191016,0.4422062561315562
2021-05-05,2021-08-11,44,0,False,RD,98,1920,250,True,0.0120139662722897,0.752953145648785,0.5452461723223982,0.031304528438532535,0.7468904612208749,0.4838621381855034,0.016513415420793938,0.8458635678261777,0.7038605125971749,0.00015852202468438347,0.6736520865488846,0.44094148440224934,7.939920514794836e-05,0.7454064669992031,0.5523205541046653
2021-05-05,2021-08-12,45,0,False,CO,99,1920,250,True,0.00572235279325099,0.7568512470360125,0.5557481354294382,0.014545624506361926,0.6945634176854818,0.4538990568609771,0.008226006201157059,0.8700118663456033,0.7170450779794257,6.989719187170242e-05,0.6791737053430736,0.44837692215702996,4.7883273613271385e-05,0.783655998769891,0.6036714847203204
2021-05-05,2021-05-05,0,0,True,RD,0,3840,250,True,0.012032795339264143,0.7217869091482451,0.5076283032576395,0.02385281168301416,0.8122605684446293,0.64760118639966,0.024035128332635464,0.7476576992704493,0.5186230218395258,0.00014125742687316403,0.6903740794467211,0.4706820463756939,0.00010198391453378883,0.6368552894311806,0.3936069584156785
2021-05-05,2021-05-11,1,0,False,CO,6,3840,250,True,0.007385347525792474,0.6855828347057015,0.45576456381780406,0.014911018370220167,0.7268687741210593,0.4934145461885652,0.014413250765408626,0.7293453590448881,0.5294023076452694,7.436544263884021e-05,0.6750233183129154,0.4309361188059222,0.00014275552490226526,0.6110938873439431,0.36930528263145945
2021-05-05,2021-05-18,2,0,False,CO,13,3840,250,True,0.008836607022720258,0.7003244692628078,0.4325296649653261,0.014592737028158382,0.7484435354108363,0.5050486489693515,0.020582129675699525,0.751685321299458,0.3902324725054108,7.454149135729191e-05,0.6354436092771654,0.4004798990878662,9.701989566582826e-05,0.6657254110637711,0.43435763929867577
2021-05-05,2021-05-19,3,0,False,RD,14,3840,250,True,0.016679744038927597,0.6332071134983432,0.39323010189146257,0.03545938670119189,0.7217680451514072,0.5081378015879345,0.03074712611877488,0.7593404512947455,0.5352369156645758,0.0002092158559695732,0.5221433625564362,0.2500212111220036,0.00030324747977405255,0.529576594990784,0.2795244791913363
2021-05-05,2021-05-20,4,0,False,CO,15,3840,250,True,0.005404705075695697,0.7479508866600958,0.5462567581066229,0.010478707301581857,0.7624709009554456,0.5692990363971036,0.011053820949842575,0.7682586801691079,0.5732212999237596,3.907455216254936e-05,0.7267970857241832,0.522411179572341,4.721749919580854e-05,0.7342768797916465,0.5200955165332876
2021-05-05,2021-05-25,5,0,False,RD,20,3840,250,True,0.010631042454776368,0.7793003853178256,0.6064578805881216,0.02101601027815225,0.8452110861174946,0.7099357601478411,0.021209800421922696,0.8341884837800886,0.684304259488047,9.570259742919174e-05,0.7547829939694521,0.565482152228538,0.00020265652160133743,0.683018977404267,0.46610935048806046
2021-05-05,2021-05-26,6,0,False,RD,21,3840,250,True,0.015810665673846716,0.7192935186994023,0.51809653976802,0.042396355117863646,0.6617939328902206,0.43274533923037595,0.020632159159115742,0.8157000612819895,0.6617618310148368,0.0001077073155164708,0.7068662521425113,0.4985655120018966,0.00010644110289100417,0.692813828482888,0.4793134768249704
2021-05-05,2021-06-01,7,0,False,CO,27,3840,250,True,0.004186582339401335,0.7753968188284358,0.5909018623702159,0.008259064482214449,0.8242234861452931,0.6448407586684475,0.008384836582707642,0.8238085054782504,0.6642362421547927,5.540271465894509e-05,0.7088049586828056,0.502242494536405,4.702557802430003e-05,0.7447503250073945,0.5522879541212183
2021-05-05,2021-06-04,8,0,False,RD,30,3840,250,True,0.012178376138207613,0.7210926862316638,0.5191778866590664,0.026485518724357365,0.72444913612267,0.5208900982832887,0.021979063786015506,0.8068441159104397,0.6341926495535111,0.00016038122552507674,0.6183535461443068,0.3818633166858394,8.854081693250206e-05,0.734723946749239,0.5397654821136263
2021-05-05,2021-06-08,9,0,False,RD,34,3840,250,True,0.010415679975700561,0.7409976195998546,0.5446776636721873,0.019166845546733088,0.8414384233933813,0.6905319892109711,0.022169571515427984,0.7847795336078667,0.5983686412598914,0.00014859596928950793,0.6705847216768683,0.4468013621676159,0.00017770687135166418,0.6671877997213018,0.44300866205027056
2021-05-05,2021-06-14,10,0,False,CO,40,3840,250,True,0.006712113593473456,0.7278325531041192,0.49494057487024856,0.013382496726331135,0.7001302342265229,0.4120149742211293,0.013368973258111557,0.7601685085999855,0.5262390055865873,5.1937715515903004e-05,0.7054730670840401,0.4892532140537563,4.5046673935226366e-05,0.7455584025059281,0.5522551056195213
2021-05-05,2021-06-15,11,0,False,CO,41,3840,250,True,0.006101203411870626,0.714000260859541,0.5046198476390712,0.008795293842575538,0.8373851676453378,0.6925480298224188,0.015409106403329346,0.6777433233806892,0.42190961556258555,7.928930029176928e-05,0.7422825210041395,0.5493599215271796,0.0001211241012858481,0.5985900314079979,0.3546618236441007
2021-05-05,2021-06-16,12,0,False,RD,42,3840,250,True,0.011714046828123884,0.7926517317116036,0.6253594969327789,0.01979217836929021,0.8392367756698842,0.6977404070589412,0.026850671329636523,0.7841360102690598,0.6107630116161706,0.00013110151211295572,0.7783603682818627,0.6034206730088806,8.22361014558431e-05,0.7688737726256076,0.5895138960471231
2021-05-05,2021-06-17,13,0,False,RD,43,3840,250,True,0.009202740994762836,0.7804796240932856,0.5924540675548228,0.01825698539592449,0.8180076897803449,0.6462986589687236,0.018317759549895785,0.858404766496224,0.699865900508453,0.0001130193987625027,0.7157005671136809,0.502525348663774,0.00012319963446856576,0.7298054729828927,0.5211263620783406
2021-05-05,2021-06-24,14,0,False,RD,50,3840,250,True,0.011024186783189043,0.7626925774395841,0.5783982314972672,0.0271016245030445,0.7573177617307902,0.5630977941103691,0.016746910637262438,0.8350082511989743,0.6905238000947669,0.0001384202069603045,0.7099733610356301,0.5008461630657148,0.00010979178548892855,0.7484709357929418,0.5591251687182179
2021-05-05,2021-06-26,15,0,False,RD,52,3840,250,True,0.012101890062572842,0.7650755109172305,0.5581705282255522,0.024500931804243214,0.857477828765058,0.718635112906209,0.02369933619653045,0.758464083524699,0.564765935591564,0.00013376861705285492,0.7671845320323305,0.5587532192214761,7.35236324648497e-05,0.6771755993468344,0.3905278451829597
2021-05-05,2021-06-28,16,0,False,CO,54,3840,250,True,0.007325246586988801,0.7373665513012613,0.48250055129446684,0.019059678320668672,0.6695695129326235,0.27442244874897204,0.010128822488959499,0.822251096310399,0.61910372152934,6.794969244777448e-05,0.6956706859880175,0.46579494996245707,4.453584587926155e-05,0.7619749099740051,0.5706810849370982
2021-05-05,2021-06-29,17,0,False,RD,55,3840,250,True,0.013746504084072086,0.7831971773602917,0.5352869953185015,0.027011629760693764,0.8499853670327808,0.5903996418582715,0.027745221172960098,0.7862595030665184,0.44437621015457973,0.0001244686098531537,0.7634593410544451,0.5801826677543405,0.00010469679278132579,0.7330844982874225,0.5261894615068148
2021-05-05,2021-06-30,18,0,False,RD,56,3840,250,True,0.009225464884653242,0.7936250649540186,0.6268612127198274,0.019155459681656162,0.8369781235486311,0.6915587202427695,0.017485754984408065,0.8236766757540851,0.6775621282165922,0.000156195865423546,0.7516533380155614,0.5644221520408539,0.00010444900712520073,0.7621921224977972,0.5739018503790938
2021-05-05,2021-07-01,19,0,False,RD,57,3840,250,True,0.014172694469702879,0.7619365663098052,0.5606482503767714,0.03328677222643818,0.7575840459897634,0.5728368482936992,0.02316852670422977,0.8067128280663547,0.5769335820021799,0.00012942467432186516,0.7542208704289308,0.5632248623322071,0.00010605427382170607,0.729228520754172,0.5295977088789994
2021-05-05,2021-07-03,20,0,False,RD,59,3840,250,True,0.011993239585165145,0.7466799379905797,0.551252407462751,0.02353094880226787,0.7428699862564194,0.5270987275096956,0.02423395257478585,0.8115961351427483,0.6568640810998639,8.98154423943936e-05,0.6920530586012003,0.4734247994828744,0.00011824152121246565,0.7402005719619509,0.5476220217585697
2021-05-05,2021-07-06,21,0,False,CO,62,3840,250,True,0.007384301771129256,0.7212993481461036,0.489539184228191,0.017570273810783594,0.6944624574789078,0.4027574201294719,0.011866294686405826,0.7320475646033227,0.5160860879341471,5.174966997129297e-05,0.7434330330507347,0.5493066874941236,4.888891735631241e-05,0.7152543374514492,0.4900065413550213
2021-05-05,2021-07-07,22,0,False,RD,63,3840,250,True,0.013600687713112842,0.7450498975850532,0.5329286586855465,0.02170750997257427,0.7801977970970314,0.5995417839584067,0.03246423558171298,0.7644790934794865,0.5015817309403199,0.00010295797818924642,0.7584881317242493,0.5746841407109032,0.00012804731997486955,0.6770345680394456,0.4559069791325562
2021-05-05,2021-07-08,23,0,False,RD,64,3840,250,True,0.01177076297987138,0.8036975165805462,0.6069539754801075,0.022605325036011245,0.8441727145527662,0.7097478466570554,0.02423535280125875,0.818933417166406,0.5152346829102914,0.00012976979743674198,0.8039462407633258,0.6452506332141891,0.000112604284778789,0.7477376938396867,0.5575827391388946
2021-05-05,2021-07-09,24,0,False,CO,65,3840,250,True,0.004761728865175829,0.7871347239928418,0.6122005318361915,0.010777841338856516,0.7673836652235186,0.5627254666789401,0.008164611156150983,0.808134150326524,0.6498041663163885,5.265523790273774e-05,0.8028367842140061,0.6442488190348645,5.180772779307981e-05,0.7701842962073181,0.592023675314573
2021-05-05,2021-07-12,25,0,False,RD,68,3840,250,True,0.0107686903898654,0.7952156026434498,0.6178972601599306,0.024628982278054292,0.8204816097718763,0.6324066782531372,0.018250458176288557,0.8133464452390093,0.6522602001727436,9.597419964596048e-05,0.7789083000843962,0.5998621365435657,9.934690547279435e-05,0.7681260554785176,0.5870600256702758
2021-05-05,2021-07-13,26,0,False,CO,69,3840,250,True,0.006590199119702107,0.7575421729874648,0.5605977104614707,0.01618961615049476,0.7089228914827489,0.4526998149238388,0.010053229821237568,0.8222400118919169,0.665945174833989,6.845669438017217e-05,0.7344166108678976,0.5392033507835272,4.949381269593072e-05,0.7645891777072961,0.5845425013045276
2021-05-05,2021-07-14,27,0,False,CO,70,3840,250,True,0.004820954028684565,0.7691758389634638,0.5789559814729075,0.00916895982279318,0.7287464987677329,0.504366842748561,0.010036361747467281,0.8008071966592862,0.632737297665034,3.788849726797933e-05,0.736293350610459,0.5300859227976674,4.0606047209819066e-05,0.8108563098163775,0.6486338626803678
2021-05-05,2021-07-15,28,0,False,RD,71,3840,250,True,0.008946658819928845,0.7934099619096893,0.6260646369149945,0.020339198194103326,0.8402346284849463,0.7030646484705028,0.01524572758357226,0.8537584721934028,0.7284813405538662,0.00011279744107071044,0.7121672804032912,0.49023118306348124,8.891206096908147e-05,0.767479466557117,0.5824813755721274
2021-05-05,2021-07-16,29,0,False,RD,72,3840,250,True,0.012462663699438133,0.7121106415724038,0.5053027789738189,0.031136270536688774,0.6733601212203498,0.43236893798722864,0.018319552673287852,0.841012234534386,0.7032741814167631,0.00025252310935490197,0.6283008198613728,0.39420826399053355,0.00014230847842099575,0.7057693906735064,0.49135973250075027
2021-05-05,2021-07-19,30,0,False,RD,75,3840,250,True,0.010594448465376282,0.7563770221899857,0.5659476636176559,0.02175103556675429,0.7884866283855615,0.6050102138041877,0.020412174052740838,0.7941022960542514,0.6225972006369899,0.000105068956850421,0.7323321431416785,0.5335646296374755,0.00010951528515958133,0.7105870211784511,0.5026186103919705
2021-05-05,2021-07-20,31,0,False,CO,76,3840,250,True,0.005850162403067482,0.7579078406419817,0.5461914546238924,0.012126127602149267,0.7606316796062871,0.5115258512166438,0.011127984542480195,0.8127155184041197,0.6150431095088043,9.707289031096838e-05,0.6986812944918142,0.4856958826663017,4.9464577329500076e-05,0.7596028700657057,0.5725009751038199
2021-05-05,2021-07-21,32,0,False,RD,77,3840,250,True,0.010551124919159743,0.7834061234785245,0.597778623383974,0.02052757701041791,0.8394361904845717,0.6401447589466783,0.02148897560614212,0.8188919780290085,0.6669077572225139,0.00010489805402876979,0.7378536339751276,0.5433856984692325,8.304900605017711e-05,0.7374426914253901,0.5406762788974713
2021-05-05,2021-07-26,33,0,False,RD,82,3840,250,True,0.00931772487710671,0.7577391481022655,0.5631154253693755,0.012614728165921988,0.8850556577366924,0.7761213105740539,0.024397646440454435,0.7406448664050714,0.4936153339660083,0.0001329825499035647,0.7348200968829192,0.5392035952366545,0.00012554235214685605,0.6704359713843788,0.4435214617007853
2021-05-05,2021-07-27,34,0,False,CO,83,3840,250,True,0.004667197186895208,0.7891371337123199,0.6178773329669138,0.009567225983749993,0.8056359979137028,0.6399080235112143,0.008997292953349537,0.8341778487434797,0.6860295950177244,4.639515619405396e-05,0.7607579599873387,0.5750666625086914,5.787465428724489e-05,0.7559767282047583,0.5705050508300249
2021-05-05,2021-07-28,35,0,False,RD,84,3840,250,True,0.010096737071756645,0.7912859489008719,0.6131361677832259,0.01866370408664399,0.8136098501638291,0.6239847437364959,0.021558563592232422,0.8105871163321615,0.6458343930510098,7.160630844935898e-05,0.7669125692789656,0.5842237324942661,9.307429970081028e-05,0.7740342598285314,0.5985018018511314
2021-05-05,2021-07-29,36,0,False,CO,85,3840,250,True,0.005847253545956626,0.7499401741027347,0.5534687687403219,0.011253646842115843,0.7836122999118461,0.5902762429419739,0.012030171315741035,0.7683604881996413,0.5830384735589381,5.030360717656378e-05,0.7157953321571051,0.5054803207807501,5.489241879305928e-05,0.7319925761423463,0.5350800376796258
2021-05-05,2021-07-30,37,0,False,CO,86,3840,250,True,0.005711801156690317,0.7508035931103966,0.5401527899570719,0.011558478585718669,0.7642804685615334,0.523336802209265,0.011191644384708056,0.7640593058509936,0.5773796621442495,4.8581391277987917e-05,0.743474752550539,0.5471338736986151,4.8500265056556984e-05,0.7313998454785203,0.5127608217761579
2021-05-05,2021-07-31,38,0,False,RD,87,3840,250,True,0.011164562220126698,0.7628959052437699,0.5683353845060655,0.02027277051640458,0.7919696356903629,0.6188729132013466,0.024144498097820617,0.8217385952573161,0.6276085304577244,0.00013790181851927656,0.6813715596470651,0.45486510232829547,0.00010307844776231752,0.7565038303803354,0.5719949920368956
2021-05-05,2021-08-02,39,0,False,RD,89,3840,250,True,0.013068204946969223,0.7293674348219964,0.44017667331296284,0.02905195403376849,0.7027034895316737,0.33888710985626946,0.02300425833027243,0.8539075835689841,0.6346912895596531,0.00011183404115733278,0.6083319810004322,0.2235178997735796,0.00010477338267863869,0.7525266851868957,0.5636103940623493
2021-05-05,2021-08-03,40,0,False,CO,90,3840,250,True,0.004699975663079289,0.7602846667599102,0.5734671049922364,0.009395038961275817,0.8096199137284568,0.6525158865708459,0.009289310812971092,0.8156463342523357,0.6386513640869138,4.676796052334012e-05,0.754607165407814,0.5662296170173068,6.878491754690647e-05,0.6612652536510347,0.4364715522938789
2021-05-05,2021-08-04,41,0,False,RD,91,3840,250,True,0.011318634466519229,0.7624940251170735,0.5753668118669581,0.028929367034257022,0.7945154211328039,0.6183990282298055,0.01612092644722696,0.8172177691647013,0.6480928285804851,0.00013314496206330616,0.757187114737907,0.5715167506118459,9.109942252962585e-05,0.6810557954328822,0.46345864004569615
2021-05-05,2021-08-05,42,0,False,CO,92,3840,250,True,0.0064758090501552444,0.6633528722550932,0.44041757829676415,0.01578973156312365,0.7369712564003918,0.5393396208411847,0.009960053973256642,0.7628837037195944,0.5791678462599448,7.486405915389328e-05,0.6552713981135635,0.4272339274102943,7.858660508679031e-05,0.49828513078682324,0.2159289186756328
2021-05-05,2021-08-10,43,0,False,CO,97,3840,250,True,0.006342091405123991,0.6965071383623928,0.4668345369125526,0.014281428821061117,0.617988503987708,0.3118679496991802,0.010934419839821406,0.832596880241195,0.6730207774641324,8.371672611116887e-05,0.6054893097217688,0.3532333740680016,6.880023350227282e-05,0.7299538594988992,0.5292160464188962
2021-05-05,2021-08-11,44,0,False,RD,98,3840,250,True,0.010504867287303089,0.7790162533814741,0.5917122934288305,0.027622017322477002,0.7755278246601969,0.5445780635916655,0.014178594788760492,0.8669074660602643,0.745731474329129,0.00014705572724059315,0.7008148080203431,0.4813795953908683,7.180131073427059e-05,0.772814914785092,0.595160040403659
2021-05-05,2021-08-12,45,0,False,CO,99,3840,250,True,0.004409548762767949,0.8016824475354452,0.6381741217471522,0.010578248563519103,0.7865375240730222,0.6028502238064678,0.006959108430995744,0.8766406820360952,0.7606233285907141,6.19571728145787e-05,0.7171979219302318,0.5110389209174637,3.888088374236772e-05,0.8263536621024314,0.6781840136739631
2021-05-05,2021-05-05,0,0,True,RD,0,9600,500,True,0.011799419582661194,0.7250243388678592,0.5139871081477307,0.023105346528853026,0.8199927351426586,0.6586441542910115,0.023850723596631457,0.7449311992710482,0.5223162908476033,0.00014170695218181846,0.6900403283761529,0.46899759111025185,9.990125297847384e-05,0.6451330926815773,0.40599039634205625
2021-05-05,2021-05-11,1,0,False,CO,6,9600,500,True,0.006224594319725491,0.7210615956048363,0.5163675855628763,0.01335193424393224,0.7422774782930326,0.5463827150980178,0.0113457470267306,0.7957190144533832,0.6295573805158454,6.919477026755891e-05,0.6985766116661506,0.47050346061916803,0.00013150123797156413,0.6476732780067784,0.419026786018474
2021-05-05,2021-05-18,2,0,False,CO,13,9600,500,True,0.006273193433289161,0.7607496641731152,0.5499231225454155,0.01135512595583929,0.8176031447088823,0.6148608090366499,0.013589049084837166,0.8175135760034113,0.597409938037321,6.608636750956197e-05,0.6857719706028774,0.46848251897266113,8.251232497062961e-05,0.7221099653772898,0.5189392241350304
2021-05-05,2021-05-19,3,0,False,RD,14,9600,500,True,0.015881605785866827,0.6664220228032394,0.43427873031194303,0.03533353502498872,0.7362135267164773,0.5098835080958548,0.027718339037723215,0.7825862479558093,0.5810190294187878,0.00018722175948823733,0.5815516863079202,0.3288637336693243,0.00028732732126714693,0.5653366302327508,0.3173486500638052
2021-05-05,2021-05-20,4,0,False,CO,15,9600,500,True,0.004645337697747873,0.781063998842368,0.6033357257615277,0.00891106503260885,0.7998511712875827,0.6337330373095424,0.009593744945998808,0.8012027657626615,0.6295936024751076,3.499407322787855e-05,0.7590018208221532,0.5722848444855665,4.154673915595415e-05,0.7642002374970744,0.5777314187758946
2021-05-05,2021-05-25,5,0,False,RD,20,9600,500,True,0.009006673555025156,0.8081978636292668,0.6471943383345984,0.01733082354886129,0.8818055536716489,0.7607989293791719,0.018421194083587104,0.8656306797584601,0.7258110688622286,9.140780570407696e-05,0.7659485034652492,0.5849817656889176,0.00018326878194814894,0.7194067176217089,0.5171855894080759
2021-05-05,2021-05-26,6,0,False,RD,21,9600,500,True,0.013145975785932637,0.7665622565836063,0.5881515092646085,0.03313470292665806,0.7466014291151861,0.5566643732436307,0.019263265196764783,0.8278474010598224,0.6842031171540949,9.012356688670016e-05,0.7618622119476047,0.5804271566727088,9.58114534210044e-05,0.7299379842118123,0.5313113899879994
2021-05-05,2021-06-01,7,0,False,CO,27,9600,500,True,0.0035960019662425275,0.8101079877892454,0.6487705672763275,0.007489868991062918,0.8339206038651887,0.6779179779662656,0.006806476666041999,0.8607237783233208,0.727440342989012,4.5354148951017515e-05,0.772587810437751,0.5925223487106172,4.2308058914174356e-05,0.7731997585307206,0.5972015994394154
2021-05-05,2021-06-04,8,0,False,RD,30,9600,500,True,0.011636703114264312,0.7383469109091201,0.5443601341944941,0.024910647425638106,0.7421116833939462,0.5493787392269884,0.02140247206706333,0.8085653140399396,0.6437891224084415,0.0001480903378790157,0.6561003080641008,0.42923450056131895,8.56026264767958e-05,0.7466103381384934,0.5550381745812278
2021-05-05,2021-06-08,9,0,False,RD,34,9600,500,True,0.008898213650027208,0.78132024155922,0.605347046339679,0.015886984880806376,0.8745711638953756,0.7434886405010696,0.019419666800053643,0.8137442778054784,0.648186833121337,0.00012443933612423552,0.7336944815287014,0.536732580527984,0.00016176358312457585,0.7032710430073247,0.4929801312083254
2021-05-05,2021-06-14,10,0,False,CO,40,9600,500,True,0.0051536019421086505,0.7684121917886012,0.5809676397170578,0.010908278326997808,0.7408996644956569,0.5207243876486043,0.009619501262836888,0.8122829882936047,0.6591103597819274,4.807118600555827e-05,0.7347717508722399,0.5272760169544769,3.855699259434392e-05,0.7856943634929031,0.6167597944832225
2021-05-05,2021-06-15,11,0,False,CO,41,9600,500,True,0.005111727928203402,0.7521383652743425,0.5615305179638982,0.00714213666774906,0.8668743650734321,0.750336483455796,0.013119721994021028,0.7385002872327664,0.5077985100033504,7.330817550287772e-05,0.7641063083512976,0.5833535944982301,0.00011174487554064223,0.6390725004398743,0.4046334838982161
2021-05-05,2021-06-16,12,0,False,RD,42,9600,500,True,0.01102586781952821,0.8102284510588273,0.6530251922004684,0.01711738806809844,0.8597045855458956,0.7385889186555912,0.026791737049707425,0.7898827085087896,0.6116173441336169,0.0001179634727681653,0.8036713505992565,0.643162966727436,7.638268753880258e-05,0.7876551595813674,0.6187315392852291
2021-05-05,2021-06-17,13,0,False,RD,43,9600,500,True,0.007698886864814435,0.8078798943756724,0.6453107798230306,0.015174947718628665,0.8497700640376282,0.7060084542020485,0.015409329935827,0.877120255499899,0.7475201401426907,9.925252086965461e-05,0.751604990102271,0.5631226696079839,0.00011201728393242203,0.7530242678628919,0.5645918553393996
2021-05-05,2021-06-24,14,0,False,RD,50,9600,500,True,0.009642513398656872,0.7878170931808128,0.6191083760894716,0.024070910614186064,0.786387312505493,0.6119555879785501,0.014268718999485548,0.8612699746308901,0.7363197888181823,0.00013050298860293086,0.7293423606016738,0.5293962570708692,9.99209923529376e-05,0.774268724985195,0.5987618704902846
2021-05-05,2021-06-26,15,0,False,RD,52,9600,500,True,0.010932102855316655,0.7857442863451114,0.5859786448577857,0.02223893645733922,0.878930346976912,0.7446115153742203,0.02129113568940089,0.7876587040825835,0.6089921065668464,0.00012711939301062743,0.7749904554343361,0.5806862313729644,7.121988151588454e-05,0.7013976388866141,0.40962472611711187
2021-05-05,2021-06-28,16,0,False,CO,54,9600,500,True,0.005120268734666774,0.7962424420488666,0.6006796339725023,0.010049896583875536,0.8020030088052426,0.6174133040982689,0.010335278805481924,0.845906684185935,0.6113398928398879,5.5353418781509664e-05,0.753679557387017,0.5648239927994857,4.054613052812594e-05,0.7833805178172719,0.6091413461523668
2021-05-05,2021-06-29,17,0,False,RD,55,9600,500,True,0.010698653729601916,0.8010100641648014,0.6021029950654084,0.02250884459746634,0.8658321682841459,0.6586792100232783,0.020068448972563612,0.815082407457643,0.5981106942725591,0.00011722378600327916,0.7777113091353907,0.6046185687002286,0.00010009756237443066,0.7454143717820259,0.5470035072655679
2021-05-05,2021-06-30,18,0,False,RD,56,9600,500,True,0.008307897566294114,0.8098555777624266,0.6540069360150259,0.01807637510196213,0.8466580147883749,0.7089341439735741,0.014906599642436312,0.8529268642874304,0.7251218338287163,0.0001519924961727463,0.7594137257612368,0.5761439381936195,9.662302460526548e-05,0.7804237062126641,0.6058278280641934
2021-05-05,2021-07-01,19,0,False,RD,57,9600,500,True,0.012957311206004567,0.7905866482533679,0.5999128473637227,0.030741254051789315,0.7908126693624843,0.6055030244795969,0.02087461920927207,0.8360498869772732,0.6188212358655105,0.00011476282243969973,0.7828582404567014,0.612704858382819,9.860874051718178e-05,0.7526257962170128,0.5626222707269644
2021-05-05,2021-07-03,20,0,False,RD,59,9600,500,True,0.011019613789174015,0.773012453193423,0.5888581614310486,0.02229988059941392,0.754859450078442,0.5518394944266622,0.02159001730235783,0.8392512975665845,0.6943003662628957,8.311806736780373e-05,0.7248708711701359,0.5126905593961729,0.00010543918755650576,0.7730681939585293,0.5966022256384635
2021-05-05,2021-07-06,21,0,False,CO,62,9600,500,True,0.005863533797314351,0.7633412489248875,0.5721090816210437,0.014566859337858847,0.725225863072043,0.5048484306366132,0.00879708538421635,0.8069674782536628,0.6412501024493873,4.828574544694794e-05,0.7619510294625079,0.5794743700902335,4.190472173525756e-05,0.7592206249113365,0.5628634233079406
2021-05-05,2021-07-07,22,0,False,RD,63,9600,500,True,0.011692391556854703,0.7727951731909981,0.580246251088508,0.01958375712077572,0.807900288934241,0.6387205879492377,0.02697046633353759,0.7960488659891528,0.585926700419019,9.61391963643986e-05,0.7823085044274256,0.602852293409175,0.00011920357674110114,0.7049230334131731,0.49348542257660033
2021-05-05,2021-07-08,23,0,False,RD,64,9600,500,True,0.009062280027211213,0.8354662834706217,0.6864366301580915,0.019732036059403907,0.8649481404400037,0.7466408491380311,0.016312798869240804,0.847653376506061,0.6737048071337572,0.0001071121250331071,0.8409756709368026,0.7071895057160742,9.71730551670271e-05,0.7882879459996193,0.6182113586445039
2021-05-05,2021-07-09,24,0,False,CO,65,9600,500,True,0.004335956961653296,0.8122920763593552,0.6479512490143156,0.010285829633070584,0.7856576822026218,0.5826871809287499,0.006963407393430272,0.8459016521600373,0.7013260998248765,4.709273397905961e-05,0.8257509040706005,0.6818304048141741,4.749808613326733e-05,0.7918580670041614,0.6259613104894619
2021-05-05,2021-07-12,25,0,False,RD,68,9600,500,True,0.009463944218164912,0.8205590404255574,0.6537448597976496,0.022210264973992543,0.854706964712171,0.668506599806084,0.0154632221820618,0.840933997245292,0.7053675182105443,9.458634816659002e-05,0.7859771121818364,0.6056483991828865,8.770336843871493e-05,0.8006180875629305,0.6354569219910838
2021-05-05,2021-07-13,26,0,False,CO,69,9600,500,True,0.005384502990598067,0.7851703693496788,0.6163298608447265,0.012903445685901816,0.7540726700751459,0.5637908801316183,0.008524498743696736,0.8469092348546009,0.7167427793764548,6.537128373239208e-05,0.7487806746735256,0.5599719096633683,4.469624906132429e-05,0.7909188977954431,0.6248138742074647
2021-05-05,2021-07-14,27,0,False,CO,70,9600,500,True,0.003965059826569123,0.8029102821137969,0.6361090297410039,0.008233685682945682,0.7639492887779351,0.5549235998712054,0.007556510335950243,0.8531370790860265,0.7234830234269378,3.410651228868911e-05,0.7635459796738313,0.5769921901264119,3.593677509187701e-05,0.8310087809173949,0.6890373055394607
2021-05-05,2021-07-15,28,0,False,RD,71,9600,500,True,0.007566528300619815,0.8167536263749862,0.6651527281742697,0.01640809111983516,0.8722722811491153,0.7604555372291524,0.013671697171140619,0.877938356422479,0.7565140221801204,0.00010534777880842502,0.7294104644060743,0.5238986624138438,8.097713269505601e-05,0.787393403522276,0.6197426908739627
2021-05-05,2021-07-16,29,0,False,RD,72,9600,500,True,0.012074100514088497,0.7362769653809413,0.5305699035470639,0.0313542317790991,0.6896662493262948,0.42839538658320897,0.01657475576118503,0.8670759745366026,0.7315350402509486,0.0002344732524238195,0.6622893239892194,0.4375090699759193,0.00013294126364604046,0.7260763136716486,0.5248401173781789
2021-05-05,2021-07-19,30,0,False,RD,75,9600,500,True,0.008874769963724112,0.7908681373761816,0.6241793508833087,0.017987086875882404,0.8238595279398016,0.6733619612001552,0.017321458879762792,0.8249463986023071,0.6797417534563903,8.750746779993154e-05,0.7829352077379308,0.6115258076573908,0.0001030266314513211,0.7317314152246871,0.5320878812192986
2021-05-05,2021-07-20,31,0,False,CO,76,9600,500,True,0.004940172023750337,0.7725549699210374,0.5869539149115119,0.010301779752959693,0.7836001253762697,0.5850156570273359,0.009317022059338188,0.8326769101612252,0.6776907959470155,9.310039064368014e-05,0.711904900511698,0.5067426747052346,4.878589205978941e-05,0.7620379436349572,0.5783665319664615
2021-05-05,2021-07-21,32,0,False,RD,77,9600,500,True,0.008427568410615325,0.8116691519887286,0.6565807006819688,0.01647340806037904,0.8500693102861268,0.7112156868037128,0.01706870742177214,0.858428933498503,0.7354246130371263,9.315855214665074e-05,0.772236106939114,0.594486974864243,7.499960816346772e-05,0.7659422572311705,0.5851955280227931
2021-05-05,2021-07-26,33,0,False,RD,82,9600,500,True,0.008879330273984238,0.7913543021334517,0.6058141130287886,0.011274650616052144,0.8951787809416969,0.799904209551177,0.024019377968493228,0.7661882085308291,0.5014664746206106,0.00011540102456576167,0.7767217257962225,0.6001251497698643,0.0001078914868258121,0.7273284932650579,0.5217606181735024
2021-05-05,2021-07-27,34,0,False,CO,83,9600,500,True,0.004622201484991948,0.8130767812256502,0.6519917836964919,0.009324201192005136,0.808211680714821,0.6490550090369894,0.009075773540268157,0.8454106630286127,0.683290928867156,3.748906481520037e-05,0.8114644332331411,0.6566375730104185,5.134214287929726e-05,0.7872203479260258,0.6189836238714037
2021-05-05,2021-07-28,35,0,False,RD,84,9600,500,True,0.008649875379712431,0.814642570828082,0.6558610237563002,0.016248128447796318,0.8378941186812792,0.6726510368071824,0.01819945758045892,0.8389811867156105,0.7010180241114022,6.357772090354292e-05,0.7948460824888415,0.6308410799798326,8.833776969095074e-05,0.7868488954265966,0.6189339541267836
2021-05-05,2021-07-29,36,0,False,CO,85,9600,500,True,0.0050717039779766765,0.7778634565835556,0.5959933698773491,0.00926269010288775,0.8233771500337888,0.6627631697827632,0.01092547651534738,0.7951952387586496,0.6213268086237052,4.745684559185317e-05,0.7398666177428236,0.5334659803527072,5.119244807972146e-05,0.7530148197989603,0.5664175207502208
2021-05-05,2021-07-30,37,0,False,CO,86,9600,500,True,0.00446470976948228,0.8003999024369728,0.6191527956007099,0.009225322143903859,0.8162457690147473,0.619554466346794,0.00854862259952504,0.8292136813466783,0.6771857962044405,4.518644713905555e-05,0.7805633042498469,0.5787808718755592,3.9707887361167657e-05,0.7755768551366184,0.6010900479760457
2021-05-05,2021-07-31,38,0,False,RD,87,9600,500,True,0.009391211549215827,0.7975115715508805,0.6234918393047659,0.017021510266247205,0.8273920571094066,0.6799964457034304,0.020327135546201105,0.8612408446408031,0.6864854325417464,0.0001265226402110886,0.7077773419064184,0.4998477375772643,8.967774420390784e-05,0.7936360425468937,0.6276377413966225
2021-05-05,2021-08-02,39,0,False,RD,89,9600,500,True,0.008538863946717499,0.7970964946960312,0.6021938693241224,0.01810963363113567,0.7950124550562093,0.5878930479028028,0.01587506556096072,0.8857835287349147,0.7479032079639386,7.768153050637294e-05,0.7248352175140833,0.4606443858043823,9.30750642672365e-05,0.7827547774789175,0.6123348356253664
2021-05-05,2021-08-03,40,0,False,CO,90,9600,500,True,0.003900095525443851,0.789270987249384,0.6247248587747988,0.008057945216161249,0.8382978262545611,0.7019695223149716,0.007436362835819511,0.8464046471755271,0.7107299323943386,4.136997617600602e-05,0.7864726091562351,0.6162956389578862,6.470407361863691e-05,0.685908866411213,0.4699043414319989
2021-05-05,2021-08-04,41,0,False,RD,91,9600,500,True,0.009216198802630951,0.7930325320978862,0.6270730928710775,0.02379711108552822,0.8285490211481873,0.6860974972315339,0.012861516905128854,0.8540286814874445,0.7192431806531367,0.00011873654829490915,0.7877992745506397,0.6178854892733683,8.743067157182493e-05,0.7017531512052733,0.48506620432627123
2021-05-05,2021-08-05,42,0,False,CO,92,9600,500,True,0.005076276854007903,0.7348560763893371,0.5429034967699518,0.011623748973282083,0.8178563660401255,0.6608808333521965,0.008553662018130995,0.7999972560697325,0.6385907125483585,6.283928933939027e-05,0.7208123692961469,0.5192324145119647,6.485713527914445e-05,0.6007583141513435,0.35291002666728755
2021-05-05,2021-08-10,43,0,False,CO,97,9600,500,True,0.004972540543282251,0.7636182449433583,0.5681152383318946,0.010425186223389912,0.7300853413228174,0.4976759776241958,0.009335838722024047,0.8602630333282105,0.7208242109077887,7.065813244327282e-05,0.6863251188384971,0.45411957636390465,5.847909527177389e-05,0.7777994862839077,0.5998411884316897
2021-05-05,2021-08-11,44,0,False,RD,98,9600,500,True,0.008125123474255608,0.8061959910889933,0.6478762293933964,0.02085687944808099,0.8157002898864281,0.6561192357970599,0.01144043807343841,0.8920161533513837,0.7948355697231695,0.00013549962136916277,0.7275410718924589,0.5221344331330384,6.767675413387128e-05,0.7895264492257026,0.6184156789203177
2021-05-05,2021-08-12,45,0,False,CO,99,9600,500,True,0.0035615279346619213,0.8350269332462976,0.6977021852701549,0.008774406663080825,0.8209405066350184,0.6705736661840831,0.005385366670855956,0.9037546228573944,0.8147562779383866,5.219912875083539e-05,0.7679697047775019,0.5880486284039901,3.4139275960068334e-05,0.8474428987152756,0.7174301685541599
2021-06-16,2021-06-16,0,0,True,RD,0,960,50,True,0.011009255502314998,0.800695690273379,0.6395765856663946,0.0183758229643276,0.8483469661718044,0.719370517710537,0.025449891711022816,0.7987867110664736,0.6310692167551402,0.00013354117490376046,0.7731418144765487,0.5960407441883112,7.776615900581538e-05,0.782507269378689,0.6118258640115906
2021-06-16,2021-06-17,1,0,False,RD,1,960,50,True,0.013657017260895504,0.7643128355166446,0.4983104000200389,0.02980068817118145,0.8079964678868747,0.42265696437733147,0.02457872638090121,0.8281793637715547,0.5972807761294757,0.00011692760591297123,0.7112869811156919,0.48532269132514616,0.00013172688558638738,0.7097885292924577,0.4879811682482025
2021-06-16,2021-06-24,2,0,False,RD,8,960,50,True,0.01605484218632026,0.6864007690364223,0.4511271302514622,0.041451682477972845,0.623496235435187,0.3317621417701936,0.022473904417979997,0.7838759676597109,0.5846912492125882,0.0001654595770108698,0.6391424647418996,0.40334012976743927,0.00012832227231732754,0.6990884083088917,0.4847150002556281
2021-06-16,2021-06-26,3,0,False,RD,10,960,50,True,0.014282362304085545,0.7150990988642625,0.5029585677488777,0.02750095032911714,0.8367458807689961,0.684183367141003,0.029399964256255316,0.6883288023703165,0.4600749223268945,0.00015267968288868952,0.7157037910958041,0.4963735138391915,7.58549480810314e-05,0.6196179212219333,0.371202467688422
2021-06-16,2021-06-28,4,0,False,CO,12,960,50,True,0.0068937388523502095,0.724713634906888,0.4741233925890965,0.013334812625394737,0.7526473239039171,0.4923607561291853,0.014116259558623544,0.7668514774326459,0.4691553990933912,7.265892577407487e-05,0.6673524550145424,0.42877202706036577,5.122429960848281e-05,0.7120032832764466,0.506205388073444
2021-06-16,2021-06-29,5,0,False,RD,13,960,50,True,0.027375022400977916,0.7391908717422109,0.257502228475156,0.049681617222743175,0.7955318486942142,0.24663530531920008,0.05955706761033643,0.7562558452108359,-0.19268552272292405,0.00013799184785783224,0.7329527295085065,0.5345704470575299,0.00012341292297422698,0.6720230635552864,0.4414886842468183
2021-06-16,2021-06-30,6,0,False,RD,14,960,50,True,0.012161448218291467,0.7392409755659843,0.5354644967602012,0.023098407353375996,0.7960565362791472,0.6280693628432341,0.025238670865746327,0.749363269289655,0.5345981155603714,0.00018483381635094425,0.6983901303653759,0.4845605180527154,0.0001238808376925984,0.7131539663297596,0.4946299905844841
2021-06-16,2021-07-01,7,0,False,RD,15,960,50,True,0.020381075777500902,0.6844574325551376,0.4305872828010569,0.04923453294503033,0.6190487278362724,0.36818210781991223,0.032013559200772375,0.7441634937756882,0.41541980673465595,0.00015449291702940063,0.6951881164457917,0.47862596172038097,0.00012171804717150367,0.6794293921627981,0.46012125492927836
2021-06-16,2021-07-03,8,0,False,RD,17,960,50,True,0.016356430251789223,0.691647911351774,0.4532755581913439,0.029656746975246784,0.6734599459639163,0.40398861514816964,0.03553764979208447,0.7357983231523272,0.4968115878197433,9.949987233338378e-05,0.6510483981122337,0.4166463602627595,0.0001318243674922495,0.7062849781786189,0.4956556695347033
2021-06-16,2021-07-06,9,0,False,CO,20,960,50,True,0.00922914842330659,0.6238342280065439,0.36155152111604255,0.021369959793551035,0.5416801642885114,0.27359982796644444,0.015420871292363556,0.643186139922624,0.37112853238840915,6.582755579221762e-05,0.6553877815825524,0.4267009008826981,5.9935051519559155e-05,0.6550828262324877,0.3747768232266184
2021-06-16,2021-07-07,10,0,False,RD,21,960,50,True,0.0160271282740748,0.6738178558776177,0.4355850588862281,0.031839723689254674,0.6927763135666611,0.4126236051962936,0.03198765911082185,0.7151980702935881,0.508898534045024,0.00013016753024009151,0.6821397139681341,0.46228241900940514,0.0001509627659825927,0.6051573256820872,0.3585356772941898
2021-06-16,2021-07-08,11,0,False,RD,22,960,50,True,0.015327027513618103,0.7630711908069499,0.5182056633035956,0.029782824707290736,0.7966233760385515,0.6175888207687574,0.031245361881356026,0.7852845413711903,0.3750176494558166,0.00015061245357219326,0.7688691700089519,0.5882734381176953,0.000129311012253455,0.7015076758091057,0.4919427448721133
2021-06-16,2021-07-09,12,0,False,CO,23,960,50,True,0.009469642292127387,0.7315991685621922,0.36900970887525275,0.024713814890204328,0.7128376998356962,-0.002679621357620343,0.013032497843468788,0.7593111892136147,0.4410111688129704,7.080614172648576e-05,0.72870933916462,0.5216170405437979,6.145029310995118e-05,0.7255384460348381,0.5160902475018632
2021-06-16,2021-07-12,13,0,False,RD,26,960,50,True,0.015370339521136199,0.724064738112467,0.4837638011082659,0.03581261428645714,0.7491180450993914,0.4654883544364652,0.025417442229793315,0.7335848672872161,0.5157022257889077,0.0001253315333456661,0.7211668597963851,0.4774648586635598,0.0001259700349486747,0.6923891802668758,0.4763997655441309
2021-06-16,2021-07-13,14,0,False,CO,27,960,50,True,0.009056547305051954,0.6586042555216638,0.4161099262005102,0.021372221328773353,0.5928382694156645,0.2774985781013176,0.014701731461425564,0.7176196198995289,0.5114819396042032,9.221846336040647e-05,0.6192066695172826,0.37925780236512063,6.001796664849829e-05,0.7047524632541788,0.4962013847313993
2021-06-16,2021-07-14,15,0,False,CO,28,960,50,True,0.00835090318114858,0.6685733343985071,0.36007448803932185,0.01816999181041137,0.6017935266949046,0.017811116824858586,0.015136302065137405,0.6737635983789668,0.44611410592055156,4.841240309772067e-05,0.6379857504362683,0.3995626280475588,4.890644594782608e-05,0.7607504620838889,0.5768101013643185
2021-06-16,2021-07-15,16,0,False,RD,29,960,50,True,0.013003011012936636,0.7537566900136928,0.54340929295066,0.029731828361400897,0.7929332242443157,0.565940071882147,0.02206290838049489,0.7968296474760435,0.6070708154716221,0.0001193620395321209,0.6883429401653138,0.460563598767498,9.79452703186368e-05,0.7369209481690984,0.5400626856813727
2021-06-16,2021-07-16,17,0,False,RD,30,960,50,True,0.016078324481069158,0.6609105365729023,0.40251857919729606,0.03969112836278625,0.6451426347746747,0.2764092501539023,0.02417090120989194,0.786179132926506,0.6084986039065474,0.00028767745146973477,0.5638316270423028,0.3098745568996508,0.00016359090012869686,0.6484887515481258,0.4152919058290836
2021-06-16,2021-07-19,18,0,False,RD,33,960,50,True,0.014158907219726263,0.7064844185530057,0.48867112266302526,0.031121936067574827,0.6706199730065149,0.4348385466244048,0.025288229675455864,0.7475040897882548,0.532443303403525,0.00011120227938051727,0.713127210145112,0.506336810387771,0.00011426085649384292,0.694686401272141,0.48106583023640004
2021-06-16,2021-07-20,19,0,False,CO,34,960,50,True,0.008182407632544655,0.652406539048674,0.39203428984327693,0.017188252238189965,0.583606361108358,0.3076093905167774,0.015355103015888483,0.7254482700094469,0.4688119229853852,0.00012008269973661492,0.6127720924354405,0.363787081055842,6.619257636355562e-05,0.6877994326414505,0.4279287648151031
2021-06-16,2021-07-21,20,0,False,RD,35,960,50,True,0.01586231086409097,0.7336546593756552,0.4798446459773828,0.027716235776429406,0.7690621112462095,0.514125183826815,0.03551729887921329,0.7370992335124359,0.4494601809825701,0.0001263568562488486,0.7139900694055001,0.4499769495831871,8.93519444723475e-05,0.7144672233384759,0.505816269516959
2021-06-16,2021-07-26,21,0,False,RD,40,960,50,True,0.012566236914002061,0.7037190602756191,0.4571697489295653,0.018185763699123458,0.8335680547149746,0.6772498868292391,0.03177523996951771,0.7020564081488232,0.3404898985078305,0.00016351320069118565,0.6625079062085399,0.4334121652466073,0.00014043078667588989,0.6167438720301388,0.37752704513458435
2021-06-16,2021-07-27,22,0,False,CO,41,960,50,True,0.009160247972042785,0.695088740021951,0.3821488672473877,0.020217670921387328,0.7023058120234861,0.23904576996009885,0.016285085651159877,0.7359999048453785,0.4317140762697722,6.692241397152083e-05,0.654260218240635,0.3870574634354198,7.131290165241599e-05,0.6877890249783044,0.47077815932426004
2021-06-16,2021-07-28,23,0,False,RD,42,960,50,True,0.018094013578312026,0.7210970038953404,0.4177345384191795,0.03673164571146184,0.7609488356797475,0.25997223750137655,0.0354403597814646,0.7075985163500356,0.41778326376923325,8.481657024714689e-05,0.7185310947420678,0.5075194104589775,0.00011923225007452203,0.6973095688095106,0.48566324194713073
2021-06-16,2021-07-29,24,0,False,CO,43,960,50,True,0.007192811651154444,0.6754100549041224,0.4559412260789971,0.013221845939217696,0.7207206420609987,0.5186178783232411,0.01542177722420604,0.6825010566194962,0.4654866000598713,5.8347009205320895e-05,0.6550794620391498,0.42640804715370906,6.927643198871916e-05,0.643339058896845,0.413252378779167
2021-06-16,2021-07-30,25,0,False,CO,44,960,50,True,0.008355880590808083,0.6953763177422574,0.3882926711208665,0.02026112454720934,0.6864625300858028,0.16444605179768346,0.013046660740448917,0.7253503779379102,0.5073302920925762,6.088840231029484e-05,0.6590826555700534,0.43241034960978264,5.48486732637758e-05,0.7106097073752633,0.4489839909834238
2021-06-16,2021-07-31,26,0,False,RD,45,960,50,True,0.017599518986940347,0.6900962694981496,0.40443690025184054,0.02954572244318011,0.7122258192810775,0.44454187388848665,0.04055452452975799,0.7908497154384487,0.3745093012478885,0.00017749305247258634,0.5475167322094767,0.2983583680330032,0.00012033592235071545,0.7097928110635953,0.5003380578379839
2021-06-16,2021-08-02,27,0,False,RD,47,960,50,True,0.01798180772207956,0.6524382834868308,0.3131631530465169,0.03854712988976377,0.645736843031263,0.12281272307720792,0.03313190844826908,0.7788003080085037,0.47386372662415344,0.00011168916688027831,0.5209767875304823,0.2245237856536918,0.0001365033834051159,0.6642391953770739,0.43145237683101445
2021-06-16,2021-08-03,28,0,False,CO,48,960,50,True,0.007705729678011586,0.6145044420457558,0.36452207861010316,0.0166544489760172,0.6640857077305684,0.3840199640538221,0.014009143639850539,0.6794645994041624,0.45505268943074684,6.992937606215436e-05,0.5962233864322071,0.35140870166696114,8.93967201164512e-05,0.5182440746160855,0.26760695928888256
2021-06-16,2021-08-04,29,0,False,RD,49,960,50,True,0.015568617289430937,0.6628298115825504,0.41868076013118904,0.041209089301687166,0.6998419499571424,0.4564198897035282,0.020748035099574725,0.75291596092702,0.5470866784048816,0.0002022336815375486,0.6175950923132096,0.34917744045218246,0.00011511107492430954,0.5809662431328297,0.32203903196416384
2021-06-16,2021-08-05,30,0,False,CO,50,960,50,True,0.010171538155473378,0.5377797380054656,0.23640370934074234,0.026336854462429667,0.5729932118117065,0.23163067630307022,0.014155635986063557,0.696571479052382,0.4018961347427773,0.00010500568631042891,0.47110505071205705,0.1966279249702796,8.86564870898586e-05,0.41044921044571714,0.11546010134684226
2021-06-16,2021-08-10,31,0,False,CO,55,960,50,True,0.008098651096267024,0.5698667146636142,0.29964943994757975,0.01878913009672278,0.44806017957372574,0.09467023371222982,0.013400175736500666,0.7779205477033128,0.599285640358533,0.00010255873726329599,0.47983702039117065,0.2076664778846532,0.00010273981458135278,0.5736491109862475,0.29697540783490295
2021-06-16,2021-08-11,32,0,False,RD,56,960,50,True,0.016132778191228866,0.6605042459862069,0.4089508405218813,0.04229283875347856,0.6490870589091032,0.3026908101443685,0.021933994261032996,0.7903708296807253,0.6066518250985462,0.00020935937439009293,0.5124647764088909,0.2616537588008142,9.492037601381852e-05,0.6900943189461082,0.4648069680437963
2021-06-16,2021-08-12,33,0,False,CO,57,960,50,True,0.007457156185212758,0.6907842514277263,0.44254836070568315,0.01879505077455621,0.6179378883584972,0.2943585921772055,0.010890651764831212,0.8098618609042415,0.6253876491805226,8.676828185306257e-05,0.5993363975884083,0.31523162214031686,5.615391961054506e-05,0.7360008588597582,0.5352155793246878
2021-06-16,2021-08-16,34,0,False,CO,61,960,50,True,0.010718668581119807,0.5352640574206347,0.2857257605095207,0.032892562624628814,0.3500461297235882,0.07726523994879375,0.009748135452489141,0.7383113274345683,0.52904035619628,0.0001914946947373234,0.36967324489941955,0.11575275616570102,4.248155262395179e-05,0.6830255276249628,0.42084468972730815
2021-06-16,2021-08-18,35,0,False,RD,63,960,50,True,0.018438748390683046,0.5524988455997414,0.2708472349029094,0.050990831726531384,0.41931951638873965,0.08966801454242646,0.02241821888820622,0.7777450316430156,0.5591318245386481,0.0002208892139584652,0.38613759430525074,0.07005499585307007,0.0001250537340361194,0.6267932400619597,0.36453410467749314
2021-06-16,2021-08-19,36,0,False,CO,64,960,50,True,0.007505897884428664,0.6252326921637967,0.3836975550734263,0.017338785405412237,0.6414801272655776,0.40117146582742946,0.012499774126561196,0.6741844105904683,0.43597221695247435,0.0001173980944375137,0.5412013283798485,0.2907143293233747,6.763391130370953e-05,0.6440649024192924,0.4069322081904265
2021-06-16,2021-08-20,37,0,False,CO,65,960,50,True,0.008460310417408603,0.6141473262106731,0.34821332563195406,0.021078492304360482,0.5992582061201503,0.3373649693306716,0.012582610234015735,0.7365231607171221,0.46361258048279175,9.446000141726529e-05,0.5363967095929956,0.2716581111841184,8.56791298409292e-05,0.5844112284124245,0.32021764153023446
2021-06-16,2021-08-23,38,0,False,RD,68,960,50,True,0.013565999618323311,0.6711327537232419,0.43331904853758646,0.035931441452067184,0.5911735153116922,0.26797339217994187,0.01796396119483341,0.8588036473922189,0.6895657498120562,0.00022221857633349692,0.5309619883622794,0.28084477941970165,0.00014637725005915106,0.7035918638267769,0.4948922727386462
2021-06-16,2021-08-25,39,0,False,RD,70,960,50,True,0.015218808643796187,0.6734158686128241,0.39025932274893316,0.03330303065270245,0.6844394173154952,0.37853796338317947,0.027274924009900198,0.7620527464024648,0.4132424891485622,0.00015092968334039382,0.6117656290176264,0.37072958683836865,0.0001463502292417037,0.63540568171571,0.3985272516256223
2021-06-16,2021-08-27,40,0,False,CO,72,960,50,True,0.008604498907897207,0.6630102745021894,0.42958975196144766,0.015576177731399143,0.6893086646885209,0.44597280826732033,0.01868607329214059,0.6387725422340876,0.4028601617735854,6.908782282253916e-05,0.6942733060184698,0.47751165202439927,8.665678522655213e-05,0.6296865850676796,0.39201438578048553
2021-06-16,2021-08-30,41,0,False,CO,75,960,50,True,0.007826590410432611,0.6268265881496222,0.38142041876129495,0.016298355273628384,0.7005055382955705,0.4727702804085159,0.014832161401028825,0.6222479160148932,0.3500103780659005,0.0001250767460462892,0.5445235260451899,0.2947522963240271,5.076822102694406e-05,0.6400293722428354,0.4081487202467361
2021-06-16,2021-08-31,42,0,False,CO,76,960,50,True,0.009554144764313894,0.6586744334752136,0.3981640182166285,0.018161523615389346,0.6210815094028614,0.31849281406635743,0.01991426110111473,0.6337798396451392,0.33146926871972504,8.224005406258857e-05,0.662187957257472,0.4301818156380579,5.855428668890712e-05,0.7176484275953815,0.5125121744423735
2021-06-16,2021-09-03,43,0,False,RD,79,960,50,True,0.018907826742759756,0.5599501485939021,0.2695954841732963,0.033505104619534334,0.7115760699486532,0.40981224291993834,0.041651146674713514,0.5401909633704055,0.2710679957386313,0.0003113406991615037,0.451679835116953,0.13249115519092114,0.00016371497762966407,0.536353725939597,0.2650105428436945
2021-06-16,2021-09-06,44,0,False,CO,82,960,50,True,0.012189968872240088,0.49557810941088176,0.09041789767009403,0.021785732759174423,0.6084140510061748,0.30308221319432704,0.02670130597420209,0.41166427570038444,-0.22453622675674922,0.0001673890819529394,0.5234976582541393,0.2063372364763647,0.00010544767363090097,0.43873645268282846,0.07678836776643361
2021-06-16,2021-09-07,45,0,False,CO,83,960,50,True,0.008820042642307626,0.6702482907505938,0.4318118968222493,0.019966073244237798,0.6970323821088421,0.4326365890427424,0.015044370014253383,0.7089930536205871,0.4909609180543951,0.00017034701453538367,0.6696279973746077,0.4403556981906944,9.938029620393897e-05,0.6053397298983383,0.36329438200116515
2021-06-16,2021-09-08,46,0,False,CO,84,960,50,True,0.008105849228893017,0.6727083064647681,0.303514250985052,0.014815828300255804,0.6617137485367621,0.15784506868547354,0.017473352014420622,0.7002952015027719,0.29637447171149445,6.841480365229239e-05,0.6395818596784706,0.40152571781602087,6.580179724335177e-05,0.6892424161410677,0.35831174572721936
2021-06-16,2021-09-13,47,0,False,CO,89,960,50,True,0.009821408622917298,0.6369967134353244,0.3674075977037964,0.020611600498607895,0.6334423708341935,0.31192836398164603,0.018471320240294416,0.7050010749509046,0.4391748591387046,9.54585769701126e-05,0.6294370924325245,0.38897579608432375,0.00010725517579677101,0.580106315523675,0.3295513716105113
2021-06-16,2021-09-14,48,0,False,CO,90,960,50,True,0.005990113739276876,0.6787299599643895,0.4326187834200127,0.01136639606248724,0.7403863179377974,0.4781282983648788,0.012441468933908866,0.6771440834669633,0.44180024781922633,8.502089342381688e-05,0.6436163429923687,0.39235783645529854,6.756906728758255e-05,0.6537730954604282,0.41818875104064723
2021-06-16,2021-09-15,49,0,False,CO,91,960,50,True,0.009929692257890657,0.5434964474253621,0.1911845959109829,0.02063497647229251,0.6181061813875222,0.12642886877731985,0.018930491063448008,0.5112846566083169,0.1320592016147374,8.771350824220469e-05,0.5145561264377068,0.2556742640971005,6.558798757990916e-05,0.5300388252679025,0.25057604915477394
2021-06-16,2021-06-16,0,0,True,RD,0,1920,250,True,0.011393036709956757,0.7965224265966437,0.6317025480312081,0.019237856818045945,0.8415634254355603,0.7062058221997789,0.026120728486498344,0.7942866993801095,0.6213445255927629,0.00013488625753442705,0.7702692725885959,0.591971897415914,7.867527774831751e-05,0.7799703089823092,0.6072879469163762
2021-06-16,2021-06-17,1,0,False,RD,1,1920,250,True,0.011675391505879965,0.7708769353871245,0.5333275725672558,0.024718146330074433,0.8341221112966737,0.5211234869746725,0.021733621398546475,0.8498478384021941,0.6438974499378624,0.00011803227112650274,0.6960292587031336,0.4804603141760724,0.0001317660237724539,0.703508533146497,0.4878290391804161
2021-06-16,2021-06-24,2,0,False,RD,8,1920,250,True,0.013732380022595502,0.7128928366270328,0.5009644290819181,0.03442442174718275,0.6815824950429692,0.44504781268260973,0.020222347160953842,0.7986486137141265,0.6262991253675547,0.00016585376261202974,0.6413711376901314,0.4019186663871709,0.00011689741963339134,0.7299691000609039,0.5305921118903371
2021-06-16,2021-06-26,3,0,False,RD,10,1920,250,True,0.014749107044107706,0.7098067741807907,0.4871346201089336,0.029099269559959135,0.821740440388561,0.6658285178838899,0.029663162431899932,0.7069768297002545,0.4552413349731921,0.00015371477796667732,0.7064941786423238,0.49295916762687064,8.028140660507749e-05,0.6040156479920238,0.3345094599517816
2021-06-16,2021-06-28,4,0,False,CO,12,1920,250,True,0.008253338384180285,0.7133160451799596,0.42275016260462084,0.01843598743387454,0.6721713387947756,0.29816556228761604,0.014453326246456082,0.7947267045828286,0.45647994277733983,7.428294324270274e-05,0.6635121746700368,0.4160043705510006,4.975691314782176e-05,0.7228539626721977,0.520350774802527
2021-06-16,2021-06-29,5,0,False,RD,13,1920,250,True,0.01969245493987673,0.7481944634216351,0.40673511291202136,0.03717957782136184,0.8183390818427658,0.4362143815050966,0.04133871394495841,0.7342855000997466,0.17215390837041178,0.00013609641135768275,0.7360579647896568,0.5409635215513529,0.00011543158182898914,0.7040953069543708,0.47760864022122407
2021-06-16,2021-06-30,6,0,False,RD,14,1920,250,True,0.011579434431621669,0.7556230920840936,0.5500142716548756,0.024343505087732423,0.8099695733823398,0.6080207947070442,0.021670005571409284,0.7974272163883236,0.6004044158110264,0.0001802896720110761,0.7081759165329504,0.4972326115617739,0.00012393739533388706,0.7069196620327607,0.4943992645396579
2021-06-16,2021-07-01,7,0,False,RD,15,1920,250,True,0.017572275944771253,0.7130557240471519,0.4857120504176848,0.04248947639206404,0.6813845581025654,0.45474020351036426,0.027535533227243718,0.7619268999586117,0.49719032380323147,0.00015300955626681284,0.696431934740843,0.48363192449127446,0.00011108460351044593,0.7124795033865876,0.5072857498658689
2021-06-16,2021-07-03,8,0,False,RD,17,1920,250,True,0.014964253825165629,0.6971635792914209,0.47700315555131667,0.028830324972934543,0.6595327505169155,0.42059721090822577,0.0307981146369954,0.7662181623785188,0.563920110277325,9.916719815969713e-05,0.650688103194659,0.4185967817609545,0.00012940849257287492,0.7122153010755903,0.5048985192587614
2021-06-16,2021-07-06,9,0,False,CO,20,1920,250,True,0.00911145518261721,0.6665819162887481,0.394070103762578,0.022199951921550085,0.614088105716192,0.24538702689477598,0.01413117934364962,0.6686907062339156,0.4237228672465322,6.012756083161831e-05,0.6906498116426045,0.4763427558256258,5.456190443751751e-05,0.6928990415622802,0.43082776508337806
2021-06-16,2021-07-07,10,0,False,RD,21,1920,250,True,0.014583356911501701,0.7098398335995899,0.48482728987345225,0.025140471676771848,0.7484369173569081,0.5362108113346942,0.03293295546211087,0.7425154754495515,0.4943855488255814,0.0001141842917878126,0.728367713779343,0.5283086261680026,0.00014581621533626683,0.6200392278125572,0.380404173165531
2021-06-16,2021-07-08,11,0,False,RD,22,1920,250,True,0.013379183541761687,0.7743576145907224,0.5484393837020312,0.02666446549840548,0.8134849930898044,0.6576285226458093,0.026568241873678174,0.8073572328081442,0.4685712932662264,0.0001535099779034989,0.7736620872520983,0.5803525278436523,0.0001305168170595952,0.7029261452128429,0.48720519105243676
2021-06-16,2021-07-09,12,0,False,CO,23,1920,250,True,0.0053770196116133,0.7533493120793724,0.5579750612894058,0.011879992134971953,0.7392188342804835,0.5180094182729107,0.009507868580786177,0.7738522552889127,0.5921892787638522,6.114361073681996e-05,0.7679315394692658,0.5868993742222695,5.90741199582535e-05,0.7323946192788275,0.5348021738985906
2021-06-16,2021-07-12,13,0,False,RD,26,1920,250,True,0.013399390986893885,0.7386693948999462,0.5290735636369748,0.033635438665795776,0.7320850130157788,0.4979832098628838,0.01972048258488332,0.7921928284877912,0.6242507119369869,0.00012153214500080897,0.72115738550743,0.493305356842868,0.00012011055189563614,0.709242352588785,0.5007549759051602
2021-06-16,2021-07-13,14,0,False,CO,27,1920,250,True,0.0076404294566316385,0.7049405244455311,0.48704085935254743,0.018541863513894696,0.6455581636183979,0.37318060919552043,0.011880844566610396,0.7818869476070341,0.6052160822843882,8.21644711282482e-05,0.6687277176865591,0.4469333741083107,5.684527489321639e-05,0.7235892688701333,0.5228333718219704
2021-06-16,2021-07-14,15,0,False,CO,28,1920,250,True,0.006369997684267102,0.7025059764517609,0.46558224575277746,0.01424423964548171,0.5843822666931949,0.23001980545427625,0.01114496504465668,0.7804030733388476,0.5921699433799039,4.648205538009553e-05,0.6577394074025786,0.4235038669938197,4.430399154992163e-05,0.7874991583724229,0.61663536718311
2021-06-16,2021-07-15,16,0,False,RD,29,1920,250,True,0.011033957140028704,0.7602195995096894,0.5689479095730523,0.02483844556529148,0.7990210238843546,0.6373793846251832,0.01907509658141508,0.8141584332178747,0.660282225023347,0.00012437487320582003,0.6850388692172243,0.4379089510460198,9.791154020243616e-05,0.7426600717193041,0.5402210775976594
2021-06-16,2021-07-16,17,0,False,RD,30,1920,250,True,0.01489002995839251,0.6723547557769088,0.4457529246941503,0.03791125319741828,0.5978242848633172,0.3088573376400864,0.021232633264655874,0.8109653044642284,0.6560903752131872,0.00026017289783506853,0.6135760929462344,0.3758567608138784,0.0001560604736608204,0.6670533408338555,0.442207225109449
2021-06-16,2021-07-19,18,0,False,RD,33,1920,250,True,0.013515008763434477,0.7199605020985407,0.5010428743372748,0.030119908052824704,0.7141349215356099,0.45303495985234865,0.023715148027057393,0.7582459942800557,0.5615281728641812,0.00011126896047325863,0.7119993872456154,0.5060407912673635,0.00011371001338255744,0.6954617053328815,0.4835675733652057
2021-06-16,2021-07-20,19,0,False,CO,34,1920,250,True,0.007057242813213729,0.698772395508652,0.4605142053438291,0.016393027681633345,0.6608847102826856,0.3396432475814818,0.01166554856061088,0.7779971736769284,0.5964468424067456,0.00011320710917206469,0.6389259710637591,0.40021480588324787,5.7187901438626726e-05,0.7172817270112348,0.505751925503841
2021-06-16,2021-07-21,20,0,False,RD,35,1920,250,True,0.01169216881983631,0.7594148800983165,0.5647996026249885,0.022035393812597108,0.8102438660874631,0.6137122297428141,0.024533955018697633,0.7950893651536282,0.6197087171040316,0.00010884780058753103,0.7254798059726401,0.5261927125473231,9.047864746297279e-05,0.7068464831795349,0.49958475110578526
2021-06-16,2021-07-26,21,0,False,RD,40,1920,250,True,0.011890266539497988,0.7385561463145721,0.501683690486661,0.017403676975141676,0.8507976091122402,0.6911298966462938,0.02988520968457775,0.7212305284913918,0.37971836904777934,0.0001471289607063766,0.7117453817814579,0.49018501916807866,0.00012505053756614758,0.6704510658731988,0.44570147708449215
2021-06-16,2021-07-27,22,0,False,CO,41,1920,250,True,0.00892898233144426,0.7029678502194794,0.4183427027920238,0.013820097819368462,0.7459828964279607,0.4798381111204668,0.021768556489238335,0.6665530339944521,0.24036234762576358,5.886834111788266e-05,0.6962458210811734,0.46082473439318494,6.840667605235954e-05,0.7030896493743314,0.49234561802867993
2021-06-16,2021-07-28,23,0,False,RD,42,1920,250,True,0.01179725242284927,0.7581826886923604,0.5574134786920324,0.0211332643655359,0.7905091931456747,0.5742308290358109,0.02586973355105355,0.7630725885521801,0.5750101881547118,7.850366995333278e-05,0.7463615430521363,0.5441747579854339,0.00010750810485430585,0.7327874300194501,0.536238139592173
2021-06-16,2021-07-29,24,0,False,CO,43,1920,250,True,0.00672955669593645,0.7076470819324656,0.4932020254752132,0.01304858149307871,0.7413857795685916,0.5249261054102125,0.013751422951521963,0.7262510611870049,0.5233804944156726,5.45139448451319e-05,0.6840278705746672,0.46408975358033133,6.370839429999891e-05,0.6789236163995993,0.46041174849463606
2021-06-16,2021-07-30,25,0,False,CO,44,1920,250,True,0.006818078999585316,0.7117034830395645,0.47476448341216765,0.015828887671394613,0.6699151965909185,0.34722825681921954,0.011337787297407658,0.7617384302176013,0.5718609943759347,5.6951304588259295e-05,0.6910471085562221,0.469111196319706,4.868972495073452e-05,0.7241131967935159,0.5108574861338104
2021-06-16,2021-07-31,26,0,False,RD,45,1920,250,True,0.016502446732046833,0.7242469996319678,0.4581439026654719,0.023505147654788245,0.7497655976778366,0.5581043822701722,0.04223852431443968,0.7797971087625237,0.3485362140465813,0.00015517352277615915,0.6313657267484991,0.3865889270480144,0.00011094143618325203,0.7360595653390121,0.5393460872971196
2021-06-16,2021-08-02,27,0,False,RD,47,1920,250,True,0.01660016384316384,0.6896983530139349,0.32083595974473733,0.035555740181725526,0.6728655764715273,0.19088546934166428,0.030594785999899534,0.8045129356031617,0.5141533511161316,0.00013674416756167144,0.5443490246170399,0.05056280428404991,0.00011338502346862032,0.7370658753640107,0.5277422142371037
2021-06-16,2021-08-03,28,0,False,CO,48,1920,250,True,0.00510206892467681,0.7260266555383748,0.5230779671431827,0.010837174287278064,0.7800107215946398,0.599177191833522,0.009439439884529215,0.8097217956036089,0.6328114329756978,5.63823416111934e-05,0.6945558079324247,0.477056736268351,7.527918528876833e-05,0.6198182970228254,0.3832665074951598
2021-06-16,2021-08-04,29,0,False,RD,49,1920,250,True,0.01322681824411345,0.7240411680627198,0.5037012479083001,0.03352338160188005,0.7699315850244618,0.5578003839091246,0.019120598829588747,0.7950767137468078,0.5826123348434917,0.00015912178654467262,0.7027827326393544,0.48791888862688104,0.00010417075844032517,0.6283736408402549,0.3864733842537027
2021-06-16,2021-08-05,30,0,False,CO,50,1920,250,True,0.006973354256282397,0.6400120025801035,0.40389000273042097,0.017514678717411122,0.7103901266763405,0.4890148381210795,0.010213656369448706,0.7603873927488702,0.568452639006078,8.817931658530505e-05,0.5771310689188047,0.32536224437967964,7.69026216844575e-05,0.5121394219763984,0.23273028941484686
2021-06-16,2021-08-10,31,0,False,CO,55,1920,250,True,0.007268454287612828,0.6595298406614688,0.40173377868317894,0.01455246414564554,0.6029368138133249,0.2988084655294184,0.014348115025378248,0.7990350062785906,0.570938781885111,8.764977547408111e-05,0.5892664928542347,0.32284798772720236,8.558820395344674e-05,0.6468810496997253,0.41433987959098406
2021-06-16,2021-08-11,32,0,False,RD,56,1920,250,True,0.011491543833330276,0.7445269146550071,0.5397002538566131,0.030685843919869595,0.7452538425681576,0.49406278711805096,0.015027161168802974,0.8554771142961176,0.7305139068901958,0.0001712805040862167,0.6400079744523044,0.39594624434097325,8.188974056231521e-05,0.7373687273034487,0.5382780770772329
2021-06-16,2021-08-12,33,0,False,CO,57,1920,250,True,0.006149644239818749,0.7434241880477762,0.5343836328562368,0.015724443111113453,0.6627436323685504,0.40964148981302584,0.008753460318465635,0.8644046580335212,0.6989019189563404,7.22047458791802e-05,0.6662933795681576,0.4301658894988052,4.846878381672521e-05,0.7802550822208755,0.5988252331567756
2021-06-16,2021-08-16,34,0,False,CO,61,1920,250,True,0.008445601689579295,0.6333238365682107,0.39475170075961163,0.02461566075956911,0.5593865785658683,0.3094570926658161,0.008957306775642805,0.7782371549818481,0.5672474978360912,0.00017277015616953424,0.48452287574135977,0.20221531662121794,3.666906693573614e-05,0.7111487369837667,0.5000868959153213
2021-06-16,2021-08-18,35,0,False,RD,63,1920,250,True,0.01504076745595284,0.6334711050957667,0.3884520361948481,0.04316622323894517,0.5464352856782775,0.22935962455839587,0.01669955168444176,0.8242375503623076,0.6715929611154102,0.0001876827105441379,0.49315284766779005,0.20985458770253085,0.00010961218988029009,0.6700587366746917,0.4430009714030554
2021-06-16,2021-08-19,36,0,False,CO,64,1920,250,True,0.006632885052484047,0.6823056768728064,0.45638434914281123,0.015496798062131759,0.6842043573376801,0.4647880661226709,0.010873836951748754,0.7394579318237761,0.5093394418957873,9.62033866040591e-05,0.6473136403083002,0.41876668513438386,6.470180945162076e-05,0.6582467780214694,0.4326432034184028
2021-06-16,2021-08-20,37,0,False,CO,65,1920,250,True,0.008084646710843645,0.6481420768643662,0.39515413934073607,0.02144925277468521,0.5957268371022801,0.32570954008662756,0.010724587450503104,0.7646057020977566,0.542818725131401,8.59019752782058e-05,0.6200233817034383,0.33764550086373557,7.88446429080622e-05,0.6122123865539897,0.3744427912811803
2021-06-16,2021-08-23,38,0,False,RD,68,1920,250,True,0.012010423000169683,0.7074480083046442,0.48641108441487846,0.031633729960571885,0.650930801280601,0.35553011234953,0.016067412874075534,0.8576313316724535,0.7223398996509574,0.00020009908739019208,0.5985983648826214,0.35242901064199483,0.0001404500786411132,0.7226315353829003,0.5153453150170314
2021-06-16,2021-08-25,39,0,False,RD,70,1920,250,True,0.011820687585892211,0.7165280528631639,0.485226979068358,0.026220762428769546,0.7405830397751105,0.5106989333624921,0.020790835723326493,0.7882648008419753,0.5527327954016601,0.0001368205041848893,0.6614118668214078,0.42955492059681843,0.00013433168728791653,0.6758525040141619,0.44792126691246137
2021-06-16,2021-08-27,40,0,False,CO,72,1920,250,True,0.006679655145065571,0.7175379698041673,0.5055175332485795,0.011785956703762283,0.768424731330901,0.5807867239916356,0.014783051446338617,0.7269890705496488,0.527586732046465,6.698928819269729e-05,0.7229985988237787,0.49338217518058636,8.262314196868323e-05,0.6517394785123409,0.420314501775631
2021-06-16,2021-08-30,41,0,False,CO,75,1920,250,True,0.006638058153773436,0.6626732787036659,0.41019109430887446,0.014784664789102989,0.7424928824367664,0.5217361175317212,0.011579114861456838,0.7254385129715837,0.4925685955246021,0.0001367957978397886,0.5481160155020552,0.22867419125750632,5.165716669413138e-05,0.6346457039042578,0.3977854729216682
2021-06-16,2021-08-31,42,0,False,CO,76,1920,250,True,0.006590353365515376,0.7398425218060217,0.5373328550263603,0.014164971920875468,0.6963887303743919,0.4684625388783521,0.012074916611098786,0.7837807585969623,0.594639600677208,7.01469196584915e-05,0.7179550724561774,0.5139717397563378,5.137801042875953e-05,0.7612455257965554,0.5722575407935431
2021-06-16,2021-09-03,43,0,False,RD,79,1920,250,True,0.01813929884215071,0.5756011239285654,0.3092964216491303,0.03237782431353995,0.711492889535122,0.4296691286975002,0.03974223510805984,0.5722527589611124,0.3044756410336247,0.0002733511011481367,0.49971896842879965,0.23834404360574968,0.00016378484585489572,0.5189398787892275,0.26469687325964675
2021-06-16,2021-09-06,44,0,False,CO,82,1920,250,True,0.011141964954102308,0.5574311240471349,0.1993955245615252,0.02007254384393101,0.6244880323183217,0.3578865128885228,0.024263333831579765,0.49783426077586634,-0.11272951545396936,0.00014536738461772626,0.5937110820368937,0.31075146087279293,8.661475628073221e-05,0.513691121057458,0.24167363993875446
2021-06-16,2021-09-07,45,0,False,CO,83,1920,250,True,0.007939721875382784,0.701161910613561,0.4830957262497713,0.020045332573796277,0.6762627886041483,0.430384326265861,0.011462565021877867,0.7891720191903211,0.6121543427906653,0.00015950205719253308,0.6936672658442088,0.47598484377240713,9.148784866445723e-05,0.645545568815566,0.4138593921701521
2021-06-16,2021-09-08,46,0,False,CO,84,1920,250,True,0.006851858953511646,0.704182466662193,0.37970708407566,0.014182762510028436,0.6984720794251731,0.19382952168276568,0.01310018757563349,0.7474503718772791,0.47247520704805834,6.621611025232274e-05,0.660497266984979,0.4207592956974564,5.8269618132335384e-05,0.7103101483613407,0.4317643118743596
2021-06-16,2021-09-13,47,0,False,CO,89,1920,250,True,0.007658144359318844,0.6956634333190606,0.46414145813262464,0.01805231429897919,0.6836435357105515,0.39736434177175783,0.012396198676198221,0.7978795409566011,0.6236273434555178,9.231878761339969e-05,0.6451438573141037,0.40907338556283734,9.174567448457116e-05,0.6559867992949862,0.4265007617403852
2021-06-16,2021-09-14,48,0,False,CO,90,1920,250,True,0.005271122894637903,0.7158137346801534,0.49738227591835477,0.011258633217550362,0.7198810081243959,0.48307607415511844,0.009689859493332639,0.7578149055614536,0.5652541354579879,7.668058603245994e-05,0.6796872387652412,0.45196580131928965,5.9318281636152005e-05,0.7058717862695227,0.4892330927410231
2021-06-16,2021-09-15,49,0,False,CO,91,1920,250,True,0.007188991668824092,0.6363077747421213,0.3630444123966219,0.015478991851320711,0.6867008860401764,0.3447048296904305,0.013143919111023743,0.6563916156281644,0.39736673449741067,7.836862578310155e-05,0.5812036685224263,0.33497375459394996,5.468708716881202e-05,0.6209349287777177,0.3751323308046962
2021-06-16,2021-06-16,0,0,True,RD,0,3840,250,True,0.011204859356015045,0.7976231861731327,0.6347870937662502,0.018955150329943233,0.843369544885586,0.7105232220544764,0.025650425351063696,0.7964857151291911,0.6281622089875911,0.0001362600169516548,0.7677439359247096,0.5878163039650735,7.760172610159876e-05,0.782893548753044,0.6126466400578598
2021-06-16,2021-06-17,1,0,False,RD,1,3840,250,True,0.008950237141961909,0.7863033427357804,0.5986670723169532,0.017081802367224858,0.8357483866740218,0.6690660438460236,0.018483696201183855,0.856469806673741,0.6971470501342394,0.00010949450287944198,0.725678171620812,0.5180407944157639,0.00012595549655948529,0.7273170059745468,0.5104144008717857
2021-06-16,2021-06-24,2,0,False,RD,8,3840,250,True,0.01133105025263709,0.7435731022266279,0.5506329662916484,0.027180182625492752,0.7541301653394731,0.5618313675541184,0.017872026380363122,0.8233262646379674,0.6697321118741584,0.00015426228434949255,0.6695907709747115,0.443718422199883,0.00011772972034299976,0.7272452079543594,0.5272499635384339
2021-06-16,2021-06-26,3,0,False,RD,10,3840,250,True,0.012463284471000318,0.7521851907478638,0.5424580417423666,0.02564950138124525,0.8514183014000833,0.7054451186670276,0.023985694190423856,0.7564023487890263,0.5595070223239291,0.00014256110947608746,0.7419978170440434,0.5297504601121554,7.53812028560763e-05,0.6589222957583023,0.37512956586635415
2021-06-16,2021-06-28,4,0,False,CO,12,3840,250,True,0.007074186218156564,0.7293122743263654,0.4783238320352718,0.0190386896157594,0.6783962865459275,0.27522146187268703,0.009139427864076887,0.823231316089831,0.6563100928491492,7.04773092659792e-05,0.6794547241444708,0.44592340058226543,4.8150083523990063e-05,0.7361667705252319,0.5358403728369854
2021-06-16,2021-06-29,5,0,False,RD,13,3840,250,True,0.014800984229182782,0.7725363481369779,0.5108562816169545,0.029335028243465188,0.8385271361632408,0.5551679709416967,0.029634090816661886,0.7736671625995313,0.40654984346551626,0.00012526297608370915,0.7618504626255169,0.5775033680326573,0.00010955488052035203,0.7161006311596226,0.5042039440279478
2021-06-16,2021-06-30,6,0,False,RD,14,3840,250,True,0.009381120591734446,0.7813661104122156,0.6090132687341089,0.019597190143202346,0.8318388646676472,0.6844459747837017,0.017647296205932538,0.8234354333485518,0.6745833030117276,0.00016986352842111784,0.7265671626413587,0.5263076269286178,0.00011013248938178745,0.7436229809913043,0.5507161702123884
2021-06-16,2021-07-01,7,0,False,RD,15,3840,250,True,0.014568158260786768,0.7530579579624816,0.551643405597811,0.035043759821498,0.7428505463598292,0.5502897429898534,0.022987986983532344,0.7967883643181326,0.5802303083722621,0.0001362264771374274,0.7390750210169406,0.5402705193777242,0.00010465976097929949,0.7335179001550244,0.5357830516514039
2021-06-16,2021-07-03,8,0,False,RD,17,3840,250,True,0.012768541882242721,0.7306986003339031,0.5273262396187504,0.02518358010252313,0.720357966501439,0.4938858107074332,0.025673852659347757,0.8006557753627891,0.6364760970466724,9.418639339906964e-05,0.6728114932843223,0.4477985336606678,0.00012254837370093412,0.7289691661870619,0.5311445170602282
2021-06-16,2021-07-06,9,0,False,CO,20,3840,250,True,0.007882847954179288,0.6984585109563481,0.4564356478472754,0.019284812555721235,0.6506939369778146,0.3444774209477821,0.012139298807649489,0.7235442037943374,0.5049528322875914,5.539823410392425e-05,0.7227413441301797,0.5175309591515485,5.1882219242500316e-05,0.6968545589230606,0.45878137900217975
2021-06-16,2021-07-07,10,0,False,RD,21,3840,250,True,0.01444057132950823,0.7274645541653522,0.5088414662524425,0.023538092509485915,0.763194719939722,0.5657713598989588,0.03398386740478874,0.7390085008729828,0.4782510641528944,0.00010596078279498105,0.7498749320133019,0.5622796583810563,0.00013436462096328425,0.6577800638354023,0.42906378257686073
2021-06-16,2021-07-08,11,0,False,RD,22,3840,250,True,0.012392720059638042,0.7956070652733314,0.5888592302226416,0.02313344363639358,0.8403499189261612,0.7029668089707031,0.026188096275154008,0.8088540669730852,0.47617511909537835,0.0001304656116931929,0.8024998163328521,0.6433484982663649,0.00011887471531139051,0.7307244588612274,0.5329464945581204
2021-06-16,2021-07-09,12,0,False,CO,23,3840,250,True,0.005195502620938454,0.7680263063982674,0.5832306353158679,0.011566599689362569,0.7421839454441861,0.5307242589438468,0.00910484669064255,0.783989650447285,0.6094756607007634,5.6674140752582725e-05,0.7859159937207367,0.6170961654345251,5.388996299610975e-05,0.760015635980862,0.5756264561843366
2021-06-16,2021-07-12,13,0,False,RD,26,3840,250,True,0.011243350159190403,0.7854165727539025,0.6008549845263225,0.026122554522169796,0.8057766752473443,0.6101147631311491,0.018646320876026905,0.8099122957277585,0.6447175283868409,0.00010205689866122359,0.7671931778483064,0.5745020064565796,0.00010246833990368962,0.7587841421922011,0.5740856401307202
2021-06-16,2021-07-13,14,0,False,CO,27,3840,250,True,0.00699335307764222,0.7456286735032956,0.5364041641064337,0.016786094890456734,0.7069883138942772,0.4325354749085749,0.011063294218136425,0.8044207516352828,0.6323821417080913,7.322432993992068e-05,0.7125439444473561,0.5071113762803918,5.079887203580241e-05,0.7585616840362667,0.573587663528677
2021-06-16,2021-07-14,15,0,False,CO,28,3840,250,True,0.004992809413452769,0.7530755527695472,0.553367863772451,0.009561226023049124,0.7181631822355918,0.48316267792797063,0.010324443578816725,0.7959989163292642,0.6221954584470821,4.0395244528035416e-05,0.7126530471121495,0.4989958582549321,4.517280741719252e-05,0.7854870654011832,0.6091174604598187
2021-06-16,2021-07-15,16,0,False,RD,29,3840,250,True,0.009268824779087432,0.7868398645087678,0.6143533239721022,0.021341098794617232,0.8354427621976162,0.6884377342641471,0.015526575070320845,0.8511649208529541,0.7234795895588556,0.00011598638409853194,0.7009868537822491,0.47581929836876147,9.163886731311922e-05,0.7597649212022517,0.5696766736966445
2021-06-16,2021-07-16,17,0,False,RD,30,3840,250,True,0.012945806818005945,0.7034110427712641,0.4925868420852966,0.032676183687598864,0.656513037243536,0.404295487885729,0.018706590249155487,0.8376009173973438,0.6970052487866967,0.000255562399595915,0.6222789815201113,0.38691714154220236,0.00014489093567351792,0.6972512349240654,0.48212949012655837
2021-06-16,2021-07-19,18,0,False,RD,33,3840,250,True,0.01058353750304355,0.756960806493683,0.5680970600784998,0.02210323176000765,0.781321141659262,0.5986144769830519,0.02001805164765412,0.7977483630769022,0.6298841705887004,0.00010414478294212519,0.7346093248033814,0.5376673390591462,0.00010872182157029719,0.7141643964351865,0.5062222536831005
2021-06-16,2021-07-20,19,0,False,CO,34,3840,250,True,0.00649263980897021,0.7432050689082335,0.5175138526033365,0.013586439564105003,0.7254635318106544,0.4527004235138997,0.01223524867636263,0.800193503010386,0.5767388724473097,9.784637222739313e-05,0.6979988784983473,0.481597880298946,5.1024623185810496e-05,0.7491643623135458,0.5590182341531904
2021-06-16,2021-07-21,20,0,False,RD,35,3840,250,True,0.01063800062691428,0.7820286194100443,0.5964859602486291,0.020666084206798784,0.8345472137673418,0.6377166818036253,0.021698014327746727,0.8184251183522917,0.6636675294013834,0.00010511824784768024,0.7371776088785622,0.5424272093175118,8.278572526393264e-05,0.7379645366419816,0.542132420471996
2021-06-16,2021-07-26,21,0,False,RD,40,3840,250,True,0.010351322859492319,0.7482391498616671,0.5412788983556134,0.0127221644819028,0.8817798724444654,0.7742145947651858,0.028423410960209283,0.709410460555533,0.4100586914495681,0.00013649352048844494,0.7260030223733472,0.527037768788629,0.0001232224753687403,0.6757632440733229,0.45380453841907076
2021-06-16,2021-07-27,22,0,False,CO,41,3840,250,True,0.004630307558586438,0.7870846191185883,0.6151339598938346,0.009316841304519484,0.8087765053320656,0.649332021039836,0.009097977023654166,0.8323368450622668,0.6825161139637326,4.696323514638962e-05,0.7596731371768177,0.5698636261364268,5.9448671025713114e-05,0.7475519889032031,0.5588240784353424
2021-06-16,2021-07-28,23,0,False,RD,42,3840,250,True,0.01012904798280312,0.784653135737031,0.6042910433698508,0.018645229119925017,0.8136688485730916,0.6243569565251816,0.021699760511908896,0.8046167273871607,0.6435148000715144,7.515713181720103e-05,0.7549621991214368,0.5636061623607966,9.604516756136171e-05,0.7653647678664348,0.5856862545219109
2021-06-16,2021-07-29,24,0,False,CO,43,3840,250,True,0.006115586171100864,0.7340312421939991,0.5274673451426468,0.012051554462989259,0.7666007157202777,0.5612259525964469,0.012298173757779337,0.7648012784257325,0.5737496027366245,5.237405664582663e-05,0.6996634638466128,0.48512635284787886,6.024240698903161e-05,0.7050595107833734,0.489767472389637
2021-06-16,2021-07-30,25,0,False,CO,44,3840,250,True,0.005895902256331751,0.740768382994178,0.5201570619579402,0.012406346586592043,0.7525988576610938,0.4883713463663054,0.011075020265979958,0.7663888709243871,0.581783637356895,5.192484752368009e-05,0.7228094307686452,0.5159668354847293,5.031732523131926e-05,0.7212763726225858,0.4945064286238312
2021-06-16,2021-07-31,26,0,False,RD,45,3840,250,True,0.011425007626381305,0.7567939006073984,0.5606267589814333,0.019619026434729087,0.796697471411679,0.6311632697246065,0.025835630825903545,0.8106639193435108,0.6015254286574561,0.00014392149713947155,0.6586899685406589,0.4310689194797145,0.00010145174775310905,0.7611242431337449,0.5787494180639566
2021-06-16,2021-08-02,27,0,False,RD,47,3840,250,True,0.012386509349044568,0.7366576492232677,0.45719015461103896,0.027830721653863275,0.7193761637311753,0.36667775234722877,0.021500319918675913,0.8660049184094201,0.6585739026756363,0.00010835386309459098,0.613872159149651,0.24768134717612822,0.00010664196054449065,0.7473773556028247,0.5558276162451623
2021-06-16,2021-08-03,28,0,False,CO,48,3840,250,True,0.004599585038665023,0.7564451430261583,0.5691507942777281,0.00941163794362591,0.8107446608638436,0.6519019580188173,0.008867306449282766,0.8243303119564779,0.6550670814892443,4.823124616338237e-05,0.7446859104980474,0.5526577193892837,7.116451558803225e-05,0.6460196887862646,0.4169764182135669
2021-06-16,2021-08-04,29,0,False,RD,49,3840,250,True,0.011422993501265275,0.7620714663867414,0.5711890699917198,0.028411415257646136,0.7996033114224657,0.6252312171626212,0.017055281627340466,0.8106343324473517,0.6276965883512844,0.0001342438050564532,0.7561466100267656,0.5679804860099064,9.103331501805139e-05,0.6819016116503829,0.4638479884430674
2021-06-16,2021-08-05,30,0,False,CO,50,3840,250,True,0.00647086951834498,0.6670929103046779,0.4423059717571883,0.01578486145051637,0.7408696926114305,0.5394817048222358,0.009945817644358116,0.7633772703458025,0.5797693595617608,7.499645369992626e-05,0.6544246521900519,0.4262210100635643,7.780252480550553e-05,0.5097000260714266,0.22375181258119237
2021-06-16,2021-08-10,31,0,False,CO,55,3840,250,True,0.006414829427856114,0.6909602418421539,0.46110892054234903,0.013954436255896905,0.6250860753264438,0.3276236606381123,0.011548885777024898,0.820735485032833,0.6546459942232454,7.972905811703134e-05,0.6232847394280085,0.384040725163893,7.62666203856189e-05,0.6947346675813302,0.4781253021441454
2021-06-16,2021-08-11,32,0,False,RD,56,3840,250,True,0.010560546421430811,0.7706060977301519,0.582849451793471,0.02759313595069484,0.7744108759239149,0.5450542493137147,0.014421279157182162,0.8628519907452237,0.741379350759672,0.00015590291596320117,0.6732375971249915,0.4501782768086583,7.18676618830416e-05,0.7719239271264773,0.5947859302918388
2021-06-16,2021-08-12,33,0,False,CO,57,3840,250,True,0.004632144111511922,0.7971407841174679,0.631970582465387,0.011464453042172853,0.7659542068814394,0.5695785618441253,0.006964311372025924,0.8765345763204597,0.7604443598740038,6.233139741544327e-05,0.7142522948940964,0.5080855701374728,3.748063443346678e-05,0.8318220583738761,0.6897738380059464
2021-06-16,2021-08-16,34,0,False,CO,61,3840,250,True,0.006798305810792144,0.7025754275346132,0.48984952972053014,0.018872683969182086,0.6879031061164703,0.47056476831677085,0.008139345101434959,0.8002298047394099,0.6067655103429501,0.00014999802621031523,0.5620932536499013,0.3073680634390713,3.119614634121293e-05,0.7600755456326712,0.5746997767833284
2021-06-16,2021-08-18,35,0,False,RD,63,3840,250,True,0.01177975624416653,0.72053814421246,0.5168863199727707,0.03264952840888269,0.6609525413588433,0.4171126648784036,0.014233393353225267,0.8513329300319117,0.720091493907157,0.00014928774792604432,0.6183521133148802,0.37149762599872416,8.681546663211553e-05,0.7515149921442048,0.5588434951067978
2021-06-16,2021-08-19,36,0,False,CO,64,3840,250,True,0.005020662215780915,0.7606292934655874,0.5712138100093624,0.012695162907584472,0.7500892407635413,0.56154796213939,0.007254071644549309,0.8363905763840949,0.6726742494451238,8.086142560113543e-05,0.7206911648843797,0.5114584204780552,5.2552885388744154e-05,0.7353461918303337,0.5391746079748807
2021-06-16,2021-08-20,37,0,False,CO,65,3840,250,True,0.006966404901113063,0.7098759510471533,0.49355136911922637,0.01912690382847017,0.6429427376745778,0.3987161737196099,0.008603459662004627,0.8137975031932438,0.6332408426236178,6.881227520308125e-05,0.6893196353818047,0.46941708931660264,6.64438387743735e-05,0.693443927938987,0.47283137081707516
2021-06-16,2021-08-23,38,0,False,RD,68,3840,250,True,0.010065608936523961,0.7404833529685458,0.5474927174524334,0.02696824897260516,0.693569952754656,0.4505793528879658,0.012982577764292139,0.882968446497275,0.7756487697755754,0.00018193316244760437,0.6418275781232771,0.4112185140880331,0.00012967584675093466,0.7435674344989751,0.5525242330581593
2021-06-16,2021-08-25,39,0,False,RD,70,3840,250,True,0.010564065424295149,0.7487189949610572,0.5398637167700259,0.021822675193995413,0.7765000395175603,0.5927708708580479,0.020192234374830302,0.8008626948705639,0.5656103321863071,0.00011791167974486392,0.7144797846735175,0.5083913926838901,0.0001234404486100218,0.7030334607825872,0.4926822713518584
2021-06-16,2021-08-27,40,0,False,CO,72,3840,250,True,0.0064442538563088386,0.7440484585122584,0.5392713010755444,0.012254272304437822,0.7829737445508025,0.5641292627350243,0.013387631673433887,0.7583650102557613,0.5721793398363928,5.721931785161319e-05,0.7573058101405967,0.5672692287123746,7.789212951203404e-05,0.6775492691018732,0.45350737301838606
2021-06-16,2021-08-30,41,0,False,CO,75,3840,250,True,0.005745751889631637,0.7097518093061681,0.49006383023225714,0.011838787194792125,0.7965696990877855,0.6170312679885552,0.010984873923510536,0.7395171114341947,0.5186100086504524,0.00011334377911375322,0.6195436746544434,0.36090886217692186,4.600266111013128e-05,0.6833767520482485,0.4637051821130991
2021-06-16,2021-08-31,42,0,False,CO,76,3840,250,True,0.005477417565785033,0.7849444683689314,0.605725868799629,0.011942121419843493,0.7545020892531887,0.5518745158573009,0.009861168333386235,0.8236307526817792,0.6689561292923107,6.281539712506238e-05,0.7566745645707882,0.564769795596961,4.356511278533883e-05,0.8049704669699693,0.6373030344519435
2021-06-16,2021-09-03,43,0,False,RD,79,3840,250,True,0.015425053072951384,0.6363123198101374,0.40149959499742993,0.026033790728447852,0.7443673886266166,0.5414183977997116,0.03528009904866256,0.6319297165608564,0.38256697922571437,0.00024449042845703486,0.5660475464213276,0.3187604134992441,0.00014183208623808435,0.6029046276317489,0.3632525894650497
2021-06-16,2021-09-06,44,0,False,CO,82,3840,250,True,0.008449447207427102,0.6185816349183461,0.3218529024259494,0.01676790269286947,0.6857305053270226,0.4636007995110323,0.016811292949597847,0.6119786625880449,0.2290250800731457,0.00012671598343396405,0.6428327841321372,0.3991856791287631,9.187720380712245e-05,0.5337845876261795,0.19560005099085642
2021-06-16,2021-09-07,45,0,False,CO,83,3840,250,True,0.007505664573403307,0.7314042619204899,0.5216324690896981,0.01894867192443704,0.7123682903599668,0.4615474457772364,0.01084573994134426,0.8033498352166648,0.633025145118604,0.00014553448598383884,0.7230530204556209,0.5218727723538485,8.271194184809001e-05,0.686845901649707,0.4700845131091034
2021-06-16,2021-09-08,46,0,False,CO,84,3840,250,True,0.006236716911604331,0.7369146205399134,0.43205790214567186,0.01517898869843057,0.7027710862430501,0.13720246173951256,0.009656663181371709,0.8175639001077342,0.6111407400887228,6.418277966968896e-05,0.6718787730374233,0.4385463241755204,4.703298694535465e-05,0.755444722771446,0.5413420825789318
2021-06-16,2021-09-13,47,0,False,CO,89,3840,250,True,0.007243615587861068,0.72057670016737,0.49550209183740135,0.017659393560249603,0.6996477725587487,0.4104811114055117,0.011142677850375354,0.8230580092700778,0.6616866691869346,8.367937019043914e-05,0.6871943363800721,0.464373740132469,8.871157062887523e-05,0.6724066824605813,0.44546684662468994
2021-06-16,2021-09-14,48,0,False,CO,90,3840,250,True,0.004534260126484076,0.752739245656568,0.5555587656709685,0.009004869740419351,0.7825129809698173,0.5865543776056911,0.00900916710566282,0.782652230766037,0.595794124274988,6.765578335267647e-05,0.7211627318087758,0.5164658366055743,5.53478765014529e-05,0.7246290390816421,0.5234207241976208
2021-06-16,2021-09-15,49,0,False,CO,91,3840,250,True,0.005503007511565181,0.6851376465052441,0.45875470701122933,0.01097829885911377,0.7401985711739552,0.5352393560451099,0.01091002817345455,0.7223203534784531,0.4997880122847106,7.259356179709156e-05,0.6214421832817625,0.38398021708093233,5.110945189530965e-05,0.656589478086806,0.4160112426341648
2021-06-16,2021-06-16,0,0,True,RD,0,9600,500,True,0.010990923101189062,0.7992716656806832,0.6381290099521308,0.018212142542180107,0.8502425770663355,0.7218701909070704,0.025537651921622988,0.7959484085037956,0.6297970131794985,0.00013654811935587353,0.7671906647576898,0.5869448002293183,7.734982159728388e-05,0.7837050123949115,0.6139040354926364
2021-06-16,2021-06-17,1,0,False,RD,1,9600,500,True,0.00806647800898735,0.7989398892738018,0.630162436781577,0.015314934778732517,0.8506998985426482,0.7032964176959116,0.016730837565060545,0.8669562881103792,0.7258674101136259,0.00010265564336351356,0.740672248911176,0.548143230727367,0.00011748404879282002,0.7374311215310039,0.5433426885894038
2021-06-16,2021-06-24,2,0,False,RD,8,9600,500,True,0.009842111786327393,0.771580420253643,0.593887252791367,0.024382577580277842,0.7841433225224186,0.6069312402693148,0.014732044298549551,0.856393143193688,0.7277577228956927,0.00014679458747487252,0.689341764883505,0.4706475074099472,0.00010703067900730004,0.756443450414961,0.570212540590513
2021-06-16,2021-06-26,3,0,False,RD,10,9600,500,True,0.011525728687932982,0.7713926983136938,0.5691846582170736,0.024020051202315193,0.8732333239157569,0.7241574708862282,0.02187534287027247,0.7797876117086764,0.598263246328788,0.00013515722941580678,0.7578606382757684,0.5541727671812217,7.236344972845742e-05,0.6746892193545735,0.4001451484720564
2021-06-16,2021-06-28,4,0,False,CO,12,9600,500,True,0.005509484896659531,0.7823169333083626,0.5712054755244967,0.010897407124704073,0.7872788698248225,0.5851496628904864,0.011037708593157204,0.8424115263009012,0.5849248883016915,5.9589126792641844e-05,0.731604480046919,0.531523818383385,4.323474198420733e-05,0.7679728570608076,0.5832235325224241
2021-06-16,2021-06-29,5,0,False,RD,13,9600,500,True,0.011842999605203682,0.7871316422995551,0.5750019114845468,0.02530765067376556,0.8479848474199481,0.6162385286805483,0.021838858893979168,0.8000944841391717,0.5626565934029104,0.00012282199026387116,0.7658674749623984,0.5857365133706096,0.00010266686280612713,0.7345797626767023,0.5353760104841192
2021-06-16,2021-06-30,6,0,False,RD,14,9600,500,True,0.008651928040554448,0.8008434745887129,0.6385158709328937,0.018905573217982547,0.8396914839220939,0.6955823929674345,0.015441987867388148,0.8472986745302864,0.7152492581243617,0.000158437383925194,0.7478354140878223,0.5581713092130944,0.00010171369292190622,0.7685483258146486,0.5850605234266845
2021-06-16,2021-07-01,7,0,False,RD,15,9600,500,True,0.013708330974072461,0.7799908376288367,0.5771168112951254,0.03242425946869967,0.7816056346520883,0.5839053191408017,0.02218385696950726,0.8316262725726791,0.5949140389771961,0.00012119106519054818,0.7694146037058882,0.5910111849996325,0.00010401639289236278,0.7373168395846912,0.5386367020628713
2021-06-16,2021-07-03,8,0,False,RD,17,9600,500,True,0.011614834082077887,0.7626704999363456,0.5733652060615777,0.022682466097395333,0.7475647246966028,0.5441506770163624,0.02358166654148975,0.8252931611768529,0.6660999978051585,8.343921418123904e-05,0.7196197882150999,0.5108077211762423,0.00011176447524522257,0.7582043256568267,0.5724024282485476
2021-06-16,2021-07-06,9,0,False,CO,20,9600,500,True,0.0064498563131147576,0.7428447919516609,0.5371324016844394,0.015547080241337389,0.6991687170255254,0.4715291057620491,0.01015676809548317,0.7800128539646712,0.5858015064583227,5.1217927655141547e-05,0.7469962465529487,0.5539376871893638,4.4358987983327776e-05,0.7452013502634984,0.537261307328022
2021-06-16,2021-07-07,10,0,False,RD,21,9600,500,True,0.011888322386961634,0.762571600217928,0.5652365316809123,0.020303380682171475,0.8045589505320603,0.625445036401311,0.027023630988994938,0.7931041840637081,0.5851104718809556,0.00010052078957326832,0.7670899939773752,0.5847520828819219,0.00012575708710685243,0.6855332722985685,0.46563853555946066
2021-06-16,2021-07-08,11,0,False,RD,22,9600,500,True,0.00926614302653567,0.8270267348013431,0.6713426049536882,0.019952000287067593,0.8629678803479635,0.7438165105967318,0.016893476346701956,0.8428474026466697,0.6620898616532158,0.00011736263604169927,0.8250549433483847,0.6791678676974,0.00010173283633142585,0.7772367128623545,0.6002961798674051
2021-06-16,2021-07-09,12,0,False,CO,23,9600,500,True,0.004513638531407018,0.8040354996538117,0.6313218915302482,0.010890746650180827,0.7782298699087666,0.5581447147670692,0.007063740696757359,0.8422722734358634,0.6970226119878117,5.1965597115121604e-05,0.8065501854461166,0.6489081945197754,4.810118157476334e-05,0.7890896698245006,0.6212120448463364
2021-06-16,2021-07-12,13,0,False,RD,26,9600,500,True,0.00994556602641345,0.815153287208138,0.6409520678736843,0.02408803948077199,0.8487369843117916,0.6404803760406914,0.015506565935713423,0.8405011461715657,0.7045416568500794,9.479945180964883e-05,0.7842490601476114,0.6047599225220455,9.285923735873935e-05,0.7871259582015829,0.614026316081921
2021-06-16,2021-07-13,14,0,False,CO,27,9600,500,True,0.005705015291565997,0.7772783512536798,0.6014612347654518,0.014042513115869617,0.7338321519266109,0.5252839872293704,0.008665314918683881,0.8444749933979413,0.7120636540055711,6.650774079578068e-05,0.744584465175115,0.5523221741403581,4.572539091471163e-05,0.786221794515052,0.6161751236865074
2021-06-16,2021-07-14,15,0,False,CO,28,9600,500,True,0.00419228647633897,0.791884528849407,0.617738847475261,0.008659468286907179,0.7524744156456876,0.5319076874468136,0.008036617673402887,0.843773374307083,0.7059143543613573,3.591818157230454e-05,0.746829484864385,0.554522866690736,3.714176347350784e-05,0.8244608405804723,0.6786104814021368
2021-06-16,2021-07-15,16,0,False,RD,29,9600,500,True,0.007580079201062369,0.8151878869046019,0.6635122470984182,0.016457549733990474,0.8719303076836519,0.7597334826604217,0.013675265930253274,0.8789825217380898,0.7564504643941872,0.00010391512688799185,0.7301129272595813,0.530373288678665,8.358601311773285e-05,0.7797257909370849,0.6074917526603989
2021-06-16,2021-07-16,17,0,False,RD,30,9600,500,True,0.012043234176416924,0.7322267324363992,0.5241049514116046,0.030545411353444175,0.6986192044283909,0.443140620655194,0.01724871737043147,0.8634949089627328,0.7206187360286888,0.00024386177236622103,0.6463130953356337,0.4149864271611835,0.00013494620942583783,0.7204797210188394,0.5176740218013522
2021-06-16,2021-07-19,18,0,False,RD,33,9600,500,True,0.008989912196967037,0.7852465295340573,0.6151699890549672,0.01843068327680028,0.8199795602340918,0.6653064345095734,0.01733226252901657,0.8252214127482311,0.6795420036668198,8.980196316338176e-05,0.7759711982431171,0.6013397943312129,0.00010690101888792096,0.7198139469107893,0.5144917237122628
2021-06-16,2021-07-20,19,0,False,CO,34,9600,500,True,0.0051018512796277135,0.7675649102594628,0.5823234009277731,0.010740304208492823,0.7663774731463716,0.56735067219745,0.009525408131837216,0.8264490132434477,0.6704819744228063,9.44995576861427e-05,0.7072369234521434,0.4993297155518507,4.719322049467049e-05,0.7701962311958883,0.5921312415389852
2021-06-16,2021-07-21,20,0,False,RD,35,9600,500,True,0.008862018126318651,0.8030953095513464,0.643183123892926,0.017303559317077492,0.8416469309285943,0.6966628596269676,0.01797091606280295,0.8500269945547221,0.7214398282245695,9.742820620129283e-05,0.7592281521953117,0.5759014527400318,7.61689191928612e-05,0.7614791605267577,0.5787283549801352
2021-06-16,2021-07-26,21,0,False,RD,40,9600,500,True,0.00866067752768144,0.7892517674497788,0.6059332613140751,0.01147187479592231,0.8947926889617017,0.7964039921599121,0.022942504249980043,0.769366070903807,0.5238174968653582,0.00011949366802639977,0.7703890004274352,0.5859437748901688,0.00010883739679701514,0.722459309506171,0.5175677813408615
2021-06-16,2021-07-27,22,0,False,CO,41,9600,500,True,0.004638715144202714,0.8106442941336555,0.6480383507005271,0.009134504207061474,0.8109440175130457,0.6561948385297127,0.009329934618393522,0.8430279299427347,0.6744216993062753,3.8801418211713846e-05,0.8030643939330636,0.6446177253690822,5.1620333144145e-05,0.785540835145778,0.6169191395970381
2021-06-16,2021-07-28,23,0,False,RD,42,9600,500,True,0.008789525177449539,0.809416296158385,0.6466653123610545,0.01678751140453901,0.833247790984444,0.6617841574480681,0.018214478328555894,0.8386180524548127,0.7007712621996527,6.864978540080156e-05,0.7764792496735551,0.6013905456500264,8.746119130244812e-05,0.7893200915207284,0.6227152841464709
2021-06-16,2021-07-29,24,0,False,CO,43,9600,500,True,0.0052697330001459175,0.7687417753257633,0.5819429388781043,0.00973490659686155,0.812985893450078,0.6455706704294303,0.011242260214654956,0.7907264263933143,0.6103471965011328,4.866110362376943e-05,0.7289481729558625,0.5216272807232721,5.3104085443395975e-05,0.7423066085037984,0.550226607858582
2021-06-16,2021-07-30,25,0,False,CO,44,9600,500,True,0.00473489164855781,0.7880215639036587,0.6020132410076856,0.010162840690439762,0.7919567540607484,0.5808918876115547,0.008689342051062364,0.8258496389681791,0.6718719298853104,4.5777643029229404e-05,0.7706129373046267,0.5732698606503693,4.160620969988095e-05,0.763666925281081,0.5820192858835078
2021-06-16,2021-07-31,26,0,False,RD,45,9600,500,True,0.009599651222284521,0.7905301801888214,0.6106618927364839,0.017595991794128588,0.8224239668798424,0.6691962212859589,0.020577267807081433,0.8633792959081716,0.6826275300153913,0.0001331004787504042,0.6889689479045695,0.4738451121040581,9.22448091776593e-05,0.7873485100627021,0.6169787075405271
2021-06-16,2021-08-02,27,0,False,RD,47,9600,500,True,0.008765326099400795,0.7942493109388624,0.5991355677589343,0.018467751419931674,0.7895403549318084,0.5797436378463359,0.016423706545481018,0.8825334473842784,0.739190763177745,7.737997443977603e-05,0.7206025941689309,0.46273813906147676,9.246645775071264e-05,0.7843208472704317,0.6148697309501795
2021-06-16,2021-08-03,28,0,False,CO,48,9600,500,True,0.004081254237683436,0.776531676212896,0.6042677614280785,0.008253725233454861,0.8341960970685112,0.6947284192161105,0.00795884593628542,0.8359021130250152,0.6904056522144388,4.3274990401689133e-05,0.7756628157490529,0.5986267318467957,6.917079059177316e-05,0.6603656790090048,0.43331024243496863
2021-06-16,2021-08-04,29,0,False,RD,49,9600,500,True,0.009427548939515905,0.7861912536005824,0.6170492954651312,0.024503078476842285,0.823217534806714,0.6767852353267192,0.012993749593545292,0.8500905254006028,0.71635664485123,0.0001241686693653948,0.7766904572275065,0.6004039950336925,8.919901831064107e-05,0.6947664969675064,0.47465130664888344
2021-06-16,2021-08-05,30,0,False,CO,50,9600,500,True,0.00507324048078094,0.7322167352604811,0.538806066447801,0.012025858794144239,0.8115256777189512,0.6491494076594091,0.008136505826603567,0.8111714082040519,0.6562163939952519,6.570144156759348e-05,0.7061066712522428,0.49733480824495824,6.489586080836039e-05,0.6000631838666789,0.35252365589158496
2021-06-16,2021-08-10,31,0,False,CO,55,9600,500,True,0.004890768186646987,0.764658243245788,0.5736770865369456,0.01015791893756319,0.7323191038568913,0.5105539037532014,0.009276901956932848,0.8620354377389495,0.7225866361585658,6.890409292110865e-05,0.6901633842015495,0.46767068229218756,5.934775917080165e-05,0.7741150471857623,0.5938971239438278
2021-06-16,2021-08-11,32,0,False,RD,56,9600,500,True,0.008079380883226024,0.8059273877308412,0.6491694438537406,0.0206542051263163,0.8189369423883059,0.659460857482425,0.011460758657920045,0.8918305038111801,0.7944711552565814,0.00013489293800906233,0.7243380952540266,0.5242740190953732,6.766681065868434e-05,0.7886040094698523,0.618471743580583
2021-06-16,2021-08-12,33,0,False,CO,57,9600,500,True,0.0035464406290713476,0.8297410835083502,0.6904940812456133,0.00886648787836329,0.8172453596023301,0.6671165689319749,0.005229106721866338,0.9063142459458071,0.820131246130737,5.465716623340209e-05,0.7546990212526961,0.5686499921315111,3.551074982236099e-05,0.8407057072325674,0.7060785177882296
2021-06-16,2021-08-16,34,0,False,CO,61,9600,500,True,0.00542074682189296,0.7673333953818835,0.5892434465759023,0.015398979830417528,0.7555674530614275,0.5680125589176702,0.006132548473553946,0.8483563587030102,0.7037194590913763,0.00012756898256043706,0.6425528878398192,0.410936572511602,2.3890001039926954e-05,0.8228568819232771,0.6743051957829609
2021-06-16,2021-08-18,35,0,False,RD,63,9600,500,True,0.009811437229918764,0.7575621078790089,0.5716857766012009,0.025521385248393372,0.7490719959754423,0.5443703795733718,0.01350516809517632,0.8601363913855105,0.7344124951625159,0.00013976688627845974,0.6486296516116099,0.4115805144552436,7.94286898269e-05,0.7724103925434731,0.5963797172136724
2021-06-16,2021-08-19,36,0,False,CO,64,9600,500,True,0.003759530105474003,0.8085513242880452,0.6519472264934865,0.00966939283793809,0.8163773119927453,0.6660487915333565,0.005253047417359373,0.878943172541075,0.7629665417104742,7.082633083187412e-05,0.759146437651991,0.5720875896125465,4.485383576667641e-05,0.7797383749663694,0.606685983117569
2021-06-16,2021-08-20,37,0,False,CO,65,9600,500,True,0.005271862406852931,0.7729165932772459,0.5897730431733552,0.013980112036222691,0.7571238659731735,0.5605135398623033,0.00699179454010849,0.8525008915270926,0.7019449413584522,5.977650009835402e-05,0.7352727875672029,0.5390882030996865,5.576655098218845e-05,0.7467688280415146,0.5575454883729786
2021-06-16,2021-08-23,38,0,False,RD,68,9600,500,True,0.008708143910899486,0.7807846940848033,0.6104584718000616,0.02351939089708562,0.7323107579446205,0.5208424922402597,0.01104631331760188,0.9003125993844269,0.8091092518571522,0.00015284936848483302,0.711102919372387,0.5053409884900796,0.00011402206042560412,0.779412499637779,0.6065411546127548
2021-06-16,2021-08-25,39,0,False,RD,70,9600,500,True,0.008782223798982797,0.7793683703058251,0.5983075377843421,0.01930155718367694,0.8164378005470032,0.6398170135825006,0.015607208652952162,0.8214876159417723,0.6642466575811097,0.00010326574107541113,0.7582590645545155,0.5694546353389542,0.00011686361822667368,0.7212890001800089,0.5197118446348039
2021-06-16,2021-08-27,40,0,False,CO,72,9600,500,True,0.0047775153648591615,0.7983145427035496,0.6316998806530938,0.008980808812073568,0.8390748780187136,0.6805626918591738,0.010014348634684932,0.8251261283499852,0.6799773590648461,5.043777778564242e-05,0.7873096923893661,0.6185557727231877,6.446623489250555e-05,0.7417474720561339,0.5477036989651671
2021-06-16,2021-08-30,41,0,False,CO,75,9600,500,True,0.004786264656406933,0.7485737143567455,0.5552769412463834,0.010152236112460682,0.820897411807931,0.6715889113388076,0.0088469983139524,0.8032872297789323,0.612298104513705,0.00010586223140338326,0.6378361118246858,0.4030937167519517,3.9961967811265535e-05,0.7322741040154328,0.534127032381069
2021-06-16,2021-08-31,42,0,False,CO,76,9600,500,True,0.00435501852860334,0.8170162295347704,0.6615790358634288,0.00925907300053064,0.8200237404984106,0.6525553186738773,0.008063481070073585,0.8572223492142745,0.7293053019105391,5.466448276517777e-05,0.7882515124886385,0.6212451867476576,4.285556104396005e-05,0.802567315937758,0.6432103361216416
2021-06-16,2021-09-03,43,0,False,RD,79,9600,500,True,0.012990025158956146,0.6768583835726895,0.4582331178891437,0.022571647243238978,0.7861200977099918,0.6024035736834326,0.029016399318046577,0.7066855245042932,0.4921872793434352,0.00023995231742701844,0.5759753976278319,0.33140524749578726,0.00013210175711200848,0.6386525144486409,0.4069363710339198
2021-06-16,2021-09-06,44,0,False,CO,82,9600,500,True,0.0065272905125555464,0.6854853319822031,0.4300468476588071,0.013067927932124678,0.7659684781068627,0.5819616666895401,0.012840847468265755,0.7117865309239806,0.4111118414080124,0.00011997088537695885,0.6697865644173642,0.43116705510444187,8.04157644547944e-05,0.5943997544806047,0.29594682743323397
2021-06-16,2021-09-07,45,0,False,CO,83,9600,500,True,0.006286177246342191,0.7649494654492335,0.5753227796967654,0.01607009825698617,0.7595146368600791,0.5433460726117848,0.008861624007812107,0.8419536891503994,0.7001593988176266,0.00013530302018828285,0.7484971321072862,0.5554864024327623,7.768370038220592e-05,0.7098324036791694,0.5022992449248878
2021-06-16,2021-09-08,46,0,False,CO,84,9600,500,True,0.004769535856232059,0.7567339227305003,0.540956365523197,0.010263583243585886,0.7124172931911744,0.41660182162115367,0.008716058264049018,0.820469820794054,0.6490174812724256,5.854033091955076e-05,0.7084677711574116,0.48790494665525774,3.99615863737818e-05,0.7855808057793614,0.6103012125439509
2021-06-16,2021-09-13,47,0,False,CO,89,9600,500,True,0.005924788677416568,0.7566621341943043,0.5640597399022234,0.014638651565852938,0.7397249522069897,0.511321746571822,0.00890475009983794,0.856540128964871,0.7296345001814204,7.408284294406406e-05,0.7251584005845151,0.5258004930465346,8.167020103133222e-05,0.7052250550208419,0.48948221980911666
2021-06-16,2021-09-14,48,0,False,CO,90,9600,500,True,0.0036071208732568563,0.7978244808460444,0.6321337987848232,0.0073421730205470515,0.8185498342724802,0.6628947023429776,0.006981291605759137,0.8340932318099485,0.6867769179879213,5.6803993641438814e-05,0.7714475961739995,0.5940233017523873,4.821487307979647e-05,0.7672072611277494,0.5848402730560069
2021-06-16,2021-09-15,49,0,False,CO,91,9600,500,True,0.004937836658862418,0.7214985542262937,0.5115909922343543,0.010438576850106766,0.7537301268852943,0.5580882101054531,0.009199561096022851,0.7712992948033226,0.5782109203763178,6.924796683786351e-05,0.6500402889725743,0.41237051271457836,4.396072248218914e-05,0.7109245062439842,0.49769432574106787
2021-07-09,2021-07-09,0,0,True,CO,0,960,50,True,0.004196424265738655,0.8008525661975447,0.6315636970621559,0.009954083372079672,0.7943658461475593,0.5961466657082131,0.006724346749357736,0.8466246845227817,0.7115798694105662,5.653207281620214e-05,0.7862763147664329,0.6180560098518655,5.073486870100638e-05,0.7761434193534051,0.6004722432779788
2021-07-09,2021-07-12,1,0,False,RD,3,960,50,True,0.01755130111503196,0.709834018540539,0.4553295957968052,0.04287215827912621,0.6975230721206334,0.36012300896721083,0.027087378951422592,0.7258853719404497,0.4838836568689222,0.00012314609056738717,0.7087219968881951,0.48657645748108247,0.0001225211390116559,0.7072056332128778,0.49073525987000544
2021-07-09,2021-07-13,2,0,False,CO,4,960,50,True,0.008696483213740187,0.6892976768865199,0.4517593713745436,0.019639396309538745,0.6390199997332997,0.3360778208032962,0.015008140152988894,0.7117239745021194,0.5013004055390708,7.90037245758862e-05,0.6957256225178583,0.4682090350723431,5.939266785721916e-05,0.7107211107928024,0.5014502240834642
2021-07-09,2021-07-14,3,0,False,CO,5,960,50,True,0.006988842122588157,0.6888648907736967,0.4255326672446074,0.015354621347848384,0.6135497501834206,0.16999751290042264,0.012505368838148864,0.7377994815307511,0.5423884004227899,4.932441811896196e-05,0.6246752984617723,0.3882513138492133,4.6053886236417844e-05,0.7794350329188426,0.6014934418060038
2021-07-09,2021-07-15,4,0,False,RD,6,960,50,True,0.012688689035036428,0.7415008087280857,0.5323738991283764,0.030363451117724018,0.7828166897893747,0.5567189057676829,0.020159115020712624,0.806870835968841,0.6409764075843609,0.00012537256021091775,0.6693726683250343,0.43340007460845253,0.00010681744149815252,0.7069430408290928,0.49840020855300926
2021-07-09,2021-07-16,5,0,False,RD,7,960,50,True,0.017541611561974632,0.6261916613194523,0.36236746502939454,0.04369456746234206,0.5635613097977678,0.2034243888132805,0.02600012636757351,0.7627638380130173,0.578870242233855,0.00030063048988760723,0.5436437558974168,0.2788007924041719,0.0001711219280953523,0.6347977415696069,0.3883744366662709
2021-07-09,2021-07-19,6,0,False,RD,10,960,50,True,0.014394968801574513,0.6974646618715501,0.4775580506001146,0.031035143376654684,0.6690361500191607,0.4364146659004132,0.02631321268908585,0.7326891577572676,0.5134922863465472,0.00011537418631515089,0.7005123823639353,0.48781635473173846,0.00011614495424236514,0.6876209573458366,0.4725088954217592
2021-07-09,2021-07-20,7,0,False,CO,11,960,50,True,0.0075962968622802695,0.6782395342910399,0.42999785603314356,0.015225525741583963,0.634672501689564,0.3866734731472642,0.014983452471075003,0.7332427281285532,0.48166864807649223,0.00011199080477523598,0.6583414975822792,0.4066589362394798,6.421843168687735e-05,0.6867014097637631,0.4449903666693379
2021-07-09,2021-07-21,8,0,False,RD,12,960,50,True,0.015389131353700881,0.7181896211322223,0.46795160136993963,0.029149784038172165,0.7659246405431843,0.4889946067972317,0.0321752225316413,0.7422372473309834,0.501264404997239,0.00013756030428970138,0.6694786412885787,0.4012090801572472,9.395854070036492e-05,0.6951179553661424,0.4803383135280406
2021-07-09,2021-07-26,9,0,False,RD,17,960,50,True,0.014054121170828507,0.678180927799677,0.41040440827222846,0.019873138737584357,0.8157475493264135,0.6473033586748553,0.03602105135511596,0.6662258208265518,0.25236607944246003,0.00017627775831527927,0.6288121593889661,0.3891818337794918,0.00014601683229842943,0.6019381816567768,0.3527663611921067
2021-07-09,2021-07-27,10,0,False,CO,18,960,50,True,0.009411915342741549,0.7012531453346293,0.3704673968246915,0.020719398462759043,0.7020676133325355,0.22016171074186097,0.016789470281262018,0.7346382932757255,0.4141130214412697,7.043525472068622e-05,0.6637265215471271,0.3548833472976316,6.83573722244443e-05,0.7045801531831294,0.49271150781800366
2021-07-09,2021-07-28,11,0,False,RD,19,960,50,True,0.017555332442771635,0.720964198523766,0.4311696865700376,0.03368478919597695,0.7614369139167946,0.32135686555535614,0.036333932323266066,0.6997364522332181,0.4031035908742314,8.426628412006693e-05,0.7208837037097322,0.510714602571685,0.00011834196772346878,0.7017997242353191,0.48950368727887794
2021-07-09,2021-07-29,12,0,False,CO,20,960,50,True,0.0065289892954953285,0.6928762684878365,0.4782995905328056,0.012642178739562599,0.7360695932165148,0.5397224523531596,0.013345688305389167,0.7350603010571968,0.5374431152164416,5.810813190178999e-05,0.6572030671048816,0.4287563783002257,6.998200512776003e-05,0.643172112572753,0.4072764162613953
2021-07-09,2021-07-30,13,0,False,CO,21,960,50,True,0.008281420751941488,0.7105967801007995,0.4016526306954121,0.0197316219734615,0.7143572329618824,0.18628235042204755,0.013282535778874508,0.7263124449725818,0.4984231480657906,5.8400880430317664e-05,0.680300136701561,0.4555985368609291,5.312437499962024e-05,0.7214173057671727,0.46630648743288117
2021-07-09,2021-07-31,14,0,False,RD,22,960,50,True,0.018094094976319763,0.6777288013756555,0.3879617016285062,0.031104341270147384,0.6905453521573336,0.4152399167400601,0.0409666416904705,0.7864007554868349,0.36815303264874233,0.00018342470722139,0.5289010125774642,0.2749101492985928,0.00012197223743977786,0.7050680852809892,0.4935437078266296
2021-07-09,2021-08-02,15,0,False,RD,24,960,50,True,0.019822107519745037,0.624359563078136,0.27152986709949456,0.04062873256971249,0.6021289751411851,0.0754432978649745,0.03840578739231423,0.7444916257836465,0.39011427952581634,0.00011586475955833576,0.48620550509240695,0.19553196045632848,0.00013804535739507355,0.6646121462953052,0.425029930550859
2021-07-09,2021-08-03,16,0,False,CO,25,960,50,True,0.0069762410407851845,0.6198194540066503,0.37950977503514993,0.014796835672937072,0.7010586110440957,0.4527254919793119,0.012943064719737626,0.7116687121188989,0.49652252194195845,7.290259730876461e-05,0.5713541181318803,0.3238322304160762,9.216117315727663e-05,0.49519637473172606,0.24495885580325327
2021-07-09,2021-08-04,17,0,False,RD,26,960,50,True,0.01691957806233616,0.6271696031036671,0.37181794197224605,0.04429176556043588,0.6728875271857236,0.4157569794297422,0.023043305869959826,0.7300182141941223,0.4969827189896301,0.00022313379394575374,0.5568332431520078,0.2819173057954357,0.00012010702500316822,0.5489394278828146,0.29261476367417627
2021-07-09,2021-08-05,18,0,False,CO,27,960,50,True,0.010057148905810647,0.5462419871967791,0.25012014157266393,0.02546114176319023,0.5896421802836134,0.25717931482508083,0.014579296589509126,0.6981137082970799,0.3839956289140408,0.00010169341837141309,0.4845644873736957,0.22196925324230155,8.646385217182372e-05,0.4126475728327274,0.13733636930923254
2021-07-09,2021-08-10,19,0,False,CO,32,960,50,True,0.007983078528746862,0.5790196375541787,0.32155682708094346,0.018262350366655095,0.45187684730010824,0.12005242902687585,0.013473101146973773,0.7767169249567807,0.5971049033492621,9.496678977120399e-05,0.5171175959640779,0.26631925244720445,0.00010189581158737809,0.570367181995748,0.3027507235004313
2021-07-09,2021-08-11,20,0,False,RD,33,960,50,True,0.017082372453651896,0.6309960209039757,0.37130762534936135,0.04497301497933203,0.6183210866732557,0.2585010236981584,0.023032608169115374,0.7812067339344075,0.586950088582946,0.00022060951455360727,0.47143954373565433,0.22197796818053095,0.00010325715160657406,0.653016719272585,0.4178014209358101
2021-07-09,2021-08-12,21,0,False,CO,34,960,50,True,0.0068994978688171815,0.7052706249513858,0.4660215423112113,0.01738326971289485,0.6570434809883915,0.34736250197440066,0.010073308994749642,0.8262730217812471,0.653502283927574,8.749711994734042e-05,0.5928413344205535,0.30947968988025243,5.39156476768912e-05,0.744924662615351,0.553741693462618
2021-07-09,2021-08-16,22,0,False,CO,38,960,50,True,0.011546277845554651,0.5279762072473706,0.25831665943167637,0.03591261163874744,0.3399534340158995,-0.0074561675677811134,0.010036028971509327,0.734337898369178,0.5151314163962565,0.00019404608557928134,0.36657100515072705,0.1039714359414512,4.242468638255504e-05,0.6710424914536783,0.4216199529567789
2021-07-09,2021-08-18,23,0,False,RD,40,960,50,True,0.019202574773674964,0.5172070579905929,0.22609834390924044,0.05128183315657937,0.41557923693458065,0.08447280786277656,0.025157397535313642,0.7557750881317122,0.5052641779412528,0.000229773940340622,0.3427661297213791,0.03265024093437707,0.00014129446246622052,0.5547077771746994,0.28200614889855535
2021-07-09,2021-08-19,24,0,False,CO,41,960,50,True,0.007562680231967821,0.6097667658793365,0.3643277850887552,0.017568973523514324,0.6329526720378286,0.39322147336117586,0.01248656053841792,0.6808607303356417,0.4365684541925312,0.00012433611899454142,0.5016939632191659,0.24879677159230273,7.085074694449802e-05,0.6235596979247101,0.37872444120901094
2021-07-09,2021-08-20,25,0,False,CO,42,960,50,True,0.00837549723548124,0.6063077778582655,0.3394787384294532,0.02017913659746445,0.6183142762871875,0.3656376079908098,0.013137595584070844,0.7323832375922337,0.43995396321265257,9.916389447491165e-05,0.5033264047498083,0.2353883429966298,8.609286591475052e-05,0.5712071928038328,0.3169350395177205
2021-07-09,2021-08-23,26,0,False,RD,45,960,50,True,0.014059928293798285,0.6425093762632652,0.40398424998285565,0.03660404383936207,0.5684450592516788,0.25427055076624683,0.019242158671625976,0.8451333004447863,0.66747728775201,0.00024285687171743335,0.4630333853842461,0.2140540632063026,0.00015065379248766877,0.6934257599723497,0.4801350982068634
2021-07-09,2021-08-25,27,0,False,RD,47,960,50,True,0.016128830106088603,0.6511442865947337,0.3529042384775019,0.034083046960486495,0.6808683973757511,0.36398221534075725,0.0301171548969712,0.739175010420626,0.3520984023691631,0.00015777068505616889,0.5868657373117006,0.3422074308194202,0.00015734788184055065,0.597668001270857,0.35332890538066697
2021-07-09,2021-08-27,28,0,False,CO,49,960,50,True,0.007733247133083604,0.6775448985802222,0.44916345789429635,0.01335567534063366,0.7419975748146624,0.524953590652178,0.01741614141621003,0.6760780691658358,0.4434426267514304,7.4925767668543e-05,0.6612890845714162,0.43336120649659327,8.624600782218265e-05,0.6308148657689743,0.39489640767698386
2021-07-09,2021-08-30,29,0,False,CO,52,960,50,True,0.007873802568102807,0.6363989710344966,0.3853017400787969,0.01754686141811142,0.6761537380552067,0.4323827975359882,0.013775090101570539,0.672633249613874,0.39633440028457867,0.00012166093340060211,0.5646032664650911,0.31401242341165236,5.1597819328670584e-05,0.6322056300038148,0.39847733908296856
2021-07-09,2021-08-31,30,0,False,CO,53,960,50,True,0.009022053900309867,0.6583298993719192,0.40184334338638983,0.018434525013901294,0.6159785664162506,0.30824849653023556,0.01750532350842416,0.6778652516077296,0.4123383907159123,8.735114714818715e-05,0.6375309137457599,0.3947684903996749,6.1015931765820646e-05,0.7019448657179368,0.4920179958997367
2021-07-09,2021-09-03,31,0,False,RD,56,960,50,True,0.018656687694321352,0.5568990091343033,0.2848639939336645,0.03318947802182676,0.7022480975638831,0.41537196153270284,0.0409783024156681,0.5485615693121286,0.2828433669698749,0.00029462082267367625,0.4584161459013902,0.17907883478555586,0.00016434951711686988,0.5183702237598113,0.2621618124465245
2021-07-09,2021-09-06,32,0,False,CO,59,960,50,True,0.011842400992797604,0.5086654585557051,0.10756505696737201,0.019795908931747933,0.6494888762003678,0.3667359646321472,0.027302343025411256,0.4129756834906654,-0.25210010859607834,0.0001722472986976473,0.5217574806381231,0.18330236656480314,9.910471533357161e-05,0.450439793893664,0.13232200526861604
2021-07-09,2021-09-07,33,0,False,CO,60,960,50,True,0.008374834032975816,0.6732484307616833,0.443812435022817,0.019518601188849072,0.6875958963790949,0.44535212246525313,0.013710239619121363,0.7391353932351263,0.536102357070473,0.000168766223583066,0.6744245289112791,0.4455491009117766,0.00010172910034975677,0.5918379045212331,0.34824615964376515
2021-07-09,2021-09-08,34,0,False,CO,61,960,50,True,0.007372205832508051,0.6795090981964026,0.3395179334685267,0.014260078399935643,0.66707316772011,0.1894347651673165,0.015096091943074562,0.7480891523068458,0.39210314885366926,6.985713647115441e-05,0.6274944552702049,0.38890857865377293,6.279585055084621e-05,0.6753796174884497,0.38762524119934816
2021-07-09,2021-09-13,35,0,False,CO,66,960,50,True,0.00964703951802423,0.6544562278691155,0.38590384374406816,0.02135354413511588,0.6386464350825043,0.2871602547879939,0.017040625286767922,0.7325997884956204,0.48261353533526063,9.029691722485949e-05,0.6500272712475326,0.42201524771698673,0.00010369173298826582,0.5965514166508048,0.3518263371360315
2021-07-09,2021-09-14,36,0,False,CO,67,960,50,True,0.005307677647220503,0.6981020450568827,0.46251856434850414,0.010255490093038692,0.7653383242199632,0.5291339456646496,0.010821213417387439,0.7271472244027368,0.5144947369182429,9.05558875222986e-05,0.6197243288412329,0.3527993743671265,6.345119093358234e-05,0.6801983027635983,0.4536462004439977
2021-07-09,2021-09-15,37,0,False,CO,68,960,50,True,0.009853106117448841,0.5585191198344793,0.1995602969278018,0.021556198562812993,0.632895509832123,0.08742940469729643,0.017704326101989836,0.5364808730207506,0.18827742606718845,8.780465027319075e-05,0.5257874789137316,0.2549008443508731,6.409515471934175e-05,0.5389126175713123,0.2676335125958492
2021-07-09,2021-09-17,38,0,False,RD,70,960,50,True,0.015172473880283099,0.6155846008861027,0.3886897952934432,0.022199941806452458,0.7840933589256509,0.5971406542979394,0.03798869859915127,0.6902191523046723,0.47548124940685466,0.0002182576833776153,0.5165023223451823,0.2632133601887048,0.000282997432151042,0.471523569968905,0.21892391728027416
2021-07-09,2021-09-24,39,0,False,CO,77,960,50,True,0.008269871836991417,0.6482311009750302,0.37819265324041945,0.017657137645653926,0.7265230227518996,0.5004841543714142,0.015238608622472932,0.7178150324603109,0.3756348972352028,0.0001318001662327424,0.5464066192007088,0.2960307247280719,5.1940913606065645e-05,0.6021797294872019,0.3406208366269887
2021-07-09,2021-10-01,40,0,False,CO,84,960,50,True,0.009282290292746048,0.5032311957172922,0.21959607625465502,0.013066830057906135,0.795606867998669,0.597378465485714,0.023672580146592685,0.3915165004018572,-0.016478776737075984,0.00011755068927394196,0.5648304699423048,0.25662551366318975,0.00027220027721143025,0.260970944526338,0.040859102606792264
2021-07-09,2021-10-05,41,0,False,CO,88,960,50,True,0.009089497769042382,0.6451296293724633,0.26413427585939575,0.012424275846909751,0.6829038203518321,0.33508060706368525,0.02379568880386631,0.7076289812006693,0.045254615590220815,4.528188200888801e-05,0.6132213132079061,0.34517070734472555,9.274454338457623e-05,0.5767644027294463,0.3310311734389513
2021-07-09,2021-10-07,42,0,False,CO,90,960,50,True,0.0061256544440184335,0.708384476262251,0.49662414557930357,0.010113160636884132,0.7579870457325297,0.5719494546475643,0.014234460998945092,0.775602587652955,0.5732189780068755,5.8077973829139364e-05,0.638358410677339,0.4055789050862145,9.691816641537311e-05,0.6615898609861803,0.43574924457655984
2021-07-09,2021-10-08,43,0,False,CO,91,960,50,True,0.006928698139104513,0.7154143954618597,0.49220382490844006,0.01134316456908108,0.7920210336040658,0.5876747537139214,0.016230636584035785,0.7232006729382474,0.4965435182419864,6.875264013865622e-05,0.6392306722171184,0.3848020598233741,7.22387631625323e-05,0.7072052030880069,0.4997949678544781
2021-07-09,2021-10-15,44,0,False,CO,98,960,50,True,0.005782187181509223,0.7179776490523462,0.49301433246481385,0.012871679133585907,0.7724016597387715,0.5196326230183705,0.01010941617967134,0.7919338915357976,0.6115182880195364,9.553943347498974e-05,0.602983672328973,0.3478853629352051,5.211397930465311e-05,0.7045913726058426,0.4930210558861434
2021-07-09,2021-07-09,0,0,True,CO,0,1920,250,True,0.004258033597288789,0.7978594373332832,0.6281824379462878,0.010347907906168586,0.7806683524786717,0.5801685645337913,0.006576333549292487,0.8481435016729553,0.7179284394773695,5.74565192310686e-05,0.782312218616364,0.6118102322820212,5.043641446301611e-05,0.7803136765651424,0.6028225154919693
2021-07-09,2021-07-12,1,0,False,RD,3,1920,250,True,0.014965118226561644,0.714456428205477,0.4947571478367683,0.03621535116320603,0.7048313806405603,0.4594774123421994,0.023396573160703475,0.7519757408734049,0.554207374469252,0.00012247069339485497,0.7053381806381017,0.48939233906799307,0.00012607788894221456,0.695680410669841,0.4759514654676287
2021-07-09,2021-07-13,2,0,False,CO,4,1920,250,True,0.00764441695061113,0.71095105293923,0.4924261290866323,0.0189782481843494,0.6424686661192078,0.358428350174422,0.011463675619012473,0.7902727582846094,0.6190780253944639,7.916870402185378e-05,0.686048868972907,0.46709852314097133,5.657529506079555e-05,0.7250139183801954,0.525099617636672
2021-07-09,2021-07-14,3,0,False,CO,5,1920,250,True,0.0059595132516586154,0.7089995495546826,0.4760669523028054,0.013552534705488926,0.6072501874105387,0.26741029575207353,0.01019171690647791,0.8032156488703889,0.6270523535632213,4.761343758978721e-05,0.6480903321465792,0.4094718397199453,4.6187957077840384e-05,0.7774420297912235,0.6003333201759813
2021-07-09,2021-07-15,4,0,False,RD,6,1920,250,True,0.011465116681718974,0.7392115841263006,0.5366921881625373,0.02716624293865126,0.7779407889745422,0.6033954819781056,0.01844885428266304,0.8201713441258232,0.671435282069233,0.00013685393295399714,0.6489171012777082,0.38151196664705167,0.0001085155726075973,0.7098171021271287,0.4904260219557588
2021-07-09,2021-07-16,5,0,False,RD,7,1920,250,True,0.015902268351012293,0.6529093158093706,0.4159243366803119,0.039229432499078815,0.581461027473302,0.284826215606921,0.0239470954483071,0.7873409989953101,0.6121236349864132,0.00026611741474503293,0.6022534659977195,0.36159612847878453,0.0001664280419182259,0.6405817707711511,0.40515136764912896
2021-07-09,2021-07-19,6,0,False,RD,10,1920,250,True,0.01453781321009866,0.6959426699334466,0.46283811948661924,0.032739904067893,0.6906633893778579,0.4054569186758876,0.02516888599055376,0.7405351651284495,0.5346498611495041,0.00012145971259575033,0.679864310929857,0.4608007186235087,0.0001210030693521366,0.6727078142976219,0.45044497949757656
2021-07-09,2021-07-20,7,0,False,CO,11,1920,250,True,0.0069112282419095785,0.7026111299900459,0.4657996582943848,0.015933484442684283,0.6684636383466256,0.3581549274713589,0.011542228437170779,0.7811290275682006,0.6007129277048755,0.00010963005852013765,0.658953065575923,0.41916646038023353,5.957002926311475e-05,0.7018987884694345,0.48516431762107115
2021-07-09,2021-07-21,8,0,False,RD,12,1920,250,True,0.01255356694331847,0.7389655883508854,0.5315124005235023,0.024208903157955965,0.7979367944721629,0.5756098892177335,0.025789138994233483,0.7791623563198302,0.6002525990846088,0.00012402399084227063,0.6784783183003018,0.4601317586313868,9.220163024216204e-05,0.7002848843112468,0.4900553551602802
2021-07-09,2021-07-26,9,0,False,RD,17,1920,250,True,0.013229664463160817,0.7241101590573726,0.46835158370375296,0.0186479275764771,0.8459539094244184,0.6690476773324493,0.03399230924568494,0.689605998676671,0.29447357936302154,0.0001488496442572176,0.7063135545521944,0.4842226970849336,0.0001295713862240101,0.6545671735762069,0.4256623810346075
2021-07-09,2021-07-27,10,0,False,CO,18,1920,250,True,0.009143576334962513,0.6927684233362249,0.40264218261796486,0.015170205411852811,0.7419204522183337,0.42902265925636773,0.021272735234590875,0.6558726143279028,0.2576645740762792,5.8257748153014436e-05,0.6953577892551123,0.46641715669962014,7.310694525335294e-05,0.6779228375435506,0.4574643404395924
2021-07-09,2021-07-28,11,0,False,RD,19,1920,250,True,0.012860885502915045,0.7447087168355031,0.5314926924877126,0.023035646943101066,0.7769674239854071,0.5359037708541348,0.028215775097287628,0.7399294665149219,0.5364692517609295,7.881585150691805e-05,0.7460722146178477,0.5423621009172983,0.00011330411976457004,0.7158657622238357,0.5112356464184877
2021-07-09,2021-07-29,12,0,False,CO,20,1920,250,True,0.006600494816692612,0.7148536226920135,0.5027461001348315,0.012765107151543022,0.7488112223711705,0.5352468639938996,0.013520489022675239,0.7328437294753676,0.5313845835472188,5.1373953889088083e-05,0.7059212073964614,0.4949580631805536,6.500913866309884e-05,0.6718383315250549,0.44939488981765385
2021-07-09,2021-07-30,13,0,False,CO,21,1920,250,True,0.0066261268398142455,0.7137129693342169,0.4709435015250525,0.01454367070685099,0.6976774654349178,0.4002296638496565,0.011850250221180386,0.7607866872831617,0.5525093024762795,5.798459643599545e-05,0.6903345255837723,0.45947905396821476,5.260183478961246e-05,0.7060531990350158,0.4715559858060593
2021-07-09,2021-07-31,14,0,False,RD,22,1920,250,True,0.01785178955344461,0.7089464259718297,0.4229581491033708,0.025027459535746675,0.7345767843953506,0.5294849939177428,0.04610066345987394,0.7706467085397228,0.28896870238748285,0.00016065513580538872,0.6164848266536415,0.36491975263210763,0.00011838008235242984,0.7140773842986038,0.50845914747615
2021-07-09,2021-08-02,15,0,False,RD,24,1920,250,True,0.017760223521418695,0.6769843434105919,0.2581423246055398,0.03807902800138702,0.6547834950062201,0.13346495638126654,0.03268608369665391,0.7875074502559798,0.4809434447683635,0.00015592879188306582,0.5445303202509343,-0.08263919066285674,0.00011985359575076904,0.7211161081292334,0.500800087935386
2021-07-09,2021-08-03,16,0,False,CO,25,1920,250,True,0.005475542548348599,0.7050006893190766,0.49131236350265256,0.011683828647379955,0.7579994064128366,0.5678629055475839,0.010078911034028921,0.7911436598423658,0.6079363876435042,6.305753335263452e-05,0.6583640630326204,0.41514468267938176,7.637297863288337e-05,0.6124956279884832,0.37430547814014026
2021-07-09,2021-08-04,17,0,False,RD,26,1920,250,True,0.014395762502570734,0.7115596706567702,0.4793660204366362,0.03626932880634202,0.7611226728630296,0.5215791931581653,0.021046077600150148,0.7730000563570267,0.5405806445436367,0.00016156917069171564,0.6953615619794852,0.48004278805517897,0.00010607443309905723,0.616754391427539,0.37526145598956373
2021-07-09,2021-08-05,18,0,False,CO,27,1920,250,True,0.007061624064606025,0.6397500051962198,0.40631014764888895,0.017444887757499014,0.711085537754915,0.4910509671031613,0.010639853170163346,0.7485673993668147,0.5504449737822299,8.493914230247136e-05,0.5954227567857904,0.35015200223491216,7.681618845926826e-05,0.503924326877359,0.23359264747525232
2021-07-09,2021-08-10,19,0,False,CO,32,1920,250,True,0.007588631689112038,0.6502811603987411,0.3812396926187172,0.015511349936836127,0.5881927959538125,0.2526058023530826,0.014665996724574012,0.7983939203945973,0.5614329541974933,8.684885454654268e-05,0.5950501744870749,0.3290356272827015,9.033124049146864e-05,0.6194877507594794,0.3818843866415913
2021-07-09,2021-08-11,20,0,False,RD,33,1920,250,True,0.011907936615046818,0.740674368180179,0.5330373937594984,0.031156605366659026,0.7325540873052312,0.4863010408567172,0.01622273089768039,0.8434821195836015,0.7090734357555413,0.00017045904256396966,0.6487381828161671,0.39884328694538396,8.195115328388316e-05,0.7379230830157161,0.5379318114803513
2021-07-09,2021-08-12,21,0,False,CO,34,1920,250,True,0.005778022561668112,0.7566348445397643,0.5538980813861583,0.014827334707789321,0.6954382489819406,0.4433225287356911,0.008167053555116478,0.8691253280118674,0.7190729078831977,7.119283930559568e-05,0.6725293935453258,0.43815177567910835,4.6509144461052913e-05,0.789446407619923,0.6150451132466359
2021-07-09,2021-08-16,22,0,False,CO,38,1920,250,True,0.008477831095749941,0.6314036947585151,0.3925009374615461,0.024232040579308264,0.571633690050362,0.3202187860924859,0.009467527994215037,0.7595571533262333,0.5425972860565123,0.00017681516142795264,0.4642904730573255,0.18353707200479108,3.494064804851405e-05,0.7301334626001394,0.5236506056923951
2021-07-09,2021-08-18,23,0,False,RD,40,1920,250,True,0.014941474811161154,0.6163209149859132,0.3654833677577747,0.04206547557831425,0.5531271636148276,0.2490111142372461,0.017381978726996948,0.8177468928578766,0.658172610166162,0.00019843270894431548,0.4606792155890064,0.16459702565284018,0.0001200122303891027,0.6337303878819427,0.39015272097485065
2021-07-09,2021-08-19,24,0,False,CO,41,1920,250,True,0.006569267796213057,0.677980769589233,0.44785506705180356,0.015587409169182609,0.6803360484515271,0.4616586360532453,0.010523310998940879,0.7565087136513577,0.5251562377883414,9.65512979354666e-05,0.6458478575416426,0.4166647044913786,6.979971879327146e-05,0.6292304587124047,0.3879406898742489
2021-07-09,2021-08-20,25,0,False,CO,42,1920,250,True,0.007508903477190064,0.6629396223674007,0.41901759735312616,0.01907798564289795,0.6423375459486516,0.4002539925981562,0.010795983961011505,0.7635526015340912,0.5397751444019745,8.294424498019333e-05,0.6328657766853572,0.3604513323219237,7.87000598706104e-05,0.6130025653015025,0.3755899200904502
2021-07-09,2021-08-23,26,0,False,RD,45,1920,250,True,0.012017520264129857,0.7032566246050732,0.47887014908814407,0.03169044163106734,0.6525327812368452,0.35437473282399745,0.016030044511110612,0.8587336242094143,0.7229856603276785,0.00020737396807458985,0.5817447052574207,0.3288856664733607,0.0001422209462668903,0.7200153877166122,0.5092345367275395
2021-07-09,2021-08-25,27,0,False,RD,47,1920,250,True,0.012585193296331638,0.7095529450729335,0.4689456653272913,0.027046967846501135,0.7341344984499409,0.4952812584090669,0.02302221522147196,0.7723804469783584,0.5047297769653291,0.00013521933282354158,0.6654271300108933,0.4362306767621943,0.00013637078452992044,0.6662697048525414,0.4395409491725749
2021-07-09,2021-08-27,28,0,False,CO,49,1920,250,True,0.0067107772199996125,0.7236182508643776,0.5166824758394234,0.011243178733977243,0.7781966684913597,0.600092728296413,0.015456789243550848,0.7136953249783755,0.50605649008795,6.428253262434111e-05,0.7341856144016378,0.5138524720796052,7.885836984601504e-05,0.6683953955861377,0.44672821289372555
2021-07-09,2021-08-30,29,0,False,CO,52,1920,250,True,0.006482445532071137,0.6732106365205237,0.427654351224825,0.014067424161709976,0.7538920258279744,0.5449378804403937,0.011681258032280688,0.7252409635254216,0.4880923766383689,0.00013104879067577153,0.5653804140748848,0.2610788046932636,5.005114361810927e-05,0.648329142653814,0.4165083431272736
2021-07-09,2021-08-31,30,0,False,CO,53,1920,250,True,0.006124461414683311,0.752846192712304,0.5586518058376138,0.013681105396765878,0.7061801619184889,0.48661952395277597,0.010697767735893001,0.8121910746705006,0.6408711098428479,6.988739443460336e-05,0.7199449379649587,0.5157699169773732,4.908513163975774e-05,0.7730685962952679,0.5913466725774581
2021-07-09,2021-09-03,31,0,False,RD,56,1920,250,True,0.01855479896704695,0.574250539111646,0.2981092749174883,0.03435236175764344,0.7073441454801491,0.39488792629150593,0.039422305181380096,0.5782569022524371,0.31007469847372726,0.00028369937848673305,0.48166380286592636,0.2095099652345409,0.00016082955067752984,0.5297373058480717,0.27796450967017905
2021-07-09,2021-09-06,32,0,False,CO,59,1920,250,True,0.010178864928628361,0.5735919212627452,0.24004981030845843,0.018063302046812398,0.6638503948818558,0.42216143822082175,0.022424826400188377,0.5045878285009364,-0.02841457763499511,0.00013871725623141142,0.6154548654049954,0.3422825452857744,8.86140112812554e-05,0.5104745962631927,0.22416983536223267
2021-07-09,2021-09-07,33,0,False,CO,60,1920,250,True,0.008101576453206182,0.7005770460335616,0.4828366520571058,0.020481571853729407,0.6680692617270073,0.41798798759531997,0.01167853950771182,0.7839187605573704,0.6048466619845942,0.00015563986572973742,0.7004382136057647,0.48867337518310094,9.055458565375826e-05,0.6498819482441042,0.4198385834654078
2021-07-09,2021-09-08,34,0,False,CO,61,1920,250,True,0.006399767981285271,0.7130917961118732,0.40742042411794077,0.013110824146216222,0.7137592146445275,0.2547601804927152,0.012365914856989504,0.7649904260216136,0.5020432618286936,6.557955647040998e-05,0.6636532897017879,0.4263276967943581,5.6753365464946714e-05,0.7099642540795637,0.44655055735599636
2021-07-09,2021-09-13,35,0,False,CO,66,1920,250,True,0.00720904433228337,0.7006370385302854,0.47157198875324935,0.01725957509920569,0.7091158095565266,0.42382814588832174,0.011388197002843345,0.8147617846643729,0.6542322310917824,9.373634328534996e-05,0.6385471082652754,0.3999997029933732,9.466888379909182e-05,0.6401234516349666,0.4082278750395202
2021-07-09,2021-09-14,36,0,False,CO,67,1920,250,True,0.00477393073014153,0.7245516635754768,0.5151803079260167,0.00940593552737989,0.7609377488764375,0.5681400197425598,0.009551630718710711,0.7657360907787902,0.5714559166261195,7.566014830694727e-05,0.6856026386275449,0.4592588437977101,6.249652616856941e-05,0.6859301760191348,0.46186645153767725
2021-07-09,2021-09-15,37,0,False,CO,68,1920,250,True,0.006871043163862439,0.6437530440187336,0.3766478619106062,0.015236915786628743,0.6863874451117649,0.3549529955634979,0.012113396136093094,0.6847680744348617,0.444615003473522,8.04485416846345e-05,0.572803983811824,0.31732385134586916,5.341219104328033e-05,0.6310526727164836,0.3896995972595355
2021-07-09,2021-09-17,38,0,False,RD,70,1920,250,True,0.014083597650857685,0.6442808998259364,0.41649262970136147,0.022660598668207698,0.7742698099793006,0.5887811764426443,0.03318996818022789,0.7517008570354323,0.5417384305313286,0.0002098080653920971,0.5506322471276547,0.2917372845101591,0.0002740156896030494,0.5005206851613584,0.24371362732131385
2021-07-09,2021-09-24,39,0,False,CO,77,1920,250,True,0.008370873301705696,0.6679253117458062,0.4070535856691524,0.02114817205886046,0.6494970190361808,0.4017236960215539,0.012158856003672208,0.7607236626720602,0.5018203061505491,0.0001312089299829795,0.5773911260682041,0.29918862783363487,4.5256214307132995e-05,0.6840894392067796,0.42548171267087165
2021-07-09,2021-10-01,40,0,False,CO,84,1920,250,True,0.007667048957965926,0.5764875322088983,0.31341446843469145,0.012180388860366178,0.7985514659103197,0.6246919235798809,0.018120294549868507,0.5753926880634385,0.22193125024367177,0.0001064125599393163,0.5912497580302425,0.32706152066596395,0.0002610998616897041,0.34075621683159263,0.07997317924924907
2021-07-09,2021-10-05,41,0,False,CO,88,1920,250,True,0.005172640944740281,0.7369550878418736,0.5036895744478134,0.010360548987123195,0.686277827359755,0.4455266425271486,0.010223606166666835,0.8279244515618047,0.5898021326425078,3.491128881335695e-05,0.737690367593517,0.4951416870251254,7.149733635773824e-05,0.6959277048524174,0.4842878355964716
2021-07-09,2021-10-07,42,0,False,CO,90,1920,250,True,0.005579303799420701,0.7312097831939104,0.528632607528196,0.010532800937472987,0.7487460369283461,0.554187721598077,0.011638798941296349,0.8174752530547755,0.6510427400582945,5.5051124397054525e-05,0.670881327584264,0.4365583459126492,9.05641945164161e-05,0.687736515208256,0.4727416225437633
2021-07-09,2021-10-08,43,0,False,CO,91,1920,250,True,0.005992564731885946,0.7519407895148863,0.5543356680686794,0.009062950632062718,0.8364699627668146,0.6705607744041961,0.014780358869847333,0.7476400922016814,0.5415295366139052,5.7177550537807364e-05,0.7046382907755236,0.4883758464509269,6.977187509592198e-05,0.7190148123155256,0.5168765148056893
2021-07-09,2021-10-15,44,0,False,CO,98,1920,250,True,0.004517763466480144,0.7694441171811293,0.5823277255836602,0.009750541487252355,0.8271927642238868,0.6361125856407901,0.008195175931497396,0.8297717241884268,0.6850781569116585,7.835117007487063e-05,0.6833814655718102,0.4652056959250065,4.6985277095952356e-05,0.7374305147403933,0.5429144638571857
2021-07-09,2021-07-09,0,0,True,CO,0,3840,250,True,0.004331669531099958,0.7999600537944174,0.6298190605787306,0.01031815241049354,0.7839206315306048,0.581375793335549,0.006903373051595924,0.8408163525243544,0.7039010879028438,5.547854858022191e-05,0.7910704956768133,0.625173867562767,4.9674113730147084e-05,0.7840327354458969,0.6088254935137627
2021-07-09,2021-07-12,1,0,False,RD,3,3840,250,True,0.012595004315085888,0.7606194706840403,0.5616114336015245,0.02976751721994028,0.7759446639093344,0.5557128422320161,0.02039133019910405,0.7897654761536421,0.6114685443425979,0.00011304054530610592,0.7324661174334008,0.5287087316217147,0.00010812929599311083,0.7443016252397842,0.5505556162097694
2021-07-09,2021-07-13,2,0,False,CO,4,3840,250,True,0.006527358833334055,0.746790183222644,0.5463455786876125,0.01627530292670064,0.7037702019367121,0.4498031194098674,0.00970704677676302,0.828575764554464,0.6774483552500064,7.511150758097395e-05,0.7036807104495497,0.49440838000884724,5.1974122291589474e-05,0.7511340559498503,0.5637224600817288
2021-07-09,2021-07-14,3,0,False,CO,5,3840,250,True,0.004993061128545769,0.7527988025546339,0.5611980398518512,0.009713027684633831,0.7015854274865663,0.4749569557674035,0.01017730758680741,0.794954083179408,0.6275796368371958,3.973318588507946e-05,0.7154767269799163,0.507207075344331,4.2176056856756917e-05,0.7991789725726449,0.6350484914584746
2021-07-09,2021-07-15,4,0,False,RD,6,3840,250,True,0.009732675508985147,0.7709223364429325,0.5905917084079892,0.022528247140935202,0.8219038466786731,0.671106357276347,0.01618052980647014,0.844033578730368,0.7118329880880911,0.00012211310568075015,0.6817322620469651,0.4481306240245543,9.981198285449993e-05,0.7360196583157239,0.5312968642429645
2021-07-09,2021-07-16,5,0,False,RD,7,3840,250,True,0.013326230882447762,0.6902066320954254,0.473837671834352,0.032512887261240846,0.6538308489793161,0.4072724701099575,0.020374876026348857,0.8218055361775072,0.6699836576104952,0.0002630177337630697,0.6085092090016216,0.36903212563538523,0.00015414250843827525,0.6766809342232565,0.44906243398157
2021-07-09,2021-07-19,6,0,False,RD,10,3840,250,True,0.010670224201613501,0.743861660547542,0.5501514368765188,0.021743498502908444,0.7840409290842114,0.6051470837581667,0.02070991087917695,0.7892671971409742,0.6170923136278885,0.00011273980098113928,0.7089491640187388,0.4995112505009677,0.00011474762338747493,0.6931893519462434,0.47885509961905215
2021-07-09,2021-07-20,7,0,False,CO,11,3840,250,True,0.00653853594276246,0.7404203863199577,0.5095383739914903,0.013190254249282057,0.7359932086471264,0.468659869989154,0.01281100634900027,0.7982987010657987,0.5568213498726751,9.985914224071197e-05,0.6890083304552069,0.47093397710435114,5.3024030526803e-05,0.7383813051116987,0.5417382989997812
2021-07-09,2021-07-21,8,0,False,RD,12,3840,250,True,0.01111391780206561,0.7657395709253985,0.572396461394678,0.021191408495965104,0.8282203885765524,0.6285075725837124,0.02306279286221027,0.8055464365624148,0.6425126288016034,0.00011278966574993072,0.714441673140778,0.5090340338232741,8.868018433713785e-05,0.7147497854218486,0.5095316103701224
2021-07-09,2021-07-26,9,0,False,RD,17,3840,250,True,0.01082106350663893,0.7401937171486024,0.5230869131896543,0.013176560463240297,0.8814972285720168,0.7661502452648079,0.029839933593108273,0.7036145724519329,0.38065809569371023,0.00013685805929357136,0.7258182361541368,0.5257746092919822,0.00013090191091357778,0.6498448314163232,0.4197647025081167
2021-07-09,2021-07-27,10,0,False,CO,18,3840,250,True,0.004397507651320564,0.7921236043470685,0.6236024533054787,0.009059463690462476,0.8163089523613314,0.6590192191793147,0.00842465233111453,0.8433134177405488,0.7060125175483835,4.868966129398448e-05,0.7501011363327724,0.5540512852583985,5.722492241126493e-05,0.7587709109536214,0.5753267912358182
2021-07-09,2021-07-28,11,0,False,RD,19,3840,250,True,0.010280413420418166,0.7819348566571707,0.5997123005966976,0.018778999656497358,0.8116656678496824,0.6216618986547694,0.022170112507612895,0.8026210485115147,0.6357878242307772,7.657464856263067e-05,0.7478979930954714,0.555375465452878,9.596686899978166e-05,0.7655547171720143,0.5860240140483655
2021-07-09,2021-07-29,12,0,False,CO,20,3840,250,True,0.005610689878364559,0.7522311107078206,0.5561023883515307,0.011281337282791126,0.7842494551310115,0.5892680869595406,0.011053396244762384,0.7880178100203634,0.6168931555826203,4.908634775157417e-05,0.7217262608363741,0.5174468332071774,5.89396381531525e-05,0.7149309168435336,0.5008014776567844
2021-07-09,2021-07-30,13,0,False,CO,21,3840,250,True,0.005637503535027135,0.7528362332585083,0.5425552825812313,0.01141194696881067,0.7742300313863795,0.529379658851238,0.011040709476119641,0.7713147343395043,0.5830792858875683,4.9465828182891306e-05,0.7366011902474642,0.5388893276997222,4.7891866995336946e-05,0.7291989770606855,0.5188728578863967
2021-07-09,2021-07-31,14,0,False,RD,22,3840,250,True,0.011738855310876496,0.74923635735901,0.5446617180196824,0.020145941026419624,0.7910030416416198,0.6212573013637348,0.026553521886944712,0.8137934089960622,0.590453071464141,0.00014929317892166743,0.6453686983009037,0.40983431046509156,0.00010666515121997591,0.7467802804974538,0.5571021887857627
2021-07-09,2021-08-02,15,0,False,RD,24,3840,250,True,0.012341987249302494,0.724863250728407,0.4337443006820622,0.027476734589040687,0.7147538608493366,0.3747331627071081,0.02166117453573153,0.8612133219507763,0.6560195237479907,0.00012153732964443683,0.579124303510278,0.15614637545416732,0.00010850254279333052,0.7443615166032372,0.5480781408189828
2021-07-09,2021-08-03,16,0,False,CO,25,3840,250,True,0.0045394005642701366,0.7528559731406,0.5653402427949977,0.009182382425362642,0.812771652187529,0.6603811831546368,0.008853227224569651,0.8245668864229712,0.6556147549116573,5.099763257685566e-05,0.7268288284605902,0.5269996303765809,7.09949745713983e-05,0.6472565254913101,0.418365402737116
2021-07-09,2021-08-04,17,0,False,RD,26,3840,250,True,0.0117434683360554,0.7511298856953588,0.5529762887511879,0.03021136040680233,0.7893510548028589,0.6014885332235742,0.016521686975002055,0.8194260153897294,0.639344540806355,0.00014578076327832754,0.7293326966198773,0.530852582179691,9.504519913889076e-05,0.6664097759689691,0.4402194987951312
2021-07-09,2021-08-05,18,0,False,CO,27,3840,250,True,0.006127496586602061,0.6725485734995407,0.453203696415889,0.015058671892075182,0.755875049360552,0.5606680534308446,0.009297446848094592,0.7813602006408676,0.6071643194029792,7.743431150973958e-05,0.6406710045299464,0.4075695735927126,7.643329472872701e-05,0.5122880394667969,0.23741283923701928
2021-07-09,2021-08-10,19,0,False,CO,32,3840,250,True,0.006293391318756396,0.6955181079955424,0.4615105937461177,0.014084066627492547,0.6330133787636496,0.3213775899889476,0.010932359435298892,0.8325746796361742,0.673082391109735,8.285368442579423e-05,0.611435649798411,0.3599009372279274,7.428552780835071e-05,0.7050487237839348,0.49168145665786067
2021-07-09,2021-08-11,20,0,False,RD,33,3840,250,True,0.010183059093961788,0.7668933932971242,0.5804818814585974,0.026173245558367055,0.7761833138676031,0.5684648939604151,0.014325269304673963,0.8634252917832398,0.7431011210768892,0.0001554059941362174,0.6787471115195374,0.4519307675399292,7.831551866991248e-05,0.7492178560181166,0.5584307432571558
2021-07-09,2021-08-12,21,0,False,CO,34,3840,250,True,0.004396177217952653,0.7990730985017278,0.6338474603284552,0.010802599018859396,0.7790770614291187,0.5944272100540217,0.006678969063544218,0.8840782483312606,0.7702594522373252,6.33593221074401e-05,0.7110895463041567,0.499973270240921,3.978146729955493e-05,0.8220475379423755,0.6707299087815529
2021-07-09,2021-08-16,22,0,False,CO,38,3840,250,True,0.0065901626840937306,0.6944331794854484,0.4794345265909285,0.018784209471251017,0.6882199378121882,0.4730467426022875,0.00738052617926284,0.817163883708566,0.6434261713523795,0.00016329613839803877,0.5205106029442617,0.2459626074481176,3.261894746302625e-05,0.7518382934767776,0.5553025849609294
2021-07-09,2021-08-18,23,0,False,RD,40,3840,250,True,0.012012567909147242,0.7170194127652185,0.5108483733435454,0.03227712751144314,0.6655181311792295,0.4237610845427554,0.015536234062345807,0.8374334966326726,0.6944703235005769,0.0001480497020970778,0.6220502384384768,0.37670980686043365,8.88603607029426e-05,0.743075784810495,0.5484522784704158
2021-07-09,2021-08-19,24,0,False,CO,41,3840,250,True,0.005239111832469171,0.749501424521172,0.5531795065881204,0.013481190093992722,0.7327845035989087,0.5344009909501788,0.0073372080766411,0.8328480067246391,0.6689228810597085,8.064256600435042e-05,0.7232294842350091,0.512780707493304,5.740659323851277e-05,0.709143703526131,0.4966134468492903
2021-07-09,2021-08-20,25,0,False,CO,42,3840,250,True,0.006345333304315496,0.7310586806795529,0.5240208228813641,0.01706199320122102,0.6883869705684166,0.4636298353354177,0.00818910895588123,0.8291021109057038,0.6509043084625123,6.62689818387396e-05,0.7013447448362256,0.48902736948815184,6.3962078320993e-05,0.7054008964078656,0.4925217782393746
2021-07-09,2021-08-23,26,0,False,RD,45,3840,250,True,0.009752911958148626,0.7388875610902683,0.5477195669885963,0.026068837986429606,0.7028565602306887,0.46890293654169946,0.012623877384519982,0.886328284703374,0.781847451805056,0.0001896560435351277,0.6220986455417874,0.3862253279032827,0.000129276418109785,0.7442667538852235,0.553902551704347
2021-07-09,2021-08-25,27,0,False,RD,47,3840,250,True,0.010768574445177283,0.7406470550326112,0.5260902213552214,0.021795560270621923,0.7786751403730088,0.5932768577058554,0.021028234046089295,0.7878518045815206,0.5476257143005707,0.000117996254405095,0.7170828164508514,0.5080387759539751,0.0001325072095928166,0.6789784587250642,0.4554195374604846
2021-07-09,2021-08-27,28,0,False,CO,49,3840,250,True,0.0062773567393592435,0.7471037404220916,0.5420276074058819,0.0117375022007487,0.7971949814715689,0.582510196379685,0.013235140832530828,0.7608574779368406,0.5770523998230601,5.81241738313964e-05,0.7570807010609947,0.5604261022869383,7.865975032604791e-05,0.6732818012189621,0.4481217311338438
2021-07-09,2021-08-30,29,0,False,CO,52,3840,250,True,0.005478952018350799,0.715569609900384,0.49973852224126425,0.011406558040693782,0.7978700765514932,0.6310132957385124,0.010349428648576336,0.7574848846481745,0.5464571189162319,0.00011374356765794974,0.6247021302802616,0.35865464657199864,4.607781647512662e-05,0.6822213481216068,0.4628290277383139
2021-07-09,2021-08-31,30,0,False,CO,53,3840,250,True,0.005267992852231299,0.7846539589976519,0.61111410428337,0.01149218281460715,0.75872979496122,0.5687583632255744,0.009472108882949306,0.8283882313146492,0.6820170306027562,6.455134431819207e-05,0.7494505497873021,0.5527419061577765,4.312836705055209e-05,0.8020472599274365,0.6409391171473728
2021-07-09,2021-09-03,31,0,False,RD,56,3840,250,True,0.016027093076545807,0.6240100824458839,0.38389603913743686,0.02771570524330645,0.727440567346214,0.5117917075864817,0.03599674438960843,0.6248120175611382,0.3700250502171335,0.00025321214473154066,0.5442835172153927,0.2944585280392765,0.00014271052853679896,0.5995042276607905,0.3593088707068558
2021-07-09,2021-09-06,32,0,False,CO,59,3840,250,True,0.008335731604092813,0.6309418589248822,0.3484491266252434,0.016313772451650475,0.6984004367748408,0.4781282632475268,0.01682335770924071,0.6072059223424329,0.2284717837188749,0.00012182565470465087,0.6582370907959948,0.4223728056041741,8.397060077541681e-05,0.5599239857862601,0.26482365393039775
2021-07-09,2021-09-07,33,0,False,CO,60,3840,250,True,0.007296791615039862,0.7344573353719035,0.5264248661920488,0.018171371744249886,0.7164651513841167,0.48363549865443145,0.010786549332126007,0.8100830933865453,0.6350279098304341,0.00014600825480931264,0.7250069930614579,0.5203162905788408,8.323712897424268e-05,0.686274103655494,0.4667197657044885
2021-07-09,2021-09-08,34,0,False,CO,61,3840,250,True,0.005905218782443942,0.7429515956322901,0.45001464498014776,0.01397904943453706,0.7168879213548676,0.2054088925840436,0.009530260964819423,0.8219789266041639,0.6162307666803599,6.610842804661815e-05,0.6644222840555625,0.42170127064034413,4.5456302372669546e-05,0.7685172505145665,0.5567176500158433
2021-07-09,2021-09-13,35,0,False,CO,66,3840,250,True,0.006884690282132827,0.7295887647477267,0.5098243030367062,0.01656092736257736,0.7200539974333515,0.4471509194485236,0.010807019953595046,0.8302865631833654,0.671877894545714,7.988367731828e-05,0.7051692309700647,0.48866972577497014,9.093013504062298e-05,0.6628452674041254,0.4315986723776175
2021-07-09,2021-09-14,36,0,False,CO,67,3840,250,True,0.004325306360684424,0.7608392080150768,0.568869558833899,0.008633169474493177,0.7931286767268714,0.603620459872287,0.008546796043492419,0.7920945710772331,0.6165388943411373,6.794115942324982e-05,0.721258887425335,0.514426261085206,5.331876532884846e-05,0.736874696830868,0.5408926200369661
2021-07-09,2021-09-15,37,0,False,CO,68,3840,250,True,0.005301864988055831,0.694132564276251,0.47151844616962185,0.010791700777928095,0.7509748113902173,0.5431388899788765,0.010293401746247209,0.7367508041033723,0.5280596102977793,7.242652228767749e-05,0.6261368319669908,0.3853976932286901,4.993090576034157e-05,0.6626678096444236,0.42947759117314166
2021-07-09,2021-09-17,38,0,False,RD,70,3840,250,True,0.01033313401710441,0.7002613686570561,0.5013164327239479,0.017997602660419894,0.827019025412719,0.6733999352252784,0.022889066452756134,0.8321759187429223,0.6839653638908454,0.00019732202312345437,0.5807344129622345,0.333887228490544,0.0002485449321181655,0.5611161175103486,0.31401320328912363
2021-07-09,2021-09-24,39,0,False,CO,77,3840,250,True,0.006176123566117846,0.7292701847752675,0.5109363059747295,0.014857332446263805,0.7651645902161515,0.5796899174931002,0.009690780742492928,0.8078556176099705,0.6029437159220234,0.00011509141740001321,0.631194769564098,0.38527526927368394,4.128965831463753e-05,0.7128657617108503,0.47583632121011055
2021-07-09,2021-10-01,40,0,False,CO,84,3840,250,True,0.012017203705842382,0.48021012779357114,0.12819228630792884,0.011098962097605669,0.8172255203271556,0.6580133719157004,0.03660019028279133,0.1661418059481809,-0.5715784429333031,9.681488304195103e-05,0.6319819782032445,0.38775591708059354,0.0002728475599305742,0.3054912066957036,0.03857829916872446
2021-07-09,2021-10-05,41,0,False,CO,88,3840,250,True,0.004213107102631595,0.7755616718397869,0.5816728389171434,0.009329394774817224,0.724716386290251,0.5007117045233972,0.007431455903427653,0.8623544712074594,0.7018305172116076,2.970389248620606e-05,0.7688013482837469,0.5704467649548497,6.187383979529793e-05,0.7463744815776898,0.5537023689787192
2021-07-09,2021-10-07,42,0,False,CO,90,3840,250,True,0.004484525102705311,0.7652548424840846,0.5782039846243912,0.00946049945883069,0.786209862619115,0.5995740502835943,0.008339671051254315,0.8675470750771278,0.7499579833332247,5.2957293478634205e-05,0.6939784159161677,0.4579884541797403,8.497260725760362e-05,0.7132840163239277,0.5052954507010051
2021-07-09,2021-10-08,43,0,False,CO,91,3840,250,True,0.00433262372949705,0.7890703793827886,0.6199793097401176,0.007286870093186787,0.8615782165101986,0.7351214921083258,0.009922310050412863,0.8409299381949884,0.6922208637333122,5.307293956500531e-05,0.7274511458299188,0.5251038646128714,6.824183482354448e-05,0.7263222169960484,0.5274710185059612
2021-07-09,2021-10-15,44,0,False,CO,98,3840,250,True,0.004068532813915448,0.7915975281139243,0.6224288914461741,0.008657367398393104,0.83266341671461,0.6769095293961234,0.007502303093384918,0.8489466751072656,0.7117036733164495,7.393474594202133e-05,0.7041814109793973,0.49535047191712245,4.052601794174858e-05,0.7805986096544244,0.605751891155001
2021-07-09,2021-07-09,0,0,True,CO,0,9600,500,True,0.0042163161983572875,0.8022619414168971,0.6330124630784342,0.010266651391903945,0.7870177318793172,0.583465273330781,0.006492662379788898,0.8521907505070244,0.7215172564337677,5.4901831170167294e-05,0.793276911919292,0.6290703061296017,5.104919056614061e-05,0.7765623713619553,0.597997016419586
2021-07-09,2021-07-12,1,0,False,RD,3,9600,500,True,0.011517585827569702,0.7767888705218466,0.5829026377961999,0.02738897521330993,0.8124626968174388,0.591213138072936,0.018463302491729797,0.8069531453259364,0.648204716253876,0.00011103307825670092,0.7397856099322587,0.5370783098945346,0.00010703252698237637,0.7479540300117524,0.5551143869634528
2021-07-09,2021-07-13,2,0,False,CO,4,9600,500,True,0.005418965402983901,0.7740964400529639,0.5987224335222889,0.0136494687838168,0.7406194145203726,0.538571098775191,0.007907542872810732,0.8587556612906634,0.7372433636910187,7.018829396021126e-05,0.7270199417095253,0.5275475837107635,4.8661661347860286e-05,0.7699907426912941,0.5915276879121827
2021-07-09,2021-07-14,3,0,False,CO,5,9600,500,True,0.004392304914859728,0.7765590522254947,0.5955526035833476,0.009047995859913538,0.7338387253800127,0.5109056161748164,0.008442614508451976,0.8348116356350632,0.6910576265419162,3.721632975302309e-05,0.7352240740742273,0.5384225157029499,4.139296132037514e-05,0.8023617738126756,0.6418246559137082
2021-07-09,2021-07-15,4,0,False,RD,6,9600,500,True,0.008369955064760274,0.7978182391297877,0.6369141375030193,0.018689425015207265,0.8528473295114432,0.7271499626576401,0.01459043028754176,0.8673667631383696,0.7401518523337434,0.00010968202433104755,0.7120377136719171,0.5043107782259868,9.028293196101825e-05,0.7590211501974209,0.576043956794707
2021-07-09,2021-07-16,5,0,False,RD,7,9600,500,True,0.01302692818223219,0.715801860391908,0.4984080568732171,0.03225424308386096,0.6766369857787953,0.4119876934350043,0.019463909396756005,0.8468664371208785,0.6847387842060311,0.0002461388558544778,0.6404090584047542,0.4095238048969737,0.00014342139245731626,0.6992949602632037,0.4873819449548593
2021-07-09,2021-07-19,6,0,False,RD,10,9600,500,True,0.009049700795791872,0.7797812465302744,0.60782696326862,0.019123823614373398,0.81176073237498,0.6527192934099484,0.016872615841398025,0.8298205784114772,0.688040458862085,9.396252490578325e-05,0.7646364052452361,0.5828697036840209,0.00010840120249028186,0.7129072700894041,0.5076783971184256
2021-07-09,2021-07-20,7,0,False,CO,11,9600,500,True,0.005337948548897727,0.7613534807194269,0.5677198843810081,0.010998447181158973,0.7643691071174946,0.5569519552306952,0.010207860724380876,0.8202281187784501,0.6468734919585857,9.700483641481891e-05,0.6975720037925692,0.486056440581886,4.84814536362393e-05,0.7632446931891934,0.5809976497528655
2021-07-09,2021-07-21,8,0,False,RD,12,9600,500,True,0.009274842395238861,0.7895092148706297,0.6211944661589601,0.018072054045298228,0.8347644835708667,0.6831908918671229,0.018840782845312518,0.842069704485916,0.7079563619665998,0.00010638053765587792,0.7327838835632703,0.5369325451463203,8.015215268882003e-05,0.7484187878624662,0.5566980656557978
2021-07-09,2021-07-26,9,0,False,RD,17,9600,500,True,0.009400910823623623,0.7810715942805384,0.5846098941920989,0.011455450056117256,0.8928921152392473,0.796695488668862,0.025914544523242034,0.7580742771062723,0.4621313983767814,0.00011915478610901997,0.7670325471711745,0.58711803098077,0.00011449392902618316,0.7062874376054594,0.49249465874198206
2021-07-09,2021-07-27,10,0,False,CO,18,9600,500,True,0.004474075588174811,0.8124258211165385,0.6486156314013725,0.00900662996268466,0.8175293809935779,0.6610077790286482,0.008796356401711052,0.8566348250293289,0.6930414963552474,3.8597218307139635e-05,0.8047284852217512,0.6464879927436158,5.4718769996392046e-05,0.770810593221496,0.5939252574779788
2021-07-09,2021-07-28,11,0,False,RD,19,9600,500,True,0.009024891611257154,0.8045196387689446,0.6359777665077733,0.01734585109404138,0.8320454821129395,0.6505353592215382,0.018591676370962384,0.8363549815631501,0.6945746260899539,6.847084052838481e-05,0.7770106563805208,0.6024295746511561,9.356813949646395e-05,0.7726674350191682,0.5963715060684447
2021-07-09,2021-07-29,12,0,False,CO,20,9600,500,True,0.005175543912819563,0.7687541985145667,0.579709738122673,0.009722561428170063,0.8190259282898127,0.6460201344093075,0.010875302308922308,0.7939436559260057,0.6230658290540787,4.90512537770867e-05,0.7305698450912584,0.5177918315478562,5.5260660408796764e-05,0.7314773647511901,0.5319611574794494
2021-07-09,2021-07-30,13,0,False,CO,21,9600,500,True,0.0044119287494371025,0.7926702936224714,0.6024510525111522,0.009302831560322836,0.8180025572069128,0.6163580347390205,0.008252224259398592,0.8356965677909924,0.6883784290596516,4.960903046101777e-05,0.7621678134204912,0.5375544243701412,4.3050147565960586e-05,0.7548142360714891,0.5675133218757953
2021-07-09,2021-07-31,14,0,False,RD,22,9600,500,True,0.0096624301039561,0.7861236632049138,0.6035175299983472,0.018006084970648824,0.8188169122091885,0.6614864897740923,0.02041250482401389,0.8658382231383106,0.6851687437172505,0.00013617878659059486,0.6801085135744666,0.4616763601072905,9.495183457109418e-05,0.7797310038976895,0.6057385263947553
2021-07-09,2021-08-02,15,0,False,RD,24,9600,500,True,0.00858262089934728,0.7868719634104423,0.5815292973538984,0.018619291274916332,0.7916763063227394,0.5762951623536231,0.015529504337888484,0.886756579855998,0.7533907365321858,8.884671372273683e-05,0.6855020719953504,0.38312268647619385,9.28412708615675e-05,0.7835528954676813,0.6133086040535907
2021-07-09,2021-08-03,16,0,False,CO,25,9600,500,True,0.0038274742081337437,0.7850032848338796,0.6184033504806187,0.007845978914233024,0.8428480776838156,0.7098092899631925,0.007353814148083594,0.8489007933663167,0.7139410269857842,4.444014706550084e-05,0.7675718287591731,0.5878199648498852,6.566362315285547e-05,0.6806924395262128,0.4620431201236128
2021-07-09,2021-08-04,17,0,False,RD,26,9600,500,True,0.009333516914040529,0.7860246824706549,0.6153114762884876,0.024166007612034534,0.8262715091893349,0.681231463597588,0.012950664763706064,0.8547843670527037,0.7172971528703844,0.00012842964407080084,0.7675364203473825,0.5866914500072797,8.89656363507205e-05,0.6955064332931987,0.4760258386786981
2021-07-09,2021-08-05,18,0,False,CO,27,9600,500,True,0.0048575592720547685,0.7335400229577098,0.5395934117996486,0.010921464521398269,0.8289450706705581,0.6813697581061608,0.008376347102528069,0.8073446559196122,0.6460826215303554,6.540169495954409e-05,0.707915733727664,0.49962809409406794,6.702376933319131e-05,0.589954631513005,0.33129317346801024
2021-07-09,2021-08-10,19,0,False,CO,32,9600,500,True,0.0048354734413492625,0.758424430816949,0.561338790785436,0.010152038772542376,0.739668376915009,0.5108372318475103,0.009053990434172574,0.8618772008985099,0.7292525075513028,7.367298879687266e-05,0.6709167637613286,0.4308278333387642,6.219156988522804e-05,0.7612353816929487,0.5744375904041671
2021-07-09,2021-08-11,20,0,False,RD,33,9600,500,True,0.008530355973269786,0.8000536289785397,0.6346524136723992,0.02199133761759902,0.8115327679273401,0.6374146954912462,0.01192283870744363,0.8889880903760119,0.7861845503648595,0.0001342754804871427,0.7273403494560791,0.5264516022188309,7.297208754935093e-05,0.7723533081547278,0.5885588066146603
2021-07-09,2021-08-12,21,0,False,CO,34,9600,500,True,0.003604252591975046,0.8315027703256797,0.6904586022471344,0.009095426729071586,0.8165281550634029,0.6585212884585733,0.005232538007234199,0.9062627677814246,0.8200132181278458,5.279319614111687e-05,0.7642190890872718,0.5833602958186881,3.625243545328145e-05,0.8390010693706189,0.6999396065834305
2021-07-09,2021-08-16,22,0,False,CO,38,9600,500,True,0.00535198008378069,0.7689029832459762,0.5878699986785174,0.015323715869136917,0.7577909005257519,0.5701239381387214,0.005933436747910584,0.8573281453166274,0.7133391025445452,0.0001246130817165915,0.6524948791418331,0.4245857609541498,2.615463635866812e-05,0.8079980079996926,0.6434311930766532
2021-07-09,2021-08-18,23,0,False,RD,40,9600,500,True,0.009968727642445947,0.7620726596525904,0.5783501479572399,0.0260163937030857,0.7440428755869463,0.5355330648224557,0.013647765181665817,0.8591110641048242,0.7316082350355082,0.00013447860065626422,0.662396485940467,0.4338442307623127,7.627308437601732e-05,0.7827402129781245,0.6124150612086832
2021-07-09,2021-08-19,24,0,False,CO,41,9600,500,True,0.0036733998339161167,0.814253944510522,0.6603481522299064,0.009156988902303362,0.8270814322825619,0.6837456538282565,0.005423641500822679,0.8779229277692785,0.7552688183978287,7.07641077735853e-05,0.757595953559321,0.5724635235137004,4.220482476484011e-05,0.7944154644309265,0.6299146131798401
2021-07-09,2021-08-20,25,0,False,CO,42,9600,500,True,0.00500603861606707,0.7778705703423451,0.5954358521435147,0.01265542184239081,0.7826496527245044,0.6021572264477789,0.007252226624378674,0.8514077852645026,0.6908429131589672,5.865614056741694e-05,0.7411062728226137,0.5477268307163747,5.78498569313771e-05,0.7363185705577595,0.5410164382509379
2021-07-09,2021-08-23,26,0,False,RD,45,9600,500,True,0.008481481079318181,0.781993718191363,0.6135901190234343,0.022970226321927887,0.7374940599917164,0.5320305510779195,0.010687396374724963,0.9035885852196867,0.815311676302034,0.0001531818319809365,0.7102324311511033,0.5042650529728059,0.00011511978863893831,0.7766597964029458,0.6027531957409777
2021-07-09,2021-08-25,27,0,False,RD,47,9600,500,True,0.008716364612392318,0.7786682586320332,0.5973040451756622,0.018973138160273857,0.8199820548595795,0.645945583599933,0.01567010560194919,0.8214176196035716,0.6628935738027553,0.00010695012922767103,0.7476940906210938,0.5540933332841986,0.00011526455811855799,0.7255792694438878,0.5262836900157615
2021-07-09,2021-08-27,28,0,False,CO,49,9600,500,True,0.004502309047571988,0.804149491210674,0.6415718631341328,0.008602426565379925,0.8461019840626972,0.6940213244680321,0.009292339948117786,0.8396697945107263,0.7030501654032495,5.060391256448353e-05,0.7872086945301866,0.6172993503524764,6.386576422576084e-05,0.7436174917390859,0.5519166123127732
2021-07-09,2021-08-30,29,0,False,CO,52,9600,500,True,0.004741241314490422,0.7443756832780317,0.553625145601158,0.01017522778985184,0.8200639171682005,0.6708451617137461,0.0086415955827214,0.8002011470823761,0.6212994658127944,0.00010788146950786086,0.62827875509437,0.39170820280653107,4.0260415880587e-05,0.7289589137671804,0.5306477520715609
2021-07-09,2021-08-31,30,0,False,CO,53,9600,500,True,0.004147115562707799,0.8221730813685835,0.6695841674196001,0.008575243824751548,0.8351454528964816,0.6782158583463105,0.00791571573954532,0.8614856418797842,0.7342658507340354,5.556299254742369e-05,0.7842321371352481,0.6150196653932922,4.193969398690368e-05,0.8078290935628203,0.6508352952047629
2021-07-09,2021-09-03,31,0,False,RD,56,9600,500,True,0.012700336822588523,0.6804456223401736,0.464953529714547,0.021974077942812736,0.789823911561583,0.6129296737843958,0.02845782024089257,0.7118538662463041,0.5019629085578771,0.00023694896932559669,0.583047368053732,0.3397736716980866,0.00013250013732318965,0.637057343499075,0.4051478648178286
2021-07-09,2021-09-06,32,0,False,CO,59,9600,500,True,0.0066907090499844415,0.6845113355776502,0.42577278761122983,0.01307482091799415,0.7654759547723331,0.5817411625408048,0.013490688900563064,0.6968808786907515,0.3813097644510134,0.00011651604909434063,0.6825001830435584,0.4475479019290597,8.081033228621056e-05,0.5931883258039575,0.29249232152404137
2021-07-09,2021-09-07,33,0,False,CO,60,9600,500,True,0.006415736114905942,0.7669477446055389,0.5744518401505463,0.015958129961643554,0.7639169407555528,0.5465278056039239,0.009496339997707562,0.8346458116100837,0.6786832423227736,0.00013078650115485872,0.7588451948688155,0.5703246087140004,7.768799911779601e-05,0.7103830311877037,0.502271703961487
2021-07-09,2021-09-08,34,0,False,CO,61,9600,500,True,0.004429602383798576,0.7671194294598754,0.5606109583347232,0.009690113331656423,0.7259101195515223,0.4491987513711808,0.007931319479587024,0.83966963193064,0.6806177283990134,5.8089940230092465e-05,0.7114327360165414,0.49184484314236643,3.888678372076265e-05,0.7914652303407981,0.6207825104263319
2021-07-09,2021-09-13,35,0,False,CO,66,9600,500,True,0.005691331476972008,0.7664608270198827,0.5811979592685457,0.01414137085989483,0.745634204778957,0.5279223375318528,0.008474329896806663,0.8629040408253033,0.742702893120003,7.022445791424593e-05,0.7428473830506682,0.5504977671530082,7.94006932722949e-05,0.714457679424602,0.5036688392693188
2021-07-09,2021-09-14,36,0,False,CO,67,9600,500,True,0.0035778391428075364,0.8041625831811314,0.6403875481368154,0.007351199619730055,0.8190008997412246,0.6624802590445289,0.006859108223239976,0.8415872931700286,0.6922588055532167,5.254216783612578e-05,0.7917777191821689,0.6244824624210707,4.850656042398818e-05,0.7642844206311035,0.5823286655284452
2021-07-09,2021-09-15,37,0,False,CO,68,9600,500,True,0.004725826931619235,0.7246806371616336,0.5138414408642826,0.009677834904557875,0.77684810172164,0.5902938296676572,0.00910904533472846,0.7749818426972694,0.5823609618021315,7.245331233149796e-05,0.6376158447698037,0.38517035630555074,4.3974174859107936e-05,0.7092767594578212,0.4975406156817912
2021-07-09,2021-09-17,38,0,False,RD,70,9600,500,True,0.009078567089291185,0.734699148375597,0.5470435747622902,0.017464731698932208,0.8375455685409597,0.6830698725953918,0.018439711172289264,0.8638459391596885,0.7453986416475,0.00017729698247396958,0.6371155716664958,0.40148705903896864,0.00023252850346929584,0.6002895141352441,0.3582187257673001
2021-07-09,2021-09-24,39,0,False,CO,77,9600,500,True,0.004928793595497983,0.7782605505385527,0.5970557088365256,0.011389449441242375,0.8249163968075182,0.6777954285083951,0.00819302681836689,0.8327819014391509,0.664310557601666,9.936512924259289e-05,0.6931216856125669,0.46927230807367315,3.333299314007428e-05,0.7622222182949749,0.5768445411623682
2021-07-09,2021-10-01,40,0,False,CO,84,9600,500,True,0.010987482139228358,0.5622203890042048,0.22050420527203518,0.01204705563210387,0.8473894787345981,0.6288002519752772,0.03157688324335969,0.307141616196799,-0.35588226773834153,8.650252513051953e-05,0.6899139400366936,0.4529698585102937,0.00023948715631935834,0.4044365210487286,0.15612897834091133
2021-07-09,2021-10-05,41,0,False,CO,88,9600,500,True,0.0034640397032622214,0.806990928132709,0.6351539898508332,0.007696919314265735,0.784627441048681,0.5880781317975721,0.006074214148247252,0.8837093987570168,0.7562866126819843,2.6276869283172002e-05,0.7999401127349482,0.62000555271715,5.8748481252726066e-05,0.7596867599901895,0.5762456622066263
2021-07-09,2021-10-07,42,0,False,CO,90,9600,500,True,0.0034248045266102563,0.8117782260196736,0.6515369214146962,0.0067153580979465366,0.8556581098215915,0.7157651500581179,0.00686435574114006,0.8961107828549262,0.7941912406275703,4.7148334527799494e-05,0.734071299767405,0.5174424521794424,7.235593282662903e-05,0.761272711634772,0.5787488427936542
2021-07-09,2021-10-08,43,0,False,CO,91,9600,500,True,0.0034559296385067474,0.8196011579451175,0.6713615905015429,0.005843371476720821,0.8936387550295981,0.7875928213324737,0.007870669764974818,0.8706968854651893,0.7558604871449781,4.870632520989948e-05,0.7515879417390305,0.5641762864338976,6.097098712145053e-05,0.7624810495466519,0.577816767094822
2021-07-09,2021-10-15,44,0,False,CO,98,9600,500,True,0.003200877109087427,0.8250369036889861,0.6815367237487018,0.006571033296603416,0.8695883059364772,0.7547709202514152,0.00613042808380327,0.8786198731851736,0.7644216881724586,6.879739751680783e-05,0.7287686020981807,0.530415993889895,3.324965842621352e-05,0.8231708335361129,0.6765382926810384
2021-07-29,2021-07-29,0,0,True,CO,0,960,50,True,0.0063385548258874875,0.7078620843127879,0.483660823207165,0.012514509361894499,0.7620667049966392,0.5443706502052258,0.012711101668088231,0.7522065781117941,0.5594376659176341,5.87028074636927e-05,0.664653031350189,0.42291030115749817,6.990546610352503e-05,0.6525220227925291,0.40792467554830214
2021-07-29,2021-07-30,1,0,False,CO,1,960,50,True,0.009895888503498757,0.6532791774215085,0.3208939090810592,0.021506190821146316,0.6381300772929076,0.11310042986354085,0.017958096668382554,0.621919532197415,0.32186400672200777,6.458032834230454e-05,0.6317059222988458,0.39799494493064513,5.468619612385276e-05,0.7213611778968654,0.450616254808043
2021-07-29,2021-07-31,2,0,False,RD,2,960,50,True,0.021327421930023266,0.6497768099888349,0.3270882243824772,0.03352840975692569,0.6731348924210447,0.36966754863089424,0.051467514507161125,0.7195278575621162,0.2061933413003879,0.00017728793336920046,0.5469693445577777,0.29916921724902823,0.00013647552263706248,0.659475145414401,0.4333227903495984
2021-07-29,2021-08-02,3,0,False,RD,4,960,50,True,0.022773468774278282,0.5886129094072429,0.19665463208986877,0.04234931747969623,0.5857817222494941,0.03628927534191584,0.048471222060143704,0.6959556536443333,0.23027470088190882,0.00012291955527588282,0.44964782129784164,0.14654935606557118,0.00015041600199732213,0.6230664404373025,0.37350519607007926
2021-07-29,2021-08-03,4,0,False,CO,5,960,50,True,0.006556661609464595,0.6213090272702846,0.38227298550160005,0.012826688633285302,0.744537629788964,0.5255931831320799,0.013228631444984883,0.7070277017553069,0.4854141470896307,7.234776129653318e-05,0.5798265355749647,0.32897830535338524,9.897859829166403e-05,0.45384424196190254,0.18910630643130444
2021-07-29,2021-08-04,5,0,False,RD,6,960,50,True,0.01574605604371386,0.6334351970038645,0.3863794834031373,0.04164170374068665,0.6849728372511033,0.45071336698118414,0.02099739698738441,0.7468906976429203,0.5416433041120827,0.00021928463928574715,0.5890047959474296,0.2943045435140734,0.00012583880749862048,0.5128724571740051,0.258856719005209
2021-07-29,2021-08-05,6,0,False,CO,7,960,50,True,0.009688729747512888,0.5427108250723487,0.2552837305150547,0.02406403686936368,0.6000964840036708,0.2979394042250716,0.014499086288573002,0.7078919738990248,0.38738467417280353,0.00010719877808543248,0.4378500301221099,0.17984913182181506,8.459705402943994e-05,0.42500481226458947,0.15596171184052876
2021-07-29,2021-08-10,7,0,False,CO,12,960,50,True,0.008382034361293367,0.5720845920750937,0.3040652307953611,0.019584928373948894,0.4441084195362923,0.05632573002182251,0.013747762820577658,0.7728556645044878,0.5888915128071932,0.00010370860399265143,0.4556167973350235,0.1987830031077117,9.173764665426687e-05,0.6157574869245708,0.3722606772447169
2021-07-29,2021-08-11,8,0,False,RD,13,960,50,True,0.016305400901205074,0.6457150511568195,0.3937911512485883,0.03968426541679992,0.6545136318499221,0.3457000337786835,0.025225063829422457,0.7600976479810196,0.5476321958967857,0.00020957150327641287,0.5156991834689049,0.2609056453412646,0.00010270285532150548,0.652549741327431,0.42092672997761926
2021-07-29,2021-08-12,9,0,False,CO,14,960,50,True,0.006627626578980629,0.69872386974545,0.4712609779950343,0.015106925334919774,0.6808429798475208,0.4328255779102391,0.011259347831884333,0.8029690852262495,0.6127053870534123,8.655122674453965e-05,0.5852310783912094,0.31694460378977596,5.768192237386824e-05,0.7258523355168203,0.5225683432267098
2021-07-29,2021-08-16,10,0,False,CO,18,960,50,True,0.011396062981551621,0.533721811743012,0.26434509817723323,0.03508173757850751,0.3436784699377313,0.01585233488481308,0.010268603040656774,0.7139972485091711,0.5038951136902149,0.0001915113505398551,0.4046157979258922,0.11567584621525728,4.239995650235627e-05,0.6725957305992534,0.42195709791864766
2021-07-29,2021-08-18,11,0,False,RD,20,960,50,True,0.018123267942611584,0.5684810131772767,0.2796016179410159,0.04660767110092612,0.4820167330673984,0.16791995081767985,0.02554309565039951,0.76915332689882,0.4976791853455098,0.00022058164673280348,0.3891630495079982,0.07134985584110565,0.00012172337238790182,0.6335909432348904,0.3814574797597682
2021-07-29,2021-08-19,12,0,False,CO,21,960,50,True,0.007717421440196096,0.6013202910574404,0.3542755181296709,0.019066463931112484,0.5915010773878894,0.3415027419303355,0.011606972351201523,0.6956247837857139,0.4762581453987307,0.00011741949020734775,0.5416698712190009,0.2905850622085283,7.882998826302919e-05,0.5764854318371575,0.3087561229810891
2021-07-29,2021-08-20,13,0,False,CO,22,960,50,True,0.008117994028012953,0.6309722110026803,0.3742081539280089,0.01989059333661817,0.6212927852531032,0.3747084119999158,0.012408882495407118,0.7431355346850661,0.4710184661994866,8.829777645651224e-05,0.5691066512001581,0.3191724717587826,8.420250357001169e-05,0.5903538728723938,0.3319332657538504
2021-07-29,2021-08-23,14,0,False,RD,25,960,50,True,0.015348352300628424,0.6259539373661154,0.36801040752457226,0.03928682857656662,0.5570637713764182,0.19961452441931926,0.021699713195559415,0.8189686111283232,0.6250084197969464,0.00023968660338569202,0.4755228169792699,0.22431384912982755,0.00016718082700196998,0.6522605499804499,0.4231048367521958
2021-07-29,2021-08-25,15,0,False,RD,27,960,50,True,0.015345748866718934,0.6381554833994113,0.35471665093623866,0.0331416001618239,0.6784247533079268,0.38155038956984244,0.027912392893183077,0.7426178500964775,0.3995288063876298,0.00016935247891726378,0.542577749488344,0.2939195125860854,0.00015964993295148876,0.5890015807048967,0.34386789520139716
2021-07-29,2021-08-27,16,0,False,CO,29,960,50,True,0.008241559963732782,0.6785116294362281,0.44698692700837045,0.014539929751118478,0.7162248146706426,0.4828309880052314,0.018273141364929087,0.6565619171513475,0.416055984157377,6.641270977007068e-05,0.7112176944821218,0.4977426470439186,8.675602911348762e-05,0.6300420914408004,0.39131808882695496
2021-07-29,2021-08-30,17,0,False,CO,32,960,50,True,0.007945405343013245,0.6309364224686053,0.3841800465965476,0.01771130644344612,0.6573275676815855,0.42706322368084504,0.013895973710888137,0.6653546430912978,0.39103691939868934,0.00012477579426774512,0.548512167547505,0.29644921887313835,4.956542345098185e-05,0.6525513115540327,0.4221708244335176
2021-07-29,2021-08-31,18,0,False,CO,33,960,50,True,0.009284838455201054,0.6493341428772514,0.39438609863508567,0.019494272267180122,0.5697686022299038,0.2684817135401246,0.017498147550146205,0.6859457969149009,0.4125792908733843,8.575162534709207e-05,0.6396875890739332,0.4058511267006395,6.118237813078805e-05,0.7019345832902681,0.49063226342619426
2021-07-29,2021-09-03,19,0,False,RD,36,960,50,True,0.020338534605158855,0.5212713087556554,0.23765579583257757,0.036171103155931555,0.6697429358504086,0.36285104956023617,0.044701066728138186,0.4891082224214999,0.21769169004548006,0.0003134625323058974,0.421111740202626,0.1265789534616646,0.00016850600425978669,0.5051223365480874,0.24350149026292944
2021-07-29,2021-09-06,20,0,False,CO,39,960,50,True,0.0123400837717394,0.46936358251415966,0.0680332070391794,0.0218351829064921,0.6051246429156579,0.3015003206958369,0.02724427522960458,0.37058762922930055,-0.2494370883062884,0.0001692171073996548,0.5083288856989145,0.19766979107965976,0.00011165984346126239,0.3934131722127657,0.02239980468750935
2021-07-29,2021-09-07,21,0,False,CO,40,960,50,True,0.008566607037704498,0.6759008880603558,0.44082126869262295,0.01966803828235009,0.6993701293276561,0.44110566207942115,0.014327149028423868,0.7246063089250067,0.5152287014067641,0.0001745109416799316,0.6614254293305346,0.4266758687792356,9.672989836409999e-05,0.6182016846582257,0.38027484250507104
2021-07-29,2021-09-08,22,0,False,CO,41,960,50,True,0.008484306387075197,0.66204891618563,0.2710380320512763,0.01588496954598284,0.6492049834409397,0.09707340245704976,0.017912449981994785,0.7124815680898007,0.27869265890592654,7.145801230198175e-05,0.6130983282888172,0.3749045479093541,6.8348008021179e-05,0.6734107849229624,0.33348151893277467
2021-07-29,2021-09-13,23,0,False,CO,46,960,50,True,0.009866095403672073,0.643654915000434,0.3776682964231885,0.020722654897701046,0.6204175406706066,0.3082210641979044,0.018546419559639874,0.7101675613497112,0.43689469801310044,9.057841726672811e-05,0.6523594655777273,0.42021338407681474,0.00010472874008064503,0.5916750924036911,0.3453440394049345
2021-07-29,2021-09-14,24,0,False,CO,47,960,50,True,0.0055053842054886715,0.6888355773919947,0.4535147229166476,0.011142960518247041,0.7381747327922361,0.488387019514253,0.01072514726042557,0.7306695582129156,0.518804847347641,8.744324637156583e-05,0.6250932114082475,0.37504534152888414,6.598579691051e-05,0.6614048071545799,0.43182168327581216
2021-07-29,2021-09-15,25,0,False,CO,48,960,50,True,0.010581181828489994,0.5498678620498112,0.15889082703688345,0.023455782989803983,0.6033710269408505,0.00701147357109988,0.018714700637641486,0.5319731261473607,0.14195293938575826,8.469152803991593e-05,0.5516021702850218,0.2813184058379762,6.955215847459816e-05,0.5125251248260118,0.2052804893526995
2021-07-29,2021-09-17,26,0,False,RD,50,960,50,True,0.015420766398958492,0.6053322182124147,0.3748760228427416,0.023502211717037334,0.7750118219730091,0.5735085381113456,0.03766761741080543,0.6928464671753166,0.47991449165943045,0.00022310953985725713,0.5044031767169836,0.24683463309346154,0.0002901269281339481,0.44906740698434905,0.1992464285067287
2021-07-29,2021-09-24,27,0,False,CO,57,960,50,True,0.008423474980033143,0.6567070050839212,0.38800488437213576,0.018002284496699657,0.7240016981635938,0.4907200394493908,0.015516477458584107,0.7031179088285167,0.3642498942659794,0.0001251616926467691,0.5773394952729412,0.33148805056313224,4.9976272202041144e-05,0.6223689180706331,0.36556155321004047
2021-07-29,2021-10-01,28,0,False,CO,64,960,50,True,0.008358054245807859,0.5273772762893585,0.2713600422175583,0.013056897555542278,0.7908504422225711,0.5976845105881283,0.019998449289553334,0.4527006919193652,0.14128501647888458,0.00011626564683907762,0.5685097171396652,0.2647519463182303,0.0002606044912967441,0.29744825387583274,0.08171869548498989
2021-07-29,2021-10-05,29,0,False,CO,68,960,50,True,0.009339217733114554,0.6383687330621977,0.2565833485075625,0.01334150669035482,0.6380093259585451,0.28599246839702375,0.02387752459814264,0.7214787331001364,0.041971149097242644,4.24093372385005e-05,0.6342529189412842,0.3867110845698649,9.54303067222496e-05,0.5597339542488249,0.3116586919661186
2021-07-29,2021-10-07,30,0,False,CO,70,960,50,True,0.006436884000470834,0.7031835525439485,0.48725824742264123,0.010622971550575011,0.7451330223009691,0.5503711521299413,0.014970906832775568,0.7605204813284296,0.5511386824742213,5.8440038622685904e-05,0.6352182972518843,0.40187321535876597,9.521757991007048e-05,0.6718624092945114,0.44564993972763645
2021-07-29,2021-10-08,31,0,False,CO,71,960,50,True,0.0067250433853489186,0.720545083897074,0.5083816117141519,0.009933846852381687,0.8105141177276545,0.6389036035727476,0.016828438281278956,0.7089725496294238,0.47800036759446074,6.354460995653585e-05,0.6640997772011253,0.431403462096168,7.434379777849709e-05,0.6985938910300924,0.4852190135932314
2021-07-29,2021-10-15,32,0,False,CO,78,960,50,True,0.006293902014652991,0.7090664309499017,0.4728775641493992,0.013379891746212255,0.7663530055486786,0.5006662739396945,0.011648629292867784,0.7581892317493313,0.5523698530664141,9.280321761124148e-05,0.6196766034491911,0.3665616974079884,5.4283801920683166e-05,0.6920468830524056,0.47191243218349965
2021-07-29,2021-10-19,33,0,False,CO,82,960,50,True,0.00805585964147182,0.7201992382453142,0.49845797783825474,0.016363414644665314,0.708088271351298,0.45299796144344007,0.01570325720559364,0.7817701291300864,0.5815113918255379,6.908942629690379e-05,0.6625175322201067,0.42954927423019995,8.767728933143145e-05,0.7284210202797654,0.5297732838538408
2021-07-29,2021-10-25,34,0,False,CO,88,960,50,True,0.00855636614495604,0.6727741606575486,0.4017518729178873,0.0164211168995618,0.7140208033940176,0.46020515603400114,0.017656405674193975,0.6664982955283116,0.39101269088981516,6.166109281226476e-05,0.6497300177718863,0.374387147079305,8.628091325611555e-05,0.6608475259359787,0.3814024976684277
2021-07-29,2021-10-26,35,0,False,CO,89,960,50,True,0.007098816166065936,0.6844419811978693,0.4107498233062298,0.014332794561951816,0.7308613625129209,0.4350040259194353,0.01396369943998845,0.6654670476164328,0.33605781477253194,4.237693735844356e-05,0.7114823075984675,0.49453689913656806,5.639372496503321e-05,0.6299572070636559,0.3774005533963838
2021-07-29,2021-10-27,36,0,False,CO,90,960,50,True,0.009025339566441705,0.6406508171298466,0.316326256160963,0.016718423934663235,0.7060511959113097,0.4358937051771953,0.01923141520861565,0.5746697707239782,0.014655390842352234,0.00011124178024702416,0.5934882891337547,0.3435009799189648,4.027734224091094e-05,0.6883940127503441,0.47125494870533957
2021-07-29,2021-10-29,37,0,False,RD,92,960,50,True,0.015238165789888972,0.7162273625179036,0.46923030284007533,0.029034042103554526,0.7515560613906582,0.5398799912031058,0.031713430532108906,0.7626989795748773,0.4359331449753583,0.0001223131499716129,0.629516471940595,0.3919351377131457,8.287737392084276e-05,0.7211379371654841,0.5091729374686915
2021-07-29,2021-11-01,38,0,False,CO,95,960,50,True,0.007785642241144265,0.7002975060992922,0.48090788975360965,0.018496554500310746,0.6182633659620411,0.346756880333285,0.012529857143534454,0.767066293446599,0.5859580288763249,5.7725178473788476e-05,0.6730155021599052,0.4449088174564705,5.843214225806907e-05,0.7428448628286233,0.5460078323483583
2021-07-29,2021-11-02,39,0,False,CO,96,960,50,True,0.009388884945045783,0.5742234398651358,0.32694899882337575,0.0173161738875417,0.6281242109472992,0.37492027271424777,0.019991344956694284,0.6418994595375555,0.4020320423714311,0.0001288251504674918,0.43409887178744416,0.18301144310081607,0.00011919578547965738,0.5927712171882444,0.34783223710700806
2021-07-29,2021-07-29,0,0,True,CO,0,1920,250,True,0.005893136706604746,0.7255481006519723,0.5108992163154311,0.011558434367990734,0.7797879030414152,0.5791795120814911,0.011890667674131633,0.7705574784804017,0.5878736209415388,5.725114720512212e-05,0.6774343058809242,0.4371811378965802,6.619363709149618e-05,0.6744127152051483,0.4393625943421141
2021-07-29,2021-07-30,1,0,False,CO,1,1920,250,True,0.007315116743959195,0.6859291560407532,0.43836965431538877,0.01636399659791127,0.6482923240468765,0.32516075630968444,0.0127833204060699,0.7331654564769472,0.5172745842145073,6.593954194416704e-05,0.6253105609485603,0.3853246244128684,4.721042991143741e-05,0.7369482826906291,0.5257186523244948
2021-07-29,2021-07-31,2,0,False,RD,2,1920,250,True,0.01983820278331556,0.6566547155065168,0.3439911599020794,0.02820195428540918,0.6947132140903642,0.4698046490424599,0.05082641765466557,0.7418621093079469,0.21608126682497353,0.00018690222921138118,0.5350860720119929,0.2611632776871793,0.00013753696397611793,0.6549574666157627,0.428915446053705
2021-07-29,2021-08-02,3,0,False,RD,4,1920,250,True,0.018985779380117335,0.649684002832641,0.24403988482807126,0.039165530063661295,0.6481467102327023,0.10874026771824741,0.03650096663458396,0.7560159898162555,0.42036292326108293,0.0001442705385154609,0.5098859956753545,-0.0016940243595637838,0.0001323502837086263,0.684687315606252,0.4487503726925185
2021-07-29,2021-08-03,4,0,False,CO,5,1920,250,True,0.005266015785343794,0.7087008694454588,0.4984979102729041,0.010566892519481362,0.7867373169557805,0.6091738103516584,0.010357225070763936,0.7871375672509406,0.5971101380374264,6.0768908388570736e-05,0.6676708244565503,0.4363715592858626,7.917664274130896e-05,0.5932577691185639,0.3513361334166689
2021-07-29,2021-08-04,5,0,False,RD,6,1920,250,True,0.014998536985534078,0.7001708774513593,0.46060040273199704,0.03766069877800355,0.7509724949658523,0.5032259352853199,0.02205495413972861,0.76158274632686,0.5185576615273204,0.00017250874433040635,0.6746881955459447,0.4448373699380559,0.0001059862800737429,0.6134400729667799,0.37578064417729196
2021-07-29,2021-08-05,6,0,False,CO,7,1920,250,True,0.007147165406692636,0.6290814811031109,0.39052369241654317,0.017314326438065766,0.7122511681765364,0.49486005192978766,0.011106861229253312,0.7401479153073568,0.5307129514610163,8.916573253389654e-05,0.567264524047439,0.3178154242472955,7.830822691757078e-05,0.4966623168811113,0.21870634202807315
2021-07-29,2021-08-10,7,0,False,CO,12,1920,250,True,0.00790724360307288,0.6484482775489729,0.3778767178641015,0.015238525406160906,0.5974778139357,0.2657514970884045,0.016215845823401586,0.778384902002649,0.5150867867001574,8.445289841667722e-05,0.5969033690654031,0.34754596009166017,9.015028431234654e-05,0.6210270251921398,0.38312262757618387
2021-07-29,2021-08-11,8,0,False,RD,13,1920,250,True,0.01295246197960543,0.7287488327704864,0.5154340368265287,0.034842943571082516,0.7061226760501016,0.4255220157871601,0.016711364049259426,0.8396248006623288,0.7003106469956564,0.00017840401775896607,0.617006080216941,0.3708237985000461,7.713628032081557e-05,0.7522417741525742,0.5650796860232521
2021-07-29,2021-08-12,9,0,False,CO,14,1920,250,True,0.005853444664722714,0.7432268785638018,0.5360002513582098,0.01477113584654977,0.692975370372278,0.44543245884648386,0.008517197980360549,0.8679563712382885,0.7070287778256565,7.750424800683349e-05,0.6322118417141269,0.38834264028934773,4.794058397370185e-05,0.7797639309305134,0.6031971284713513
2021-07-29,2021-08-16,10,0,False,CO,18,1920,250,True,0.008880662417752547,0.6180267575905967,0.3767039267421456,0.02598832125704648,0.5316840098133041,0.27094986021858913,0.009326902669957265,0.7681262006976736,0.5493912881449129,0.00016796979614079163,0.4834260928945613,0.224381492716334,3.945594786565364e-05,0.6888707269568477,0.46209306588874643
2021-07-29,2021-08-18,11,0,False,RD,20,1920,250,True,0.015153955191284131,0.6269233947677114,0.37843145333991035,0.04222385302958178,0.555637701610675,0.2461836243771609,0.018088472503510943,0.8077947706683806,0.6442789719703825,0.00018987987430458042,0.4872431601374618,0.20060451421229508,0.00011361535773922198,0.6570179466543283,0.4226587027998029
2021-07-29,2021-08-19,12,0,False,CO,21,1920,250,True,0.006609497913993145,0.6655992958290857,0.4355768079377591,0.015904408572118636,0.6717108036273101,0.4507104477369803,0.010358996955402261,0.7534004010168578,0.5325705866207517,0.00010631734768565284,0.6016822590540214,0.3576610283234569,6.826878076602966e-05,0.6356037196181538,0.4013651690698473
2021-07-29,2021-08-20,13,0,False,CO,22,1920,250,True,0.007653992055484302,0.6534288480588148,0.40846421067077376,0.019961831567415454,0.6253269114492136,0.3724689279529746,0.010488942196439205,0.7677861735045557,0.5528641089903963,8.585139415733529e-05,0.6115550641488123,0.3380355109056634,7.934306392521093e-05,0.609047243132678,0.37048829483406065
2021-07-29,2021-08-23,14,0,False,RD,25,1920,250,True,0.012580071190970795,0.6923861105488065,0.46513415333219893,0.033789105768627314,0.6295132157626888,0.31161891987891854,0.01617862520832163,0.8550682431084689,0.7204180452660087,0.0002101234964930487,0.5701474625048735,0.3199875007624029,0.00014243029044118865,0.7148155208191944,0.5085121474214656
2021-07-29,2021-08-25,15,0,False,RD,27,1920,250,True,0.012698639617561654,0.6954247360751005,0.44784971991745104,0.027146389136930977,0.7377395078344778,0.4934259750783112,0.023358358069243967,0.7678725528413869,0.49749843360475277,0.0001421389972019389,0.6418929119168999,0.407380552876931,0.0001476722668697342,0.6341939717076372,0.3930939181098093
2021-07-29,2021-08-27,16,0,False,CO,29,1920,250,True,0.006824252726534062,0.7136450636333918,0.505590907756073,0.011957851501045886,0.7624521304329297,0.5746726186279998,0.015192243339487356,0.7180145291785911,0.5145104277283625,6.595359208791099e-05,0.7164897482474837,0.5012148021861376,8.096247351509786e-05,0.6576238466745628,0.43196578248179207
2021-07-29,2021-08-30,17,0,False,CO,32,1920,250,True,0.006746098132289917,0.6453891374691534,0.39504235680749844,0.014436048666173065,0.74467086289099,0.5330133769638317,0.01235818254554995,0.7066747392054286,0.45842752223439165,0.0001338361428507917,0.5370090096875866,0.2453622643857496,5.632517458585945e-05,0.5932019380926086,0.34336626364602085
2021-07-29,2021-08-31,18,0,False,CO,33,1920,250,True,0.006926381722310806,0.7265339104553559,0.5183580596025282,0.014744593566423915,0.6770347410575738,0.44671236389693003,0.012834892658306835,0.7713588232522298,0.569126861840664,7.65614304812698e-05,0.6887204634342847,0.4695273999237807,4.9479234031206305e-05,0.7690216140773352,0.5880656127487381
2021-07-29,2021-09-03,19,0,False,RD,36,1920,250,True,0.019500172502066745,0.559186197061557,0.27278134144943567,0.03547770857928606,0.7025319576748252,0.37506509857183934,0.042071377371974174,0.5531234408233925,0.26371358586370874,0.0002817239031713955,0.4830316816485516,0.2150143606231707,0.00016988015383535675,0.4980577080994588,0.23733232073902388
2021-07-29,2021-09-06,20,0,False,CO,39,1920,250,True,0.010555020466203198,0.566159656118028,0.22517210560417097,0.019201969596688958,0.6509503908509975,0.38573587119768704,0.022787865203089973,0.506261759585164,-0.04506373203594172,0.00014347396523823244,0.5923070009243664,0.319728966691606,8.677309979562565e-05,0.5151194731115841,0.24028731656333258
2021-07-29,2021-09-07,21,0,False,CO,40,1920,250,True,0.008194509694131196,0.6983276644075078,0.47603937505769806,0.02027865637471713,0.6723316767089595,0.4237541098017311,0.012249603455037306,0.7735905880771825,0.5855242266015648,0.0001586295767754441,0.6998554810004056,0.47885122035784844,9.1149369994904e-05,0.6475329118434834,0.41602794346964767
2021-07-29,2021-09-08,22,0,False,CO,41,1920,250,True,0.006352391645153512,0.708765025424446,0.40298974170463875,0.013483512802694293,0.7149148661405962,0.23357597239193872,0.011801410659528107,0.7673910041552001,0.5247749943452736,6.882463867198313e-05,0.6422912360695328,0.3979405914087326,5.5818479719666145e-05,0.7104629953324546,0.45566740867261
2021-07-29,2021-09-13,23,0,False,CO,46,1920,250,True,0.007562495652136839,0.6824802593543957,0.44920210544448497,0.017797819872887206,0.6887203892428437,0.4058600622341493,0.012256613005950141,0.7944887082102345,0.6278654353818506,9.69676956265899e-05,0.6259790314836602,0.37931602474730663,9.858203408341704e-05,0.6207329084808446,0.38376689941463327
2021-07-29,2021-09-14,24,0,False,CO,47,1920,250,True,0.0049729921928005,0.7155249728991095,0.5028301349458473,0.010024374418367498,0.7417621218153915,0.5397452889393456,0.009727423171540812,0.7602210633676779,0.563568801035004,7.854835548246248e-05,0.6709020870785023,0.43861690055033675,6.162282581122454e-05,0.6892146193348669,0.46938954925870313
2021-07-29,2021-09-15,25,0,False,CO,48,1920,250,True,0.007793608184941453,0.615497106795146,0.32399674390793,0.01748205278125806,0.6470297341153666,0.25990627395556554,0.013553476652769068,0.6414910973178682,0.3785890018661897,8.319850360239721e-05,0.557869073033433,0.29398802235939603,5.570480213628988e-05,0.6155985227139164,0.3635036774505688
2021-07-29,2021-09-17,26,0,False,RD,50,1920,250,True,0.0134842706329317,0.6505247554449731,0.4277794412816796,0.02175130963603315,0.7847703866949896,0.6052819217035812,0.03170506615167702,0.7610156334101537,0.5622408163852659,0.0002105532821333313,0.5473459527787257,0.2892216079474462,0.0002701534618832874,0.5089670488960236,0.254373419090425
2021-07-29,2021-09-24,27,0,False,CO,57,1920,250,True,0.008369036452875152,0.6737521276182077,0.40809033124534255,0.021356097482892564,0.6596317547970023,0.3958415396892312,0.011942514587000259,0.7703365976024401,0.5106843720373427,0.000133212123150293,0.5789593461149496,0.28848919942978013,4.432161845749456e-05,0.6860808119584385,0.43734621382501604
2021-07-29,2021-10-01,28,0,False,CO,64,1920,250,True,0.007767923248404429,0.5686658040392536,0.31082632786087316,0.01188442122111996,0.8023683116035274,0.6338114226895968,0.018821896726334112,0.5450094874840103,0.1918050993267224,0.00010529738863838411,0.5948243439524278,0.3341137114963906,0.00026007765752526313,0.3324610731170487,0.083575077930783
2021-07-29,2021-10-05,29,0,False,CO,68,1920,250,True,0.005280844048097057,0.7346003033793164,0.4956911446895075,0.010579113315163754,0.6765698556425616,0.43382956962656505,0.010437600645714097,0.8326929234665427,0.5812161134335849,3.6274582518202706e-05,0.7275021666624767,0.4754268559973357,7.038764899217694e-05,0.7016362677456845,0.49229203970054425
2021-07-29,2021-10-07,30,0,False,CO,70,1920,250,True,0.005760964600041205,0.7214249508393884,0.5184261373261897,0.010374709646578556,0.750620790796734,0.5608791077742271,0.012518754143065714,0.7970560859515705,0.6246597122536501,5.353502738357984e-05,0.6775713898743665,0.4520754169695079,9.685958313697041e-05,0.6604515367348827,0.4360903123073734
2021-07-29,2021-10-08,31,0,False,CO,71,1920,250,True,0.006276711113210363,0.7433882427993792,0.5389313581210656,0.008682171613952726,0.8474194677568601,0.6844021324720084,0.016293643682609032,0.7212034226280655,0.4945891073962241,5.7310363105967926e-05,0.7048181776859117,0.4871874409119227,7.371879317372516e-05,0.70011190312668,0.48954675170410733
2021-07-29,2021-10-15,32,0,False,CO,78,1920,250,True,0.004556811419800168,0.7701265292791878,0.5825416660731574,0.009745686922900162,0.8298675988603604,0.6362937565913747,0.00835638613092326,0.8268630151360175,0.6788832181388729,8.01687507619419e-05,0.6736961344839707,0.4527996042519201,4.500387461531054e-05,0.7500793686364028,0.5621900853104619
2021-07-29,2021-10-19,33,0,False,CO,82,1920,250,True,0.007017640949359864,0.7591503650258278,0.5518879379796033,0.017205535090562767,0.710234320375407,0.4248472599780684,0.01072459102074625,0.8561306150276248,0.7141918322579774,6.161935177377929e-05,0.7099940628499359,0.4912274449962789,7.881833435665898e-05,0.7602424618503436,0.5772852146860885
2021-07-29,2021-10-25,34,0,False,CO,88,1920,250,True,0.006256925772601573,0.7271375938866753,0.4718789593634005,0.013451473152173949,0.763743751977088,0.5578232652686175,0.011429693561299805,0.7942914768714573,0.6057782963141095,7.575628170389941e-05,0.628889884065823,0.23137749654003226,7.078009522863522e-05,0.7216252626323331,0.4925367793308427
2021-07-29,2021-10-26,35,0,False,CO,89,1920,250,True,0.005413092463325945,0.7183911669206753,0.48569636398413196,0.012023507043984309,0.7358215122883648,0.5260356907498049,0.009529864251311049,0.7659103565759438,0.5468766050766687,4.1867984243479034e-05,0.7128044017102406,0.5006075837051124,5.713057376493959e-05,0.659028397108152,0.36926557640494184
2021-07-29,2021-10-27,36,0,False,CO,90,1920,250,True,0.007900700397841116,0.6843576740125659,0.37601135308329825,0.015796843551013587,0.726275813522702,0.46698929753887164,0.01566019673755668,0.702728878427336,0.19763104970107837,0.00010419543869969272,0.6237937988849287,0.38508532269653484,4.1565864094496455e-05,0.6846322052152969,0.45433974239670805
2021-07-29,2021-10-29,37,0,False,RD,92,1920,250,True,0.01168370003832056,0.7415961333272557,0.5356401694618547,0.025855479839400338,0.7847776766605805,0.5902525880233416,0.02067701622736993,0.8213450405000721,0.6322309091456575,0.0001242845173385354,0.62290471145126,0.38213472600955767,7.801956917343532e-05,0.7373571046971104,0.537942454668862
2021-07-29,2021-11-01,38,0,False,CO,95,1920,250,True,0.00587176288048743,0.7614777392773447,0.5731237781136169,0.013532688172108525,0.7260890045236901,0.522065829131771,0.009849290302047273,0.8251768118020779,0.6745358287717387,4.751318061641107e-05,0.7490669639025822,0.5431084266505343,5.755986717751549e-05,0.7455781768810286,0.5527850279004236
2021-07-29,2021-11-02,39,0,False,CO,96,1920,250,True,0.00853531977843962,0.6210276153994374,0.38639519897480457,0.016094700410821287,0.6514518273902139,0.419013056297606,0.01781935615205254,0.6853285259693735,0.4669991424998712,0.00011167448411123599,0.5408006095112827,0.29177823363363686,0.00011554806677341484,0.6065294987268793,0.36779036346810423
2021-07-29,2021-07-29,0,0,True,CO,0,3840,250,True,0.006311331180314597,0.7138140843762641,0.49173645944318245,0.012036599966854517,0.7753732615097039,0.5617704171977622,0.013082884820136986,0.7422441831335516,0.5465517920165301,5.5512778179270743e-05,0.6874078168117266,0.45427052256061307,7.032715608761365e-05,0.6502310760500747,0.40435310599782437
2021-07-29,2021-07-30,1,0,False,CO,1,3840,250,True,0.006517009327950087,0.7090918524972187,0.47633203468414054,0.013719862125278984,0.7244130100962562,0.43420292684853823,0.012237409913003977,0.7386232335868566,0.5378893275969685,6.350365158144652e-05,0.6439107946177935,0.4080315128662657,4.7261621935937884e-05,0.7294203716879686,0.5252043714247896
2021-07-29,2021-07-31,2,0,False,RD,2,3840,250,True,0.013713236076441931,0.6986963604347751,0.4716307356853975,0.023950063641051296,0.7461564342377374,0.5497399836509814,0.030608049752480947,0.7762693506267193,0.5279182619174713,0.0001660431896291088,0.5889073276140518,0.34362042386776137,0.00012878772260637583,0.6834523292605923,0.46524427330537577
2021-07-29,2021-08-02,3,0,False,RD,4,3840,250,True,0.013398687823528543,0.7105150450458162,0.430405360979659,0.02848498084761712,0.7095799819791242,0.351789280956184,0.02488391393682906,0.8343628335060607,0.604842269615395,0.0001059361656320587,0.5868429629489142,0.26446781741355874,0.00011992034403594061,0.7112744017491657,0.5005220759334982
2021-07-29,2021-08-03,4,0,False,CO,5,3840,250,True,0.004532855275137729,0.743605536219474,0.5511847596922467,0.008763898919068017,0.822715105736012,0.6758591785912587,0.009238910323774866,0.8183466301364695,0.6406119129787626,5.364756542292006e-05,0.7116278050899374,0.5024216420988554,7.496429228511158e-05,0.6217326039154771,0.38584630510011
2021-07-29,2021-08-04,5,0,False,RD,6,3840,250,True,0.012124828350816207,0.7431689506416336,0.5414492835166029,0.030855221204498077,0.7843083254979053,0.5929955058512683,0.017399042872831852,0.8034505324959174,0.6201925501720562,0.000148180588535154,0.7295241751089793,0.5231295342470187,9.686873739974742e-05,0.6553927694637324,0.4294795437960689
2021-07-29,2021-08-05,6,0,False,CO,7,3840,250,True,0.006767597373596056,0.651600661569688,0.4199145398084971,0.01682475727137258,0.7257108976456803,0.509143076125085,0.010086232458047552,0.7618546210106827,0.5738365535126573,8.039653346111298e-05,0.6214767288870551,0.3849063590622337,7.900323150298081e-05,0.4973603987353337,0.21177217053401232
2021-07-29,2021-08-10,7,0,False,CO,12,3840,250,True,0.0065368419224878915,0.6819172017579112,0.44818235853335975,0.013623739852010965,0.633639048565326,0.34355783622266933,0.01236157167330644,0.8085343865102528,0.6303437078262797,8.184443564240497e-05,0.6124321775255854,0.36769804612934154,8.021172899175555e-05,0.6730631944304803,0.4511298439551482
2021-07-29,2021-08-11,8,0,False,RD,13,3840,250,True,0.011323911042794005,0.753171011953274,0.5581969963030168,0.029697022396898122,0.7481894626777932,0.5103661225151893,0.015361606304846318,0.8526955378570193,0.7245162129771894,0.0001583025885922052,0.665322625285959,0.4417153681335857,7.871288083937792e-05,0.7464764219923239,0.5561902815861028
2021-07-29,2021-08-12,9,0,False,CO,14,3840,250,True,0.004657651808675825,0.7808546862236233,0.6046164826779765,0.01116081995451016,0.7725363655797506,0.5809781628353572,0.007356606895237552,0.8718630517230238,0.7469503329470908,7.097312644209471e-05,0.6713856296563828,0.4398857321194266,4.220725851349154e-05,0.8076336979353357,0.6506517028100314
2021-07-29,2021-08-16,10,0,False,CO,18,3840,250,True,0.0068184080159277355,0.685556243111239,0.46999545382726104,0.01987718872616783,0.666586868483503,0.4423854055080637,0.007200630134221427,0.8202494403766475,0.6521174516189835,0.00016139106157735792,0.5239437538152834,0.25475950352030585,3.442214174432679e-05,0.7314449097695219,0.5307194546616912
2021-07-29,2021-08-18,11,0,False,RD,20,3840,250,True,0.012359065514386999,0.6964684844757303,0.48145041814879647,0.03337762623210592,0.6505955205188221,0.40411403915335453,0.015801241735446777,0.8347316785405128,0.6892587832838495,0.00016108097116602013,0.5825419083111529,0.3218480806983043,9.631311882928044e-05,0.7180048305324338,0.5105807694596776
2021-07-29,2021-08-19,12,0,False,CO,21,3840,250,True,0.005308436781969533,0.7420698110980519,0.5441471263063455,0.013315858076750538,0.7362004240184945,0.5401110523657856,0.007775532796510861,0.8221147609007557,0.6491443380636612,8.64022032357673e-05,0.6942553077944891,0.4779826285626958,5.595405138096657e-05,0.7157087516784679,0.5093504862332399
2021-07-29,2021-08-20,13,0,False,CO,22,3840,250,True,0.006597528565018164,0.7153657954041868,0.5028890392595328,0.017656014011398234,0.6740291483006663,0.44495587174796647,0.008597682871800358,0.8163332685509468,0.6334871029410822,6.9162391905538e-05,0.686298505994398,0.46671748465275265,6.725498496852802e-05,0.6848022587707356,0.4663956976963297
2021-07-29,2021-08-23,14,0,False,RD,25,3840,250,True,0.010419936320282052,0.7271034712971165,0.528312979799015,0.028003460273805965,0.6780455150828606,0.42948912698634356,0.01335004181647684,0.880323344075993,0.769298643193038,0.00018762125165270197,0.6274250693519412,0.3928104263643796,0.0001386219391927043,0.7226199566776713,0.521653722652299
2021-07-29,2021-08-25,15,0,False,RD,27,3840,250,True,0.011017661215628664,0.7322166090882266,0.5135512390012646,0.02296394183748435,0.7642086619259671,0.5714738934153081,0.02084853280694672,0.7925354670927344,0.5514915748154504,0.00012993123624862753,0.6830079524580155,0.45827831274000175,0.0001282389818349654,0.6891143548761893,0.47296117503429846
2021-07-29,2021-08-27,16,0,False,CO,29,3840,250,True,0.0062239444727877685,0.7482838281232498,0.5463188747710803,0.012086028586633272,0.7865729975351499,0.5701135032919371,0.01267452545537196,0.7732154002148992,0.5949676552322685,5.6841833919254614e-05,0.7598910142563506,0.570124014811395,7.838201522658876e-05,0.6734559004865996,0.4500703257487205
2021-07-29,2021-08-30,17,0,False,CO,32,3840,250,True,0.005711345538516217,0.7025439170421801,0.4779925406906477,0.011646928883106304,0.7975974802263321,0.6232376245302538,0.011033263769801205,0.7437378718722616,0.51648942102701,0.00011595981598779284,0.6110854666977159,0.34615828657859826,4.92296851695666e-05,0.6577548493724106,0.42608483062672886
2021-07-29,2021-08-31,18,0,False,CO,33,3840,250,True,0.0055346585243699065,0.777151187035503,0.594783895604631,0.01235437667645157,0.7410175733616549,0.5364047278721533,0.00967311974690137,0.8282437250820687,0.675269005195696,6.639124002131755e-05,0.7427044291644997,0.5399937867539102,4.474643410536716e-05,0.7966390205337885,0.6274680625967646
2021-07-29,2021-09-03,19,0,False,RD,36,3840,250,True,0.016138843433681944,0.616118255281594,0.3743166644631747,0.028024173872007632,0.7256093314280172,0.5063580756020417,0.036125886339818676,0.6223794798516966,0.3677649515615994,0.00025998571753287064,0.5262108049460364,0.27558488147800964,0.0001453278053685983,0.5902734049006255,0.34755874921104823
2021-07-29,2021-09-06,20,0,False,CO,39,3840,250,True,0.00836869343924251,0.6164782576090828,0.32607337509190193,0.016632147956807876,0.6903423929501136,0.467943544887113,0.016623631410930997,0.6122145273353201,0.23763133898379574,0.0001285709809916737,0.6342801616496314,0.3903903474930037,9.04234082394977e-05,0.5290759485012662,0.20832826900369517
2021-07-29,2021-09-07,21,0,False,CO,40,3840,250,True,0.007340122233890504,0.7304255552633382,0.5197676339100602,0.018048598653942607,0.7226596247037026,0.4871242647447094,0.011078909307238859,0.8026515610737461,0.6251356608902598,0.000147196034425879,0.7225006767610362,0.5164140555086834,8.578493995467534e-05,0.6738903585148678,0.4503965544965882
2021-07-29,2021-09-08,22,0,False,CO,41,3840,250,True,0.005693483770169632,0.7382618409416899,0.45795593121779954,0.013196457439930134,0.7174958965565303,0.24989264969225156,0.009464396532519417,0.8183698156662476,0.6188830280171811,6.552740492680596e-05,0.6643909822632534,0.426783904456399,4.755370330216713e-05,0.7527906692807282,0.5362641427053664
2021-07-29,2021-09-13,23,0,False,CO,46,3840,250,True,0.006972838872003523,0.7229150829659639,0.5017896605369266,0.017201113344684323,0.7086647528078657,0.42577975925676137,0.010516356332400525,0.8312525920030538,0.6807030063503412,8.248128531732383e-05,0.6920575365732871,0.4720426042519068,9.140452561191691e-05,0.6596854504796485,0.4286332722886971
2021-07-29,2021-09-14,24,0,False,CO,47,3840,250,True,0.004401221860937231,0.7516017587814678,0.5550404515925358,0.008654217674318732,0.7899509730100046,0.6026540620977479,0.008824066696981572,0.7888304152274532,0.6040988512170637,7.074089116758054e-05,0.706898434099826,0.49441664949491726,5.58621812810397e-05,0.7207272127885871,0.5189922435604142
2021-07-29,2021-09-15,25,0,False,CO,48,3840,250,True,0.005597372522557741,0.6784853427843147,0.4434600978592993,0.01091748161093043,0.7458242423313786,0.5378140230123685,0.011343534946015017,0.7169590235905436,0.4799122355274954,7.620936023813629e-05,0.603190426069099,0.3532970088791173,5.226417304738212e-05,0.6479676791462377,0.4028171240182159
2021-07-29,2021-09-17,26,0,False,RD,50,3840,250,True,0.010882544656590915,0.6972090240367299,0.49463638615820654,0.019201645452377552,0.8161438439869615,0.6515503332941436,0.0238847155732973,0.8234156953891242,0.6702182061309561,0.00019209212097264522,0.5946797493408462,0.3515421489158185,0.00025172547971615705,0.5545968074299881,0.30523485629190783
2021-07-29,2021-09-24,27,0,False,CO,57,3840,250,True,0.006088409779085088,0.7283927930642804,0.5123575554987329,0.01474111236720804,0.7656445148688962,0.5829777533945693,0.00945482545444871,0.8040402565451255,0.6126114127122911,0.00011638185522871674,0.6323346660775058,0.3783828000984043,4.131943945488505e-05,0.711551734765594,0.47545825578966694
2021-07-29,2021-10-01,28,0,False,CO,64,3840,250,True,0.012250003196680478,0.47815946400215975,0.12392645785585643,0.010765570454256027,0.8272049138361534,0.6682859976745741,0.03786711797618319,0.13532549898176846,-0.6259791505882579,9.009174961769593e-05,0.6588949783831857,0.43027209360579033,0.0002772326066650004,0.2912124648075316,0.02312689073131924
2021-07-29,2021-10-05,29,0,False,CO,68,3840,250,True,0.004148739329606848,0.7763112823254595,0.5810393834083313,0.008833793702538319,0.7381486017422203,0.5272351629670731,0.007667168424756564,0.861582196476443,0.6923731132406075,3.0002269622246965e-05,0.7711838873866211,0.5661318804962086,6.399292151026373e-05,0.7343304436965538,0.538417376929436
2021-07-29,2021-10-07,30,0,False,CO,70,3840,250,True,0.004449169289758946,0.7680999140411132,0.5837291570243537,0.009164126842164905,0.7911276678461958,0.6121183442730156,0.00849649859498026,0.8649511170856248,0.7452559423221187,5.220409864990308e-05,0.6994086243822493,0.46569731289603944,8.38476232407125e-05,0.716912246850383,0.511845028606241
2021-07-29,2021-10-08,31,0,False,CO,71,3840,250,True,0.004565961511555881,0.7872728452367133,0.6144823491843487,0.007556980567628089,0.8598485971038439,0.725302947449101,0.010586396112171822,0.8292409450712047,0.6716216450577766,5.179998003026324e-05,0.735639867637669,0.5364942938694377,6.866938639335086e-05,0.7243619711341358,0.5245105103610794
2021-07-29,2021-10-15,32,0,False,CO,78,3840,250,True,0.00404857475828276,0.7901489251735829,0.6208176349670407,0.00841250966690989,0.8364991824149314,0.6860475497729175,0.007666278372063783,0.8458637511888187,0.705402478880342,7.425688909090904e-05,0.7023435511089471,0.4931516493474365,4.1254105066451546e-05,0.7758892159816344,0.5986688618674669
2021-07-29,2021-10-19,33,0,False,CO,82,3840,250,True,0.004641420048553598,0.8123298815135233,0.6567740221918748,0.0105861889278337,0.8101781149806927,0.6461211153163713,0.00785491107126063,0.893221579526929,0.7906682187963459,4.8919390942963004e-05,0.7750200966726173,0.596087222555495,7.56608041770981e-05,0.7708997348738539,0.594219532099287
2021-07-29,2021-10-25,34,0,False,CO,88,3840,250,True,0.0055732564965395625,0.7623810234625394,0.5541955313616151,0.01187858289524069,0.7863092574564119,0.6095273031857695,0.01029320673643135,0.813910710115954,0.6449768776158167,5.6614713116139155e-05,0.7070615679390739,0.42558766680130133,6.462164137007287e-05,0.7422425583387178,0.5366902778435729
2021-07-29,2021-10-26,35,0,False,CO,89,3840,250,True,0.005066885865224972,0.7521067424151928,0.5379032551720634,0.011778480704789306,0.7471053061126574,0.5356945813862742,0.008402800341486674,0.8144839540068749,0.600465933491806,3.626899473518981e-05,0.7539439007341109,0.5673911403983098,4.9993419888720074e-05,0.6928938088071281,0.4480613654118635
2021-07-29,2021-10-27,36,0,False,CO,90,3840,250,True,0.005670089782957586,0.7502101985323474,0.5167877828549259,0.011331689551669084,0.8067451886293061,0.6176507168345652,0.011228175545892513,0.7505809328930441,0.4247109677157599,8.39445055057142e-05,0.7197642901908822,0.5045972342108156,3.6549528763032476e-05,0.7237503824161573,0.520192212658563
2021-07-29,2021-10-29,37,0,False,RD,92,3840,250,True,0.009564253203734944,0.7739442011009182,0.5905964953142795,0.02165491108330217,0.8156884898073884,0.6568215392604559,0.01641420816293257,0.8493340291058415,0.7080507967496292,0.00011596930523333724,0.6639421205173401,0.4234727857750593,7.192426347169932e-05,0.766812164973103,0.5740408594719735
2021-07-29,2021-11-01,38,0,False,CO,95,3840,250,True,0.005153332027487652,0.7993884930788577,0.6282338026603698,0.013449451765836317,0.7531686260636775,0.5250054906618244,0.007073403670941644,0.8770308425854694,0.7662634166598338,4.0833480574273464e-05,0.7812377356655,0.6073411010823659,4.9639192598373804e-05,0.7861167680007841,0.614325202237455
2021-07-29,2021-11-02,39,0,False,CO,96,3840,250,True,0.007468012288097115,0.6664648007085227,0.44291536079275506,0.014564884335873433,0.6992581981425363,0.47423639957979336,0.015095363341224619,0.7428118961092147,0.5484774232865891,0.00010592549279689576,0.5734270524015308,0.32823741959603936,0.0001058759824935126,0.6503620561808088,0.42071020070859844
2021-07-29,2021-07-29,0,0,True,CO,0,9600,500,True,0.006170341606911409,0.7151196572273754,0.4947235038010459,0.012175254039134857,0.77143119985769,0.5567222876249123,0.012379859642172114,0.7578943298177013,0.5709183985790798,5.835906781708797e-05,0.6675046363476361,0.4262895025570571,6.789367852157399e-05,0.6636484628864738,0.42496382644313446
2021-07-29,2021-07-30,1,0,False,CO,1,9600,500,True,0.005457502618113036,0.7438933944441819,0.5310160974653307,0.011128963825588102,0.7732848699357898,0.5410496765762358,0.010595591154524159,0.7832642183565448,0.5998879021187544,5.8738106403703054e-05,0.6878551561577344,0.4524549829972412,4.6717385936175826e-05,0.731169333326658,0.5306718281690914
2021-07-29,2021-07-31,2,0,False,RD,2,9600,500,True,0.011004043418388848,0.7572825943745136,0.5552108080285874,0.01894606463958956,0.8052914547529368,0.6438149183140667,0.024812296474228206,0.8374235341900258,0.6173087753027056,0.00015171443809834726,0.6330420619520591,0.40026291475988174,0.00010609812163927641,0.7533733266030322,0.5594566237376957
2021-07-29,2021-08-02,3,0,False,RD,4,9600,500,True,0.009525409371242511,0.7702337403627343,0.5647521888492704,0.01980677853913659,0.773741544346418,0.5492724314094323,0.0181096712374368,0.8702573012184183,0.7124175641193848,8.328024928667019e-05,0.6771027434574924,0.4217715625377497,0.00010190745910997841,0.7598333724286084,0.5755471973305143
2021-07-29,2021-08-03,4,0,False,CO,5,9600,500,True,0.003928684800777708,0.7704916593601467,0.5943211796601382,0.008120453398283569,0.8373342212718606,0.6996575999976327,0.007474315485317495,0.8464981460908377,0.7092535970233406,4.504690150769437e-05,0.766280826441712,0.582192349195459,7.492341800207406e-05,0.6318534436361766,0.38618117242412076
2021-07-29,2021-08-04,5,0,False,RD,6,9600,500,True,0.009804302253899163,0.7771269391803853,0.6011444946973599,0.024859981263912936,0.8209766803002088,0.6720774084941314,0.014136545823698145,0.8394284255574622,0.6914103000999857,0.00012757995687325533,0.7696911405364795,0.5894258886651593,9.310197111231429e-05,0.678411510327391,0.45166438153016275
2021-07-29,2021-08-05,6,0,False,CO,7,9600,500,True,0.005194100803113149,0.7215905440421344,0.5219434776645842,0.012077089044887582,0.8079749250087251,0.6476547814437902,0.008564192206295151,0.8003423771081697,0.63814579108746,6.452285223856663e-05,0.7123331967533048,0.5063518985391832,7.059910903129873e-05,0.565711677298338,0.29562143958790366
2021-07-29,2021-08-10,7,0,False,CO,12,9600,500,True,0.005311999505390011,0.7398216841737374,0.5330668550781366,0.011281346214868343,0.7043331132358099,0.45642302333626394,0.009825726551020578,0.8514194383467093,0.7061747696204048,7.476783407092489e-05,0.6598650732742215,0.4223694353971623,6.615742160020086e-05,0.7436691118382092,0.5473001919587153
2021-07-29,2021-08-11,8,0,False,RD,13,9600,500,True,0.008527060911786104,0.7951102065280993,0.6334632080334723,0.021116722387547405,0.8094762311240895,0.6518350384021965,0.012782627226504601,0.8785755146870293,0.7707657333108822,0.00013689191432453792,0.7195304128000237,0.5172242433063631,7.200211876787054e-05,0.7728586675012546,0.5940278171144477
2021-07-29,2021-08-12,9,0,False,CO,14,9600,500,True,0.003605630455577741,0.8280860947556855,0.6864127750070661,0.008973129792249332,0.8173559163755862,0.6631128047948045,0.005358262786266797,0.9044211161153661,0.8156885866873518,5.485994793943628e-05,0.7533088130637353,0.567049655039026,3.626929585539924e-05,0.8372585334680545,0.6998000535070821
2021-07-29,2021-08-16,10,0,False,CO,18,9600,500,True,0.005586749723205698,0.7546367390306745,0.566802716446951,0.015870820423634788,0.7483690955025463,0.5547760190489661,0.006315779951425576,0.8463210214554884,0.694867034751087,0.00013358081249716396,0.6214365076473092,0.3831763044830633,2.681770526526008e-05,0.8024203315173539,0.6343915075046875
2021-07-29,2021-08-18,11,0,False,RD,20,9600,500,True,0.01039310843960608,0.7441127409676704,0.5521908258204644,0.02709191674100943,0.7291368272322201,0.5163319067050635,0.014253473759316557,0.8519097023694603,0.7196966002699713,0.00014510561502059508,0.6314407455287918,0.3891044322904623,8.193764307774295e-05,0.7639636887402095,0.5836303640163603
2021-07-29,2021-08-19,12,0,False,CO,21,9600,500,True,0.003894935408686429,0.8008563739195728,0.6402437968341724,0.009841889769681976,0.8127283368316678,0.6600912759190728,0.005618117721712069,0.870960159447072,0.746493460490311,7.492058690617524e-05,0.7403736208041181,0.5473512667659419,4.481355644549541e-05,0.7793633785954331,0.607039184161364
2021-07-29,2021-08-20,13,0,False,CO,22,9600,500,True,0.005435095965164857,0.7648729695025598,0.5756044937200964,0.014252590746231268,0.7513308292514626,0.5519477498733333,0.007368196863225611,0.8477894102098639,0.6858991871753284,6.0204454717232944e-05,0.7323332221039505,0.5357884225495586,5.939179648531306e-05,0.728038416444962,0.5287826152821653
2021-07-29,2021-08-23,14,0,False,RD,25,9600,500,True,0.009097969689352833,0.769682866487534,0.5925494266797269,0.024444628998074418,0.7208549929415784,0.5019927361180004,0.011667984322564611,0.8956860861450897,0.7983661885541266,0.0001562295419233325,0.7033009297186658,0.4944018968314434,0.00012303589484896318,0.7588894571448024,0.5754368852153369
2021-07-29,2021-08-25,15,0,False,RD,27,9600,500,True,0.009050090937031699,0.7724302064080615,0.5848980355113947,0.020531124020623116,0.8076841507450891,0.6168722816566372,0.015440841687866132,0.8239205138682592,0.6678256617347549,0.00010813333914525238,0.7447813016378829,0.5491601817846745,0.00012026470049229642,0.7133348593810152,0.5057340168695124
2021-07-29,2021-08-27,16,0,False,CO,29,9600,500,True,0.0047314469632040125,0.7935698454541323,0.6237474005799645,0.008856895013541885,0.8433486343512641,0.6849701668508752,0.009948651657351803,0.8263569508146105,0.6820767986744065,5.2031403338607004e-05,0.7799155133286293,0.606503709878496,6.820977858375533e-05,0.7246582833220256,0.5214389269160802
2021-07-29,2021-08-30,17,0,False,CO,32,9600,500,True,0.004514690723875488,0.7447889078883736,0.5574523967102286,0.009800765668709766,0.8267035326402475,0.682958504183757,0.008107443527919651,0.8096592417066991,0.6447076045707659,0.00010919459689590838,0.6211666995022241,0.38430410808606397,4.135910197662958e-05,0.7216261577043235,0.5178393700003276
2021-07-29,2021-08-31,18,0,False,CO,33,9600,500,True,0.004435825590647559,0.8149179023344513,0.6581284166228811,0.009108379649696413,0.8213209771757821,0.6582100535761253,0.008536864115219308,0.8496102160378398,0.7134136194755207,5.5321860263736495e-05,0.7855236678858916,0.6166904031092124,4.2736737410780766e-05,0.8032167482382915,0.6441995903306661
2021-07-29,2021-09-03,19,0,False,RD,36,9600,500,True,0.012789589416307381,0.6751157058702897,0.45674715320484915,0.02205218608628614,0.792844374461863,0.6115538097024976,0.028728683671485688,0.7089711877761367,0.49722255831289297,0.0002424569100975416,0.5710788399182765,0.324426537997882,0.00013503099736015932,0.6275684213248824,0.3937857068061241
2021-07-29,2021-09-06,20,0,False,CO,39,9600,500,True,0.006660574072017953,0.6753995746863958,0.42181935755212885,0.013053828842544649,0.7643915799062991,0.5824126915145806,0.013387421217784249,0.6899977036072678,0.38604567582321603,0.00011934301511307084,0.6699375302954913,0.43414405481647667,8.170321262984263e-05,0.5772714849365248,0.28467500805424206
2021-07-29,2021-09-07,21,0,False,CO,40,9600,500,True,0.006355976781789687,0.7616255581144589,0.5692284023090332,0.016149383488807487,0.7588056033103409,0.541093073786507,0.009057591412784142,0.8392744208923602,0.6935286746448153,0.00013843750732258267,0.742802409651894,0.5451886119573024,7.849471824453843e-05,0.7056197986032402,0.4971032488475079
2021-07-29,2021-09-08,22,0,False,CO,41,9600,500,True,0.00448265647754268,0.7664672342033751,0.5584687634139307,0.009922244279493732,0.722219581477318,0.4360040640091162,0.0079119797847829,0.8394325212237674,0.6813965087361953,5.633814115420308e-05,0.7187628531569039,0.5071691097996505,4.0063704739883996e-05,0.785453980955511,0.6093053711107608
2021-07-29,2021-09-13,23,0,False,CO,46,9600,500,True,0.005693431548604769,0.763703251478455,0.5759559242642698,0.014132649383943414,0.7473934533253059,0.5282134842687009,0.00848816008803626,0.8628446243950827,0.7422829816657281,7.198396691968884e-05,0.7347810714595276,0.5392352633167128,8.09327555197119e-05,0.7097938567339039,0.49409196780593745
2021-07-29,2021-09-14,24,0,False,CO,47,9600,500,True,0.0037018680692128404,0.7982374056426536,0.6299343360437133,0.0076245400750486825,0.813268818591728,0.6499302257922444,0.007079396995207849,0.8366103930368376,0.6823753152214975,5.392965565218148e-05,0.7852028721558761,0.6145661222782157,4.9605550942648955e-05,0.757867538786172,0.5728656808828956
2021-07-29,2021-09-15,25,0,False,CO,48,9600,500,True,0.004895793978468104,0.7224267936796258,0.5087229586337216,0.009997646831815884,0.7693920710048054,0.5767547559765184,0.009470392838519484,0.7687322866572792,0.5657936028316886,7.071150324213893e-05,0.6445868585794368,0.3999511279132665,4.442474029490485e-05,0.7069959584769816,0.4923923478134131
2021-07-29,2021-09-17,26,0,False,RD,50,9600,500,True,0.009135322301616096,0.7308232813183225,0.5409308498910201,0.01766210164055778,0.8370650326748393,0.6794882269209233,0.018462912718387237,0.8634832767016585,0.7450782925326342,0.00018176077090407115,0.6268937950915059,0.3864183584674845,0.00023451407661529382,0.5958510208052866,0.3527385216430384
2021-07-29,2021-09-24,27,0,False,CO,57,9600,500,True,0.005322912396223836,0.7679260549880287,0.5820751612029879,0.012769960814653553,0.8009409793978712,0.6387411197111197,0.008387318557652866,0.8255822572876977,0.6563499238738111,0.00010049649128518985,0.6891226124368912,0.4632294923476995,3.387372130373743e-05,0.7560583708296544,0.5699801088793213
2021-07-29,2021-10-01,28,0,False,CO,64,9600,500,True,0.011288191443789208,0.552381001302403,0.20815421682958113,0.013117420137686504,0.8335301622182639,0.5958196592976709,0.03170697507887521,0.2937834964209989,-0.3614682912731413,8.73752967102043e-05,0.6829853038800342,0.4474505703738748,0.00024099526188491223,0.3992250426903151,0.1508149289199201
2021-07-29,2021-10-05,29,0,False,CO,68,9600,500,True,0.0035091745473244287,0.8049322721936184,0.6306350728348641,0.007529512810386067,0.7894741111119359,0.5970373526249932,0.006421544069750133,0.8743346325406682,0.7423508261554599,2.7471129364865332e-05,0.7937958346454224,0.6027351467656443,5.817017979664968e-05,0.7621245104764474,0.5804169657933589
2021-07-29,2021-10-07,30,0,False,CO,70,9600,500,True,0.0034320337995002925,0.8090625891225248,0.6508253009720977,0.006614828784600216,0.8539374630579066,0.7200201628030808,0.0069927272405537885,0.8936346367123242,0.7903423755585914,4.6467294722711054e-05,0.7343288153080156,0.524412812884716,7.41118781244549e-05,0.7543494414118529,0.5685258526420027
2021-07-29,2021-10-08,31,0,False,CO,71,9600,500,True,0.0033955569124097676,0.8201463351821214,0.6732438935744457,0.005771708741350073,0.8934630867767424,0.7901977694341542,0.007700682664938137,0.8737432262416722,0.7611332998831359,4.8334749827955e-05,0.7537122459055985,0.5675011392560085,6.150149352290461e-05,0.7596667818044731,0.5741433657244843
2021-07-29,2021-10-15,32,0,False,CO,78,9600,500,True,0.0033854865980987798,0.8210679987106766,0.6737912847891412,0.006988143732187912,0.861041248279826,0.7392044783152908,0.006451791142671333,0.8722233675355391,0.7520724417810214,6.762199649366826e-05,0.7349871608480301,0.5384388194785656,3.438952104220674e-05,0.8160202181793113,0.6654493995816873
2021-07-29,2021-10-19,33,0,False,CO,82,9600,500,True,0.003414092330641282,0.8436488546776568,0.7109072827308955,0.007151622521956798,0.8736843278484439,0.7609330214111074,0.006390775389649268,0.9161463195595636,0.8296871366905167,4.691296631975456e-05,0.7844872381455209,0.6126536704746457,6.705844463930601e-05,0.8002775331570986,0.6403553023473123
2021-07-29,2021-10-25,34,0,False,CO,88,9600,500,True,0.004787473537822513,0.793910616901551,0.6070048302227382,0.010658938556432062,0.810786661319779,0.6496194436648854,0.008380914835933862,0.8489562158523835,0.7109337614916359,4.824205497037164e-05,0.7547439940259844,0.5105365755897202,6.179870395375548e-05,0.7611555964080572,0.5569295401447112
2021-07-29,2021-10-26,35,0,False,CO,89,9600,500,True,0.003939258076741831,0.7968397170260291,0.6192504861686103,0.009717301331493578,0.8106514930031393,0.616945871407653,0.005964779314370972,0.8590396874914729,0.7163882945631249,3.25036207464589e-05,0.7841779645030662,0.6123037209407829,4.244804035631437e-05,0.7334897231064377,0.5313640577628808
2021-07-29,2021-10-27,36,0,False,CO,90,9600,500,True,0.004583575896886397,0.7805585062207188,0.5795990181682917,0.009676896313511126,0.8284545332501912,0.6734860806178512,0.008540788024708043,0.807084415030423,0.5624024884900787,8.489265907918421e-05,0.72277765909248,0.4990016577063119,3.172659024723466e-05,0.7639174175097805,0.5835058458589255
2021-07-29,2021-10-29,37,0,False,RD,92,9600,500,True,0.007606259931786065,0.813763518964794,0.6532282315013072,0.01588243746550749,0.8704984326836285,0.7483014166514983,0.014377514939446967,0.8680085940140669,0.7442761789282732,0.00010309334824829002,0.7115127071109735,0.48748403078625624,6.19939739415091e-05,0.8050343420505072,0.6328512996392011
2021-07-29,2021-11-01,38,0,False,CO,95,9600,500,True,0.004402646882796421,0.8139781570758178,0.6582491974782151,0.011712971815402326,0.7734412103089179,0.5863327816468101,0.005809553307141673,0.9014141020364149,0.8080266299062941,4.178424574723315e-05,0.7790991104605524,0.5981984465573732,4.627816289444847e-05,0.8019582054973864,0.6404389318023829
2021-07-29,2021-11-02,39,0,False,CO,96,9600,500,True,0.006021812743267022,0.7151906328457261,0.5145042926677461,0.012622938930445636,0.7404936881548436,0.544336798912348,0.01127005189842575,0.8164002371504766,0.662897622412695,9.919384908041547e-05,0.6090770975995607,0.37092843036163137,9.506629511629097e-05,0.6947915084780236,0.4798543189843103
2021-08-19,2021-08-19,0,0,True,CO,0,960,50,True,0.004281512859822747,0.77199494126479,0.5928847340492516,0.010747696279839338,0.8004398074955252,0.6288074938063886,0.006242029239257886,0.8537465087425471,0.7183406773683014,8.060072034864936e-05,0.7169611928087163,0.5130335269629132,5.5725199845115777e-05,0.7168322560123714,0.5113572380594029
2021-08-19,2021-08-20,1,0,False,CO,1,960,50,True,0.007095918752658762,0.6940038070102181,0.46570557808864044,0.017534722794844273,0.6812212429714747,0.44876884887368473,0.010704554165209174,0.772279300530484,0.5436727293486032,7.178744585445174e-05,0.6693210682745226,0.44647678252794865,7.261060472715192e-05,0.6531936162643913,0.42390395160432537
2021-08-19,2021-08-23,2,0,False,RD,4,960,50,True,0.016704292523269264,0.6232210303157145,0.34616071757217076,0.0439814655973306,0.515027223853529,0.10397129179697173,0.02243590869078203,0.817256762363961,0.6122862649184944,0.0002236678281318575,0.5306563026191322,0.2761546359855981,0.0001761279768325663,0.6299438324262359,0.39223067758761887
2021-08-19,2021-08-25,3,0,False,RD,6,960,50,True,0.014724154723441798,0.6669199538435564,0.39411667117554694,0.03191652945295682,0.6952408112296987,0.4044112200351434,0.026677099115963842,0.7472194660031328,0.42610332229199444,0.00014817139107748027,0.6189539913928093,0.3822297216924886,0.00015481893376905368,0.6062655467485847,0.3637224206825612
2021-08-19,2021-08-27,4,0,False,CO,8,960,50,True,0.007785450867875893,0.6697417053943127,0.4342386107390791,0.01452045296388122,0.7263001174704149,0.4835237555071893,0.016453593076602446,0.7025824415204778,0.4742022171058218,8.009188716495599e-05,0.6287363088634015,0.3942915538306133,8.766554385495161e-05,0.6213479537229565,0.38493691651269213
2021-08-19,2021-08-30,5,0,False,CO,11,960,50,True,0.008240658226699001,0.5777774348520591,0.3157726356232755,0.019244471683270797,0.6185785775051285,0.3774674045991432,0.01350889947722536,0.6712359305864718,0.4079996686566262,0.00015237058181261038,0.42163434642866837,0.14085546412163363,5.6891164487241334e-05,0.599660884887968,0.33676800511569915
2021-08-19,2021-08-31,6,0,False,CO,12,960,50,True,0.010131703593664948,0.6069004524460175,0.34263136925223836,0.024208891356879116,0.43362652979905686,0.0915666673901867,0.016160238466941573,0.7113383480745015,0.45749350251497256,9.612229597424141e-05,0.5839228611650013,0.3339956692263456,6.156225486485641e-05,0.6987140707455106,0.48746963787744857
2021-08-19,2021-09-03,7,0,False,RD,15,960,50,True,0.020574249373669723,0.4745781480008343,0.17361096513415739,0.03741035821833675,0.6538921121017385,0.3410217440249652,0.04433368358123846,0.5019025880823345,0.22412122092233466,0.0003592110638562196,0.3226354014052555,-0.0008931562362211043,0.00019374463124747292,0.4198824904140088,0.13019405182555077
2021-08-19,2021-09-06,8,0,False,CO,18,960,50,True,0.012375905560647167,0.4552586980091582,0.02536482487721739,0.02248895881155302,0.5974590491030547,0.2805862636907973,0.026700447059747275,0.40698881017721555,-0.22449683647873742,0.00019841491169342654,0.4371902591705765,0.05923059436351941,0.00011580145959494657,0.3793966735857859,-0.01386072206670974
2021-08-19,2021-09-07,9,0,False,CO,19,960,50,True,0.008986976682046413,0.6505639009506791,0.41120268081521194,0.021440761316244804,0.6637587845590939,0.390731300787159,0.014223670109291561,0.7207529245091058,0.518729998832042,0.00017668364629659785,0.6556648723858591,0.4195378407865027,0.00010679165635269195,0.5620790223486574,0.3158115828551442
2021-08-19,2021-09-08,10,0,False,CO,20,960,50,True,0.0077873771330814094,0.6523544298571065,0.30217661961320075,0.015641484197614873,0.6225137352865238,0.1109134917639284,0.01536824996951427,0.7263287535433753,0.38114375566033376,7.937996911612223e-05,0.5681046647415073,0.30560540262595837,6.039439608037385e-05,0.6924705658570193,0.41104382840258236
2021-08-19,2021-09-13,11,0,False,CO,25,960,50,True,0.01013091559353046,0.6137071680505017,0.3398542926593955,0.022343380427494307,0.5912573745978186,0.2541168102901652,0.017967010371567747,0.7161019019183403,0.45448668576977524,0.00010690693930412735,0.5650822977883565,0.3156955660273669,0.00010636463575566017,0.5823870978974915,0.33511810855027446
2021-08-19,2021-09-14,12,0,False,CO,26,960,50,True,0.005875047884916672,0.6770727653833728,0.43191669673276345,0.011393288557110599,0.7211971280510354,0.4768935682135492,0.011951161551816636,0.7045226969602374,0.4637984106270242,8.74561335877186e-05,0.6297872159348809,0.37495323692271276,6.82852971517362e-05,0.6527840205873374,0.4120215711677676
2021-08-19,2021-09-15,13,0,False,CO,27,960,50,True,0.011186759633174972,0.5119660070765941,0.10739672252572874,0.023843235797168624,0.5792716728005038,-0.009391142040282352,0.020738016827050242,0.4932995173026132,0.04918626667053905,9.662101693438072e-05,0.47883242300128137,0.18008627206219474,6.916489154664057e-05,0.4964604152019779,0.20970549341046352
2021-08-19,2021-09-17,14,0,False,RD,29,960,50,True,0.01735361603625849,0.5586288124665463,0.3199111007062816,0.023970277143197802,0.7643545999882533,0.565014618038368,0.044894759738789806,0.6241218660819987,0.3801276654711311,0.0002420975563805873,0.455557039330284,0.18273555225285265,0.0003073297066657646,0.3904817444656489,0.1517665670627747
2021-08-19,2021-09-24,15,0,False,CO,36,960,50,True,0.008961194263703447,0.659753081412465,0.3915611880906313,0.01985008342538125,0.6967632107375761,0.4384462868777692,0.015829636352561464,0.6912545834219358,0.35141896659640626,0.00011854693109756256,0.6070989884970178,0.3668187259863225,4.651034577351225e-05,0.6438955429933305,0.4095607729020272
2021-08-19,2021-10-01,16,0,False,CO,43,960,50,True,0.008642027473241647,0.5128308070404526,0.259153147127658,0.01357269893482366,0.7795722695541453,0.5817913871671804,0.02061576454915123,0.4156816512583479,0.11477806810014946,0.0001150674762632581,0.5675755467042658,0.2723290132146059,0.00026457893272843785,0.2884937606450513,0.06771412002869626
2021-08-19,2021-10-05,17,0,False,CO,47,960,50,True,0.009578538041402468,0.6284605017676984,0.24658592688667488,0.015842018153622277,0.5811855682764715,0.15217070005632516,0.02233803216797195,0.7115065779496008,0.10373961918248109,4.170532830065645e-05,0.6417984840786458,0.39689188215025095,9.23965157149833e-05,0.5793513767660755,0.33354150615764233
2021-08-19,2021-10-07,18,0,False,CO,49,960,50,True,0.0061078961198970235,0.7111413741059356,0.49672942370714,0.010856320779183299,0.7449750204954287,0.5404943917234021,0.013421001111544439,0.7891131094092518,0.5976083273556841,5.734917761543851e-05,0.6447206923463287,0.4130380469046182,9.691341124491746e-05,0.665756674172733,0.4357769288448555
2021-08-19,2021-10-08,19,0,False,CO,50,960,50,True,0.006443884912005046,0.7146388144229325,0.5038721886007342,0.010115942247242056,0.7999141109339512,0.6322844164776382,0.015515535191495788,0.7242968577675974,0.5187251763257215,6.818663214806205e-05,0.6446733459796145,0.3898666936939399,7.587557713427887e-05,0.6896709430105672,0.4746124679056374
2021-08-19,2021-10-15,20,0,False,CO,57,960,50,True,0.0062296028737695314,0.7098132417086797,0.4722140905344412,0.013676094935125909,0.7805037178202286,0.4896120558042548,0.011092428408689726,0.7681496276735792,0.5737433792770605,9.772179081846164e-05,0.5852077178537303,0.3329894491201373,5.21663604440277e-05,0.7053919034871803,0.4925114779363121
2021-08-19,2021-10-19,21,0,False,CO,61,960,50,True,0.0084411803779858,0.7081040682711177,0.4729420064178067,0.017953735548209518,0.6869674967863465,0.39983614924910127,0.015646875772075457,0.7924672272952871,0.5830139455525125,7.289805234382298e-05,0.6359333905723479,0.398102588259554,9.12121393143973e-05,0.7170481584304891,0.5108153426100589
2021-08-19,2021-10-25,22,0,False,CO,67,960,50,True,0.008008650590323092,0.671407523484375,0.40223001004294867,0.015633545596604553,0.7241813414207238,0.48609419459283687,0.01624520635172973,0.6904704929287403,0.43968638438461805,6.701997745299326e-05,0.6237092541634058,0.32001595520363635,8.8830435505091e-05,0.6472690054246301,0.3631235059907033
2021-08-19,2021-10-26,23,0,False,CO,68,960,50,True,0.007360511489881366,0.6624145993015267,0.37287624056163987,0.015604194724243315,0.7139047754506054,0.38488567879353797,0.013729648923670772,0.6720461444494716,0.34718638510057565,5.181517360609393e-05,0.6344081061055084,0.3819596234343058,5.638713800528029e-05,0.6292993712005213,0.3774732749181402
2021-08-19,2021-10-27,24,0,False,CO,69,960,50,True,0.00892672121787488,0.6242590894516539,0.2974723103485708,0.016035403722556425,0.7175722323562606,0.4589398967707583,0.019511219495836982,0.5674547405065502,0.0003192828106759471,0.00011548235503880802,0.5694211841372225,0.3184750122546175,4.4779298067301905e-05,0.6425882008065822,0.41215504955823157
2021-08-19,2021-10-29,25,0,False,RD,71,960,50,True,0.014851993622429576,0.698836002117836,0.45231627270192326,0.02935662099281621,0.740498266781359,0.5347678886293271,0.029828513098975933,0.773501929988701,0.46945898657145946,0.00013120792687438827,0.5899547699825828,0.3477158424557376,9.16324710517715e-05,0.6913890417187013,0.45732237315116886
2021-08-19,2021-11-01,26,0,False,CO,74,960,50,True,0.0072947652030463305,0.7015207289164205,0.4855161632414483,0.017494419189458637,0.6358208041207988,0.38214930959778437,0.011562669896473289,0.7911819650836383,0.6179181789108785,5.975280901777445e-05,0.6596658752100617,0.42541091608690385,6.22189172356213e-05,0.7194142712511831,0.5165862483702264
2021-08-19,2021-11-02,27,0,False,CO,75,960,50,True,0.009640587684455651,0.5586576031223364,0.3109206283423158,0.017287117295721573,0.6252436269652023,0.3759691583750603,0.02102130331558254,0.6191508980008369,0.3712246055711047,0.00013114970593789397,0.4157196367551337,0.1682694830696867,0.00012278042058059237,0.5745162507681724,0.3282192663534117
2021-08-19,2021-11-12,28,0,False,CO,85,960,50,True,0.009560999556572787,0.6005389565258563,0.3433090517310222,0.02241398622337698,0.6463984721919643,0.3319632463365555,0.015602461445329648,0.706683141528437,0.49829569979202193,0.00010929793588151844,0.47099461903886325,0.21598284660926292,0.0001182526217030005,0.5780795933441605,0.3269944141862485
2021-08-19,2021-11-16,29,0,False,CO,89,960,50,True,0.009481618213720722,0.5724785788415504,0.3001077098641186,0.018345906378936627,0.6144154650327671,0.3109358658254596,0.01937721651025854,0.6110520476527836,0.31956555615004123,0.00011357993419191431,0.4730013810091341,0.22140460018630503,8.977003149580887e-05,0.5914454216715169,0.34852481729466855
2021-08-19,2021-11-23,30,0,False,CO,96,960,50,True,0.013970825659401175,0.5814985906006862,0.23408856573500825,0.02626755947436197,0.5789036273556696,0.25283750772103253,0.029296293968659442,0.618624902282614,0.05050121536986396,0.00013362915021011905,0.5491496753694425,0.2978813188213525,0.00018582004437317216,0.5793161573950185,0.335134221027784
2021-08-19,2021-08-19,0,0,True,CO,0,1920,250,True,0.004289840172533547,0.7752715000357813,0.5969373685944782,0.010774067896300255,0.8028131967208793,0.6278966989577413,0.006251729246925029,0.8530245884347325,0.7179029835536255,7.815720772657736e-05,0.726683471948486,0.527796530547061,5.5406339182326287e-05,0.7185647430390274,0.5141532613194849
2021-08-19,2021-08-20,1,0,False,CO,1,1920,250,True,0.007101590022088658,0.6897170991525134,0.4614288888558652,0.01887554251483823,0.6499071218963692,0.40661810566818335,0.009382342584625912,0.7962618990720057,0.6000376365160789,7.637748571637598e-05,0.6578550871796511,0.4110848891062422,7.20975031741128e-05,0.654844288462028,0.42797492413295635
2021-08-19,2021-08-23,2,0,False,RD,4,1920,250,True,0.01447023116621944,0.6604464175013285,0.40925265797620186,0.03826207953583931,0.5880586588270871,0.22049160404194357,0.019243164484865547,0.8292446871017498,0.6674599063473483,0.00021182026209031187,0.5614008013052175,0.3144963404035067,0.0001638603820825986,0.6630815227712598,0.43456278111200874
2021-08-19,2021-08-25,3,0,False,RD,6,1920,250,True,0.013433532875970032,0.6943324933871684,0.44259266584661267,0.02960952509924314,0.71094791909489,0.4474618252216245,0.023843324753071347,0.7621361453990263,0.4870654863252244,0.00013686425622725507,0.6609478637091988,0.4293725054140205,0.00014441739533839007,0.6432980453455588,0.4064708464255813
2021-08-19,2021-08-27,4,0,False,CO,8,1920,250,True,0.00636080408098689,0.7238134635861924,0.5184858616529304,0.010805847131686688,0.7885895338835259,0.6156481234422044,0.014488883932345601,0.7348692351040733,0.5369872700284678,6.753236120549682e-05,0.7109201584683388,0.489275093647324,8.095289870977493e-05,0.6608749268888319,0.43203295949372567
2021-08-19,2021-08-30,5,0,False,CO,11,1920,250,True,0.007233299953132257,0.6179666003972812,0.35084485244936225,0.015580296864735228,0.7299210043340589,0.495998497441164,0.013145491140230626,0.6715130007500902,0.42392530762348113,0.00014975664846601433,0.4776032981411201,0.15559417893890803,5.7655159097157225e-05,0.5928290983638558,0.3278614257938959
2021-08-19,2021-08-31,6,0,False,CO,12,1920,250,True,0.007252002673523737,0.7045679508455966,0.4843642363608194,0.01665574073932325,0.6450661905897137,0.3749969858653198,0.012214806669140472,0.7765187569246497,0.589943428304726,8.373658538226943e-05,0.6511762139896029,0.4198127713914145,5.372670024895674e-05,0.74551064187842,0.5527037598818173
2021-08-19,2021-09-03,7,0,False,RD,15,1920,250,True,0.02028854393946347,0.5236223650079044,0.22711814760409935,0.03727379100689565,0.6866233029743867,0.34342735645705147,0.043389816372513774,0.5361737619244262,0.24063973412403628,0.0003093133310969909,0.4146690318151036,0.1381401427225385,0.0001812550473474808,0.45702336331770077,0.18626535711277115
2021-08-19,2021-09-06,8,0,False,CO,18,1920,250,True,0.01112064625990385,0.5302944595000108,0.1824381535324019,0.018931771930768438,0.6435280410648629,0.3943793977393447,0.02530879927686731,0.422879205853676,-0.1606751220401741,0.00015320355349831983,0.564456105802404,0.27359685451108107,8.881027848132662e-05,0.4903144852791,0.22245148391935587
2021-08-19,2021-09-07,9,0,False,CO,19,1920,250,True,0.00865577912719311,0.6773406217679108,0.44781663725112975,0.021939011209451343,0.6338487257807027,0.37657284531818813,0.01241785604120673,0.7730002863859502,0.5798312569446423,0.0001732076561646939,0.6638773968550414,0.43095757758536135,9.304160194967587e-05,0.6386360780499487,0.40390486915632706
2021-08-19,2021-09-08,10,0,False,CO,20,1920,250,True,0.006627754329015585,0.6903086498275307,0.3761879642970355,0.013717710775453239,0.6927799321187189,0.2202637920895113,0.012662209250346087,0.7575429504210122,0.4901119335476408,7.251763171854406e-05,0.6172672824841248,0.36563528254774713,5.857965854447212e-05,0.693644434286267,0.42874084900324283
2021-08-19,2021-09-13,11,0,False,CO,25,1920,250,True,0.007890821435594182,0.6676301543718037,0.42300910568214894,0.01856556618955908,0.6777869898384697,0.3802305889579154,0.012792392954992697,0.7867420083540169,0.6115981160195363,0.00010870567009033238,0.5715533151483504,0.3041820060981878,9.662092773461398e-05,0.6344383041463781,0.3960257116529562
2021-08-19,2021-09-14,12,0,False,CO,26,1920,250,True,0.0047208106232922735,0.7237909248803285,0.5189649509477297,0.009810586835325475,0.7444340690355138,0.5495610378484317,0.008935538407414201,0.7810562655085491,0.5990975542263948,7.369643952054745e-05,0.6906179674686508,0.4732934205645247,6.342081090886948e-05,0.6790553975086,0.45390779115156765
2021-08-19,2021-09-15,13,0,False,CO,27,1920,250,True,0.007434866787639154,0.6276751254169307,0.3416038197203358,0.01723367126310609,0.6689495576827124,0.270421377962501,0.012367960918435408,0.6735337001986186,0.43294350696102124,8.093743167318252e-05,0.5647784192926414,0.31317519274363026,5.689753734193218e-05,0.6034388244937502,0.3498752012141908
2021-08-19,2021-09-17,14,0,False,RD,29,1920,250,True,0.01431887218444174,0.6401846046291545,0.409268324850827,0.023105816620152247,0.7735677203503575,0.5807018663985495,0.033682898304298846,0.7476869350288256,0.534932430264365,0.00021934063421339805,0.5248884081221383,0.2595575727037953,0.00026743317910247235,0.5145953550152966,0.26188143003659814
2021-08-19,2021-09-24,15,0,False,CO,36,1920,250,True,0.008641356168713518,0.6638714820797446,0.4054327299694285,0.02191255396497232,0.640437583800152,0.3800995300963008,0.012483205652168794,0.7475507181015119,0.4885308644021308,0.00012333585346541352,0.6052841808851608,0.34124019824246254,4.632920424754889e-05,0.6622134455321536,0.41186032713681986
2021-08-19,2021-10-01,16,0,False,CO,43,1920,250,True,0.007582977579667393,0.5628423371246007,0.3060971955595302,0.011314894128556944,0.8117257960352768,0.651359968965856,0.018639731345980078,0.5386898102061614,0.1996271128900715,0.00010612626554503268,0.5902005588552397,0.32887200727056165,0.00027115857858752383,0.3107531834017249,0.04452969311163135
2021-08-19,2021-10-05,17,0,False,CO,47,1920,250,True,0.00556024303789804,0.7171928245594005,0.46823084718820684,0.011608100562150994,0.6467619088463887,0.37876047875668206,0.010519981879789446,0.8244639484564041,0.5779107624667055,3.71779557253063e-05,0.7234548018330713,0.4623630165108218,7.571175392641456e-05,0.6740906391017378,0.45388913101861794
2021-08-19,2021-10-07,18,0,False,CO,49,1920,250,True,0.006011131889921481,0.7142582083538785,0.5042864134675549,0.011543225783446288,0.7224461847318019,0.5114203888238812,0.012349981465054142,0.8017269473456425,0.6297198951444272,5.506937395182394e-05,0.6684632534556554,0.43637156390886167,9.625093723367435e-05,0.6643964478824144,0.4396338059930496
2021-08-19,2021-10-08,19,0,False,CO,50,1920,250,True,0.006036250536760168,0.751387669992672,0.556667659801876,0.008881398692863538,0.8383321202656311,0.6771602068278484,0.015137294236512916,0.7388242728076009,0.5304577944190727,5.254867758049425e-05,0.7286343421457422,0.5297949556361932,7.376054008372599e-05,0.6997599447517138,0.48925768232439004
2021-08-19,2021-10-15,20,0,False,CO,57,1920,250,True,0.004608095510813777,0.766045633018902,0.5735932146287817,0.010152390774522827,0.8253178806841367,0.6211156853867768,0.008150848814071729,0.8329711398083898,0.6867815465197854,8.365021221629221e-05,0.6585859473289394,0.42903651617213734,4.54922424442647e-05,0.7473075642541425,0.5574391104364274
2021-08-19,2021-10-19,21,0,False,CO,61,1920,250,True,0.007078969551608847,0.7549736329391207,0.5469487762438086,0.017393046467753314,0.7075846933190464,0.4185790630397712,0.010780357923415815,0.85233731908441,0.7127056556530325,6.199335676344995e-05,0.7060405279288382,0.4881393976750825,8.04804585028093e-05,0.7539319914241882,0.5683709886073482
2021-08-19,2021-10-25,22,0,False,CO,67,1920,250,True,0.006551947137572416,0.7297161880388349,0.4842833669439459,0.014294525521358575,0.7507069010164045,0.5301104534749614,0.011776574272317028,0.7894091204852849,0.5938140293685806,6.947642710988049e-05,0.6474385061647205,0.2950928406785627,6.721232950417749e-05,0.7313102244889297,0.5181161442536788
2021-08-19,2021-10-26,23,0,False,CO,68,1920,250,True,0.00582065503806168,0.7026602951730427,0.45966186263916103,0.013372357287966484,0.7050646496135065,0.4728642764667458,0.00980811494475919,0.7635374584931455,0.5336464167413367,4.521055831382821e-05,0.6840799424266619,0.4607380707156902,5.69373612072186e-05,0.6579591301588568,0.37139868663287134
2021-08-19,2021-10-27,24,0,False,CO,69,1920,250,True,0.007606916146263151,0.6811175551458626,0.37693322114516137,0.015467561092822504,0.7384474773705292,0.47809981298974447,0.01480748680338172,0.7231347450186985,0.24132066524419526,0.00010957626494233521,0.5946547427983843,0.35333010314074553,4.3040423906043285e-05,0.6682332553958386,0.4349823032059602
2021-08-19,2021-10-29,25,0,False,RD,71,1920,250,True,0.012076771961901085,0.7373153290803773,0.5251338265868263,0.026568070037478186,0.7789973603688144,0.5789597405776179,0.021533393885902866,0.8220576866555624,0.6169990580195878,0.00012865960809680903,0.6064070850997281,0.3603844975178575,7.696431612647788e-05,0.7417991841974041,0.5441920102322421
2021-08-19,2021-11-01,26,0,False,CO,74,1920,250,True,0.005835392880050387,0.7641537220478076,0.5776133368963968,0.013592355390860388,0.7232758050170338,0.5199585609852279,0.009645663314345845,0.8299884614500932,0.6812645662502326,4.6687190959961726e-05,0.7534163982099162,0.551051227128412,5.686562403535048e-05,0.7499342235141873,0.5581789932217148
2021-08-19,2021-11-02,27,0,False,CO,75,1920,250,True,0.008571258702834806,0.6201435646626553,0.3839738906323482,0.016473208256966465,0.6425485341128505,0.4053496695251869,0.01758428748608131,0.6931909728936193,0.47403036177990343,0.00011319241894146282,0.5327583097622385,0.28215173304804686,0.00011434664934998741,0.612076441881913,0.37436379817625554
2021-08-19,2021-11-12,28,0,False,CO,85,1920,250,True,0.008360078621279758,0.6511894805067115,0.4216142296033074,0.01625483650150498,0.7302095734420472,0.5155333772593256,0.016984247032435996,0.6737089971489341,0.4538637508046286,9.290678903219961e-05,0.5782450335852111,0.333560001108715,0.00010832416214585667,0.6225943178506539,0.3834997892405605
2021-08-19,2021-11-16,29,0,False,CO,89,1920,250,True,0.007682899956847473,0.6259308141891661,0.3506994552998518,0.013181151349005759,0.7305274030769543,0.5049217817793813,0.01733853785875347,0.6615086912729435,0.3911541237697116,0.00011089040470694178,0.510566111741412,0.23984144204187985,0.0001010202149237215,0.6011210506653546,0.2668804736084345
2021-08-19,2021-11-23,30,0,False,CO,96,1920,250,True,0.01331859229347769,0.5992034797850252,0.26117917836392335,0.021154249828901895,0.6432543999852116,0.39828205053152643,0.03180861480854188,0.5865663084547914,-0.03092360876049316,0.00012413359700526547,0.5902553754749587,0.34777316714015305,0.00018737093946172428,0.5767378352251389,0.3295851045445072
2021-08-19,2021-08-19,0,0,True,CO,0,3840,250,True,0.004162541508852382,0.7778799048267617,0.6036963925023539,0.010677316412990233,0.7996249935966053,0.6312381988134046,0.00583974592970488,0.8633105662131964,0.7364929224366389,7.855040873641327e-05,0.7252120019268782,0.5254209226352935,5.4553283977998835e-05,0.7233720575703673,0.5216335261240785
2021-08-19,2021-08-20,1,0,False,CO,1,3840,250,True,0.00609618685989721,0.7268326328978588,0.5192591632891518,0.015965930084358374,0.7107243083743927,0.4980862758896386,0.008282293565874243,0.8232011566678316,0.6469319170776353,6.804166849334433e-05,0.6900824581531106,0.4753589180068719,6.84821208628781e-05,0.6833226083961006,0.4566595421824613
2021-08-19,2021-08-23,2,0,False,RD,4,3840,250,True,0.011653331456659283,0.6912792124689171,0.4761553314846992,0.030421014484455746,0.6469231436464356,0.38023660784085167,0.015831527861919336,0.8543245051604085,0.7264162158979744,0.00020017948454065799,0.5945721244718603,0.35216882523611526,0.0001606039957213911,0.6692970765969639,0.4457996769638555
2021-08-19,2021-08-25,3,0,False,RD,6,3840,250,True,0.012528028276779433,0.7075133170421323,0.46934655304309425,0.026686359891476098,0.7254067123471952,0.5020105004557484,0.023153605624841537,0.7742606397830586,0.5019032134154943,0.00013535406324058895,0.6668121319191378,0.43566894587318394,0.00013679352755950375,0.6635737841191376,0.4378035524279503
2021-08-19,2021-08-27,4,0,False,CO,8,3840,250,True,0.006339969871766823,0.729874288016918,0.5172429536166512,0.012150585284026573,0.7831692538328761,0.5678172938892767,0.013060684354171287,0.7652928076755108,0.5826274027483126,7.102054337442782e-05,0.692226997743812,0.46289512588420434,7.758930549500227e-05,0.6788080928154732,0.4556319919448112
2021-08-19,2021-08-30,5,0,False,CO,11,3840,250,True,0.0061496147512469295,0.6623080424336156,0.4218036093870078,0.012351280103891124,0.7827193881910492,0.6004528164687206,0.012059344158779933,0.7114110700313114,0.47152351308725315,0.00013373423547745426,0.5389324800414189,0.24593687112365825,5.410050683920784e-05,0.6161692314706827,0.3693012368683989
2021-08-19,2021-08-31,6,0,False,CO,12,3840,250,True,0.005797514088973146,0.7611149752433936,0.5737521536087513,0.013188716329185451,0.7217992105780721,0.5050963155996442,0.009884216485064674,0.8215904502729181,0.6681823924402122,6.932877213770636e-05,0.7231342682288149,0.5196404536226883,4.779476950475557e-05,0.7779359718937688,0.6020894527724608
2021-08-19,2021-09-03,7,0,False,RD,15,3840,250,True,0.016200198676788465,0.5972353989712322,0.3518742428122642,0.027039521918374717,0.7379717684312941,0.5237025827933519,0.03733118046162926,0.6107031377852993,0.3466712355398692,0.00027479571244156157,0.48893988852250747,0.234318829177529,0.00015529661470832217,0.5513268011458283,0.3028043237383067
2021-08-19,2021-09-06,8,0,False,CO,18,3840,250,True,0.008502266916656362,0.5966724256240135,0.30266705440034514,0.01715225516129063,0.6822611024234844,0.45130550173030604,0.01662362886275608,0.5937665418507728,0.23763145584446543,0.00014034102423793172,0.5966222514563554,0.33458357120490534,9.284261834080491e-05,0.5140398067654415,0.18714768882170363
2021-08-19,2021-09-07,9,0,False,CO,19,3840,250,True,0.007449990315863855,0.7189397399983856,0.5055618024396604,0.01898752647480805,0.7054452156263217,0.4604433403299587,0.010566433478276478,0.8091344984032696,0.6424757173530542,0.00015870857295470825,0.6946843115952539,0.4785916927006689,8.729273741618198e-05,0.6664949343686968,0.44073645937495964
2021-08-19,2021-09-08,10,0,False,CO,20,3840,250,True,0.005873635187206742,0.7252441773678566,0.43053031923494856,0.014138495253111531,0.7112176285807639,0.19634574203527166,0.009235743179034615,0.8193173427835514,0.6280905536543859,7.056370165265924e-05,0.6333848081711246,0.3827277366832774,4.973861502816361e-05,0.7370569299359867,0.5149572445668591
2021-08-19,2021-09-13,11,0,False,CO,25,3840,250,True,0.00725495116284327,0.7070827090826728,0.4789007138946363,0.017142761508072195,0.7133787832658872,0.4277277032645591,0.01169407632890676,0.8060761147834354,0.6449451409490943,8.90213920994329e-05,0.6607348131699865,0.43017980190452976,9.394542229468945e-05,0.6481411251113818,0.4127502094603619
2021-08-19,2021-09-14,12,0,False,CO,26,3840,250,True,0.0045635684018734786,0.7453057796237165,0.5462569943538715,0.009173479452137926,0.7753255714238297,0.5788129055785827,0.008953903017840154,0.782127080461185,0.5982736064238388,6.87000829533622e-05,0.7154485010625592,0.509002253912008,5.8191054562473035e-05,0.7083219655472922,0.49893921150105647
2021-08-19,2021-09-15,13,0,False,CO,27,3840,250,True,0.005693596436678194,0.6704830786342126,0.4393810724316721,0.011414273700116107,0.7320002257343529,0.5167825850596702,0.011231668069976285,0.7072023276895868,0.4850412005066128,7.595383061002974e-05,0.6019672368700413,0.35546540098082424,5.2490146010355134e-05,0.6407625242428697,0.4002351031795812
2021-08-19,2021-09-17,14,0,False,RD,29,3840,250,True,0.011284517314492773,0.69300974859993,0.48870470118218845,0.020394059523043746,0.8012918327910314,0.6299117561977436,0.024302408466921856,0.8192355312704442,0.664451023711591,0.00019605163138780937,0.5829005750669789,0.3381757723972917,0.00024554963661768084,0.5686110552712653,0.32228025242212743
2021-08-19,2021-09-24,15,0,False,CO,36,3840,250,True,0.0062859493910279035,0.7198703724567708,0.5004026774031043,0.014769275445947302,0.7649201093820978,0.5821810271995163,0.010216181062066872,0.790742880785879,0.5814167095758097,0.00011533387369250315,0.6315102306715962,0.3839802649850864,4.300718240493514e-05,0.69230826898751,0.4540327078520048
2021-08-19,2021-10-01,16,0,False,CO,43,3840,250,True,0.013339822584801351,0.4597614816219926,0.059795797497828956,0.010890393067478908,0.8246513689608397,0.664439902496542,0.042086080811707574,0.11710710310376786,-0.8071375268867653,9.613748043408083e-05,0.6338131059305155,0.3920397185519334,0.00028667897958484353,0.2634743484928474,-0.010158904170394223
2021-08-19,2021-10-05,17,0,False,CO,47,3840,250,True,0.0044339790353562225,0.7655600640671402,0.5614179539432622,0.009667073655487048,0.7122740664921929,0.482639887774557,0.0079729117096065,0.8546567907108309,0.6801058915421403,3.1059338493911e-05,0.7648675745394762,0.5508454208613416,6.487143783742885e-05,0.7304418245260605,0.5320806155950101
2021-08-19,2021-10-07,18,0,False,CO,49,3840,250,True,0.004517823300340608,0.7664561744445235,0.5827192772558516,0.00929765310465193,0.7898521772557545,0.6064666996953563,0.008639276689622364,0.8626748830363048,0.7409751352614155,5.309609092960187e-05,0.6866943517558569,0.4565678789196914,8.126731615853249e-05,0.7266032857301779,0.5268673951469434
2021-08-19,2021-10-08,19,0,False,CO,50,3840,250,True,0.0045066021995798,0.7785032482208776,0.6049473844101797,0.0076223598690495515,0.851578469491434,0.722926402844071,0.010277859298846037,0.834733437008981,0.6811921174003472,5.462890938032735e-05,0.7172277288327026,0.5111810621803737,7.156072104328369e-05,0.710473357550393,0.5044899552159267
2021-08-19,2021-10-15,20,0,False,CO,57,3840,250,True,0.004051776885397475,0.7879300173076711,0.6171273822704284,0.00873841293527429,0.831033551747727,0.6738849331827126,0.0073508751048401095,0.8525250608655817,0.71752270412754,7.692311758125964e-05,0.6904629037817072,0.4749530211886045,4.08963838942423e-05,0.777698552835669,0.6021488705828564
2021-08-19,2021-10-19,21,0,False,CO,61,3840,250,True,0.004657300757043899,0.8055361862891546,0.6458542066407313,0.010571355975077332,0.8099033243035402,0.6466169565311627,0.007927959026021504,0.8903633424794329,0.7887215056706778,5.36753777341888e-05,0.7527709262775284,0.5568184623092123,7.621264934257042e-05,0.7691071520961168,0.5912599020518723
2021-08-19,2021-10-25,22,0,False,CO,67,3840,250,True,0.005758130120594247,0.7543977516265794,0.5379888711421692,0.012612273734417452,0.7724798141004149,0.5854094228689153,0.010294629143415725,0.8196333242111731,0.6449278173587147,5.9721806035339886e-05,0.6882948263739196,0.39406313201257925,6.589579850846782e-05,0.7371830418208103,0.5275551123284676
2021-08-19,2021-10-26,23,0,False,CO,68,3840,250,True,0.005068862534179543,0.7486004992902949,0.5321664936140199,0.011875407992674027,0.7464087821653898,0.5318737265490192,0.00831194399478572,0.8180611299158864,0.6047859463673098,3.98510322493328e-05,0.726070015784291,0.5246653583533953,4.824711700909535e-05,0.7038620692956123,0.4673409431863552
2021-08-19,2021-10-27,24,0,False,CO,69,3840,250,True,0.005612482741595105,0.7460327022405306,0.5104864863334031,0.011779898258110927,0.7967242284331996,0.6025274400420675,0.010542272633894598,0.7712278989077083,0.459854025541265,9.088615529068107e-05,0.6952863476891398,0.4636307351898833,3.687391908421257e-05,0.7208923339320752,0.5159337445603963
2021-08-19,2021-10-29,25,0,False,RD,71,3840,250,True,0.00961654618612148,0.7712493593629703,0.5902847421505678,0.021662732112086417,0.8131414532285617,0.6566975946915194,0.01661580636965039,0.8474456534913577,0.7044650961636647,0.00011701878634481607,0.6553538829442836,0.4182554188143348,7.062747640429461e-05,0.7690564477876782,0.5817208589327524
2021-08-19,2021-11-01,26,0,False,CO,74,3840,250,True,0.005055041691962865,0.8024228948556795,0.6306776989093165,0.013502737062430081,0.7574415180725134,0.52312361296516,0.006626572398922883,0.8863855756785117,0.781028700773373,4.089813603124939e-05,0.7819432994492392,0.606719367637454,4.995917046724638e-05,0.7839211862224539,0.6118391142612786
2021-08-19,2021-11-02,27,0,False,CO,75,3840,250,True,0.007545436289741376,0.6640887268517118,0.4379028377408045,0.01487491598668797,0.6949134353975622,0.46304486841363146,0.01509355297279629,0.7445993700451543,0.5485315738359388,0.00010689500868721234,0.5684837938176833,0.3220889044555859,0.00010638119079402747,0.6483583081464476,0.41794600425806205
2021-08-19,2021-11-12,28,0,False,CO,85,3840,250,True,0.006787997578458118,0.7107854163544651,0.505492110333701,0.013721242457807155,0.7714496255233045,0.5910457793454695,0.013251603928816915,0.7595295392836042,0.5738886009085142,8.327667147085818e-05,0.6370817770217111,0.4026388661061805,9.586725573754508e-05,0.6750807235892405,0.45439519497463987
2021-08-19,2021-11-16,29,0,False,CO,89,3840,250,True,0.007117935576389327,0.6785705514348009,0.43004169313063667,0.011172477902938384,0.7857292365424329,0.5803666685222315,0.017120605114771165,0.6943384745422874,0.3988068712822239,9.338585812332079e-05,0.6021555532800261,0.35983587189251853,8.5273429724437e-05,0.6320589413744573,0.3811573608255726
2021-08-19,2021-11-23,30,0,False,CO,96,3840,250,True,0.009117163914359176,0.6814687952741991,0.4299606900197597,0.015331282609846578,0.7541129429766797,0.5639123103238202,0.0208631078853135,0.6810707779349676,0.3238224738629276,0.00011130303812834169,0.644897412655028,0.415187912076311,0.00016296212414829183,0.6457940475301214,0.4169200638159798
2021-08-19,2021-08-19,0,0,True,CO,0,9600,500,True,0.004145721059922866,0.7831957946790549,0.6091151267317716,0.01057733468045186,0.8071355801642482,0.6346912615822244,0.0058756813065712525,0.8612103853746973,0.7348714090603413,7.542343094301912e-05,0.7387955018143668,0.5443132270803115,5.444482172533164e-05,0.7256417113629066,0.5225846092042093
2021-08-19,2021-08-20,1,0,False,CO,1,9600,500,True,0.0057750671651258,0.7505664623494609,0.5525486028743937,0.01514163371729281,0.7351418672060286,0.5239993080261027,0.00783339356102694,0.8331383555294027,0.6660681941094369,6.174660455295681e-05,0.7279054629579018,0.5238975448517426,6.34947776304933e-05,0.7060801637045104,0.49622936451029276
2021-08-19,2021-08-23,2,0,False,RD,4,9600,500,True,0.010410929570360002,0.7274437147599409,0.5275266529759386,0.02764178708900939,0.6842727354010278,0.4368574479861925,0.013674713407494554,0.8754031986718149,0.7636880108374138,0.00018044117903919362,0.6459261552811724,0.41604694776302664,0.00014677660589687032,0.704172769685748,0.4935142053171213
2021-08-19,2021-08-25,3,0,False,RD,6,9600,500,True,0.010143282037273174,0.7470149989276061,0.5415394734936478,0.02298896125194745,0.7857533420091992,0.5710070104931696,0.01733476748920338,0.8037361081946767,0.6270821865732259,0.00011677034059007027,0.7231109066994753,0.5131499726106414,0.00013262906735179276,0.6754596388070735,0.4549187242975541
2021-08-19,2021-08-27,4,0,False,CO,8,9600,500,True,0.004886954151448225,0.7807383088411599,0.6032585425546206,0.008992748884484257,0.8413921913454794,0.6801379968601278,0.010426439849566739,0.8168415453487969,0.6668084028298007,5.754442158603497e-05,0.7546431907136453,0.5648105767216316,7.108345015586674e-05,0.7100763079567181,0.5012771938069227
2021-08-19,2021-08-30,5,0,False,CO,11,9600,500,True,0.004895930323751433,0.7183858780707701,0.5130975844975941,0.01030687128348922,0.8165929254239974,0.6665866729845931,0.009113050653858227,0.7860911260966843,0.6006388961788984,0.00011541416022368026,0.6003811924466476,0.34923497738486164,4.8385197434605826e-05,0.6704782683157509,0.43592979144202326
2021-08-19,2021-08-31,6,0,False,CO,12,9600,500,True,0.004560415451547123,0.7989410974017129,0.634180137982604,0.009900035045930301,0.8023026308040151,0.6285033586565771,0.00823310010701892,0.8534939040992431,0.7236111143013502,6.310232693128596e-05,0.7513940165481574,0.5627817397392008,4.542432630798758e-05,0.7885738381554361,0.6218243392332878
2021-08-19,2021-09-03,7,0,False,RD,15,9600,500,True,0.013589925448225064,0.6568947435111718,0.43266500460439666,0.02313205784903899,0.7804907497376935,0.5925320188192775,0.030835977177578456,0.683121246096315,0.4603430531468149,0.0002560956760422599,0.5365364929289328,0.2864239571557724,0.00013557109024055198,0.6274304852817465,0.3913609892957217
2021-08-19,2021-09-06,8,0,False,CO,18,9600,500,True,0.006883693868471619,0.6606795142016577,0.40400883349376643,0.013086209234656834,0.7629086073232332,0.5813768543703277,0.014241282968553176,0.6657361631884484,0.34688711753139667,0.00012521251293146627,0.6454303196401318,0.4063142716269533,8.207075774500023e-05,0.5686429666548176,0.281457090446388
2021-08-19,2021-09-07,9,0,False,CO,19,9600,500,True,0.006929037640779197,0.7426595711296027,0.5368033611828891,0.017605805137620924,0.7368339535432844,0.49970685104983237,0.009879186321684717,0.8250506163383658,0.6657293106460771,0.00014825144063646537,0.7229049499002411,0.512946709318556,8.290766317467677e-05,0.6858487647365196,0.468830573717091
2021-08-19,2021-09-08,10,0,False,CO,20,9600,500,True,0.0047155498366173495,0.7507740148757779,0.5331296240565422,0.01017861403442889,0.7119714197029006,0.42143160481324315,0.008580604046179345,0.8233658747876269,0.6544720183028018,6.0622367237790934e-05,0.6958059774491819,0.4696918535157584,4.2358898623369317e-05,0.7719527875634021,0.5869230195943655
2021-08-19,2021-09-13,11,0,False,CO,25,9600,500,True,0.005878820624732503,0.7484322160130326,0.5559472525705564,0.014459981511355672,0.7356717365515908,0.5172862419885522,0.008893412512746971,0.8562155021672688,0.7299787313351549,7.679206381986368e-05,0.7133229754936337,0.5084589446869201,8.509641100750344e-05,0.6885186498396372,0.46806509227159854
2021-08-19,2021-09-14,12,0,False,CO,26,9600,500,True,0.003998800422071385,0.7829541018317542,0.604735573440462,0.007960948301728292,0.8031831844430994,0.634484526668601,0.00792417330471035,0.8177821843490702,0.6444735265245634,6.0015739661734104e-05,0.7564070585568197,0.5710690346077232,5.0064342185161994e-05,0.7544439799780274,0.5689152059609606
2021-08-19,2021-09-15,13,0,False,CO,27,9600,500,True,0.005061399728889592,0.7095602478824288,0.48879786598641056,0.01044328592188623,0.7560823559857432,0.5578888539701592,0.009682068008311097,0.7626246973830931,0.556088544719276,7.317524176918118e-05,0.6319001769870973,0.3790441544155324,4.706974359185973e-05,0.6876337611737815,0.4621699108406745
2021-08-19,2021-09-17,14,0,False,RD,29,9600,500,True,0.009083277589321327,0.7283893552201951,0.5392786134641105,0.01746016809207319,0.8377581264859859,0.6831526877527149,0.0184529140134657,0.8635397240379151,0.7452163469647783,0.00018184525802351025,0.6257777168452726,0.38613314981010505,0.00023818299372289776,0.5864818535116068,0.3426122693288437
2021-08-19,2021-09-24,15,0,False,CO,36,9600,500,True,0.005363974799796195,0.7612708602214677,0.5696879902775589,0.012699825906782952,0.8008912038775313,0.640725218069309,0.00861849679673706,0.8233614555261127,0.6468779551016801,0.00010031185912602021,0.6905018792487396,0.4642156471530965,3.726463653874859e-05,0.7303289022334869,0.5269331407861502
2021-08-19,2021-10-01,16,0,False,CO,43,9600,500,True,0.01173246248449708,0.5388014207628555,0.17924877898567454,0.012930259183553595,0.8393602299239388,0.601586553809975,0.03366123396091581,0.26703835176800567,-0.44538236677919096,8.819183921567935e-05,0.6813930092214677,0.4422868672145923,0.0002501649543032383,0.3674140921380101,0.11850406169732175
2021-08-19,2021-10-05,17,0,False,CO,47,9600,500,True,0.0036307946929411803,0.7988666381334286,0.6183302079884461,0.007765467269867931,0.7809075152620838,0.5844095988715766,0.006669247324737464,0.8723924000735841,0.7324123225318956,2.833918269175451e-05,0.7892327114615023,0.5901820743045146,6.01249944675731e-05,0.7529339257365442,0.5663168362457974
2021-08-19,2021-10-07,18,0,False,CO,49,9600,500,True,0.003440432475211725,0.808459989593284,0.6505496027154671,0.006533648454034119,0.8564136759137475,0.7234562087652079,0.0071064635798649845,0.891624140946242,0.7869323053681863,4.535274890940001e-05,0.738639180501562,0.5358200555793213,7.626511803839566e-05,0.7471629610115844,0.5559898411491535
2021-08-19,2021-10-08,19,0,False,CO,50,9600,500,True,0.003576874834784894,0.8128234189598165,0.6613587872385467,0.005926532664994295,0.8914467238436796,0.7845699032369566,0.008267949757617415,0.8625237342815892,0.7435372990597109,4.9467611890007906e-05,0.7469272563495961,0.557364300791716,6.354930463785623e-05,0.7503959613644005,0.559963645865803
2021-08-19,2021-10-15,20,0,False,CO,57,9600,500,True,0.003285348663137777,0.8193427061440308,0.6708175881339162,0.006825261883860308,0.8657241826867508,0.7452831822222964,0.006210397195640909,0.877935429838246,0.7613486583436231,7.071533244299437e-05,0.7202842931932465,0.5173249236080993,3.502024060689671e-05,0.8134269188578803,0.6593135883616462
2021-08-19,2021-10-19,21,0,False,CO,61,9600,500,True,0.0034061130042738483,0.8405344794169709,0.7061529533467419,0.007520996913612913,0.8684539799549709,0.7485854430105102,0.005986904218169976,0.920705540597941,0.8404502212035789,4.815666720855343e-05,0.777229506245655,0.6023848042720664,6.839421810395037e-05,0.7957488908693167,0.6331913449008117
2021-08-19,2021-10-25,22,0,False,CO,67,9600,500,True,0.004804879643449265,0.7945328797259813,0.6140137016488445,0.010563463556739709,0.811356141417193,0.652757897210817,0.00855004473391611,0.8441709050447878,0.7051003000633664,4.762598025617962e-05,0.7495007958910177,0.516787263697559,5.838430288505942e-05,0.7731036765509266,0.5814093456236353
2021-08-19,2021-10-26,23,0,False,CO,68,9600,500,True,0.003963384605150171,0.7919862376289936,0.6121194431081834,0.009328537344623872,0.8136317025426069,0.6322708721602615,0.0064482480020634095,0.8478513122552522,0.693400456821765,3.3600255799782496e-05,0.7770431974715503,0.5992232911334119,4.315281811362039e-05,0.7294187382465651,0.5235831523172956
2021-08-19,2021-10-27,24,0,False,CO,69,9600,500,True,0.0047188259215224454,0.7689500162939691,0.5611666515051684,0.010140078692969541,0.818157323855397,0.6578575682099463,0.00861164098062606,0.8124899699540394,0.5587722523686399,9.000747572982568e-05,0.6968364436047194,0.4688163072778688,3.3576536764352914e-05,0.7483163277617206,0.5592204781642187
2021-08-19,2021-10-29,25,0,False,RD,71,9600,500,True,0.0077163680971610235,0.8098618494951674,0.6469866197077139,0.016387678003362677,0.866645093666799,0.740294564560655,0.014309654427769875,0.8688530121609666,0.7454831711949506,0.00010300093854378041,0.7057453467123219,0.48794343432757337,6.513901896775929e-05,0.7982039454405822,0.6142253087476767
2021-08-19,2021-11-01,26,0,False,CO,74,9600,500,True,0.004778459838171343,0.803629201977671,0.6408359911615278,0.012871752889348767,0.7470440633732942,0.5454080913893462,0.006152045316604995,0.8945344506680739,0.7967091771159025,4.288725685295629e-05,0.7755680398073904,0.5875917796708858,4.7153889878651216e-05,0.7973702540619252,0.6336349164699768
2021-08-19,2021-11-02,27,0,False,CO,75,9600,500,True,0.006115306191097097,0.7094674514427926,0.5057115695821316,0.013129938019134889,0.728376375342275,0.5260351316878111,0.01113377305654442,0.817946451983096,0.6669739054704029,0.00010280588752527478,0.5909050799774851,0.3480214586575723,9.470780118380376e-05,0.7006418984683138,0.48181578251274015
2021-08-19,2021-11-12,28,0,False,CO,85,9600,500,True,0.005477397862346014,0.7605345430190331,0.5789936029284422,0.011033936076223445,0.8195028484461435,0.6711394946427462,0.010716793215661201,0.8155122925677392,0.6553966013903321,7.182184459264848e-05,0.6965226529987671,0.4848067560046051,8.704031290676447e-05,0.7106003780634824,0.5046315596760853
2021-08-19,2021-11-16,29,0,False,CO,89,9600,500,True,0.005393425634861326,0.7234236829269971,0.5189278435896996,0.008786347828823312,0.8250855964778104,0.6699886593678663,0.012624021823620614,0.7589036148962198,0.5567052025167042,8.542339054816816e-05,0.6464988087593362,0.4144189342026646,7.79094964532123e-05,0.6632067115746223,0.43459857827156356
2021-08-19,2021-11-23,30,0,False,CO,96,9600,500,True,0.007475609985358023,0.7397526559415125,0.5178215712216856,0.01261493936869479,0.802113377219677,0.6411768079230359,0.01704756649317673,0.7496842329373966,0.4474849384195535,9.478994556434413e-05,0.7122416725844071,0.501951546769671,0.0001451441339962321,0.6949713410245691,0.48067299177448164
2021-09-14,2021-09-14,0,0,True,CO,0,960,50,True,0.004648589055976815,0.7152776376833341,0.5081716941252405,0.009375979957020332,0.7605186717703671,0.5695153866038807,0.009072449030283487,0.7811833851638252,0.5929549133402965,8.659213583597479e-05,0.6189800504243265,0.3811282068862759,5.933510076746625e-05,0.7004284433748174,0.4890882696705092
2021-09-14,2021-09-15,1,0,False,CO,1,960,50,True,0.00953069154669939,0.5682877088448862,0.20693120200548418,0.02334235983050758,0.5738172833092752,0.011813184767933804,0.01462625083308975,0.6052447825266016,0.3294035647090705,8.431803295683178e-05,0.5404783002387903,0.28448783786895915,6.983749024339888e-05,0.5536104693048778,0.20202022067597325
2021-09-14,2021-09-17,2,0,False,RD,3,960,50,True,0.01530045533481511,0.6126136779591403,0.3849721921660458,0.02524284937571878,0.7423334380951632,0.5419214216047177,0.035459416942330686,0.7159850070862287,0.5104036264151404,0.00021706538238918386,0.5222712128072435,0.26723828808730343,0.0002824896388217943,0.46986505384792604,0.22032543255702164
2021-09-14,2021-09-24,3,0,False,CO,10,960,50,True,0.00921714062580299,0.6529423715246363,0.3715057081216619,0.020404453078013425,0.6834378911135282,0.4227633131488111,0.01629024344832168,0.7038789076455128,0.33254670576188317,0.00012754359664604093,0.566687169941426,0.3187658569569898,4.632238023081057e-05,0.6577655173980784,0.4119469566189635
2021-09-14,2021-10-01,4,0,False,CO,17,960,50,True,0.010069733814217587,0.4822272124689406,0.19624552495109437,0.014304139640990103,0.7650163774357053,0.5592538797366953,0.025591857433668784,0.3169606706681586,-0.09889077479159192,0.00011643346677732407,0.5601415514233127,0.2636906759746741,0.00026650471543413287,0.2867902503485863,0.06092831888460004
2021-09-14,2021-10-05,5,0,False,CO,21,960,50,True,0.01155824592971797,0.565391836767555,0.09923407727875802,0.01847486785857764,0.5005485618127927,0.011266485671315163,0.027600174349820712,0.7032112773129586,-0.1073913130480586,5.073054281515398e-05,0.5700875752927399,0.2663766611744418,0.00010721096765837532,0.4877199326517286,0.2266844753173337
2021-09-14,2021-10-07,6,0,False,CO,23,960,50,True,0.007313535631547166,0.6892800451993493,0.45902793131053377,0.01226447373052345,0.6993138115186335,0.4808927834425606,0.01683593200324632,0.7386806578622809,0.4952210507243856,5.5508738716221966e-05,0.6589354366564362,0.43187471825291046,9.822805370267033e-05,0.6601902747600469,0.4281231728222785
2021-09-14,2021-10-08,7,0,False,CO,24,960,50,True,0.0073989606150896515,0.6837762715224235,0.45210196375259526,0.011016641826071106,0.7757549323419701,0.5995438903741241,0.01842417971488804,0.6812831363188985,0.428502224758183,7.225633582366115e-05,0.6210437206438253,0.3534510256801944,8.276458357580076e-05,0.6570232967850004,0.4269107141978796
2021-09-14,2021-10-15,8,0,False,CO,31,960,50,True,0.006075429666981578,0.7107514676723484,0.49157370380344506,0.013785125320466933,0.7438314232347688,0.48554307306517275,0.010372815103639986,0.7792275079175451,0.601396470587298,9.579787073500071e-05,0.5890669573829621,0.34612137173402024,4.7980373084392635e-05,0.7308799821541174,0.5332338998272894
2021-09-14,2021-10-19,9,0,False,CO,35,960,50,True,0.008542633662138631,0.7100818092303598,0.4759371733911084,0.01828242918415938,0.6771345479336297,0.38884846160386044,0.01572779978787494,0.7854639129556042,0.5808573370033161,7.126657169685147e-05,0.6517099712334662,0.41157323592631556,8.903910482335796e-05,0.7260188047987388,0.5224696590309414
2021-09-14,2021-10-25,10,0,False,CO,41,960,50,True,0.008632008039490102,0.6717081404705003,0.3983312628778418,0.018078025429474284,0.6766705082215023,0.40573927001415866,0.016302651547567118,0.7015439245173678,0.4377050414159611,6.505987674378688e-05,0.6388773051820578,0.33990311809307805,8.229530417521622e-05,0.6697408239610738,0.40997762198816945
2021-09-14,2021-10-26,11,0,False,CO,42,960,50,True,0.006383518340388525,0.6838498829129707,0.43523021222629527,0.012558961037641325,0.7332948041507289,0.5049281984590359,0.012874420554322794,0.6771572223134329,0.38785055113005373,4.5290419560268724e-05,0.6835179793922046,0.4597855027440314,5.540135002971229e-05,0.6414295257955163,0.3883565965720599
2021-09-14,2021-10-27,12,0,False,CO,43,960,50,True,0.009036479171604914,0.6334449821579697,0.3038904979217127,0.017087897892739,0.694227080689301,0.42342706440183475,0.018900452360512597,0.6033857109468227,0.031612669059906895,0.00011472266146852495,0.5737920072601324,0.3229583824716816,4.284377169954134e-05,0.6623751297356228,0.4375638757534275
2021-09-14,2021-10-29,13,0,False,RD,45,960,50,True,0.01629651719061299,0.6997653831080122,0.43279600991996436,0.03070797638602958,0.7281721419086581,0.5133521431676595,0.03425926307498765,0.7676401385008078,0.39065202174817937,0.0001295113378764491,0.5982072278351984,0.3561502271120782,8.931796355828217e-05,0.7050420241873845,0.47102964765194033
2021-09-14,2021-11-01,14,0,False,CO,48,960,50,True,0.007405799071731953,0.6946567937409622,0.4737427866675965,0.01785248811530155,0.6292670901933903,0.3695033834514091,0.011645303224899284,0.7926278177778681,0.6151876077806511,6.248353270934115e-05,0.6402155368646631,0.39915199955813696,6.292141401763688e-05,0.7165167301279274,0.511128155880189
2021-09-14,2021-11-02,15,0,False,CO,49,960,50,True,0.009410159013266384,0.5743118497452893,0.3275982365176474,0.01853158269246413,0.6021821615665051,0.3310464118223675,0.018863230134458082,0.662348825732031,0.4357754707242699,0.00012801770347037905,0.43478830677174374,0.18813214317024995,0.00011780552267294852,0.5979281049108771,0.35543892035370217
2021-09-14,2021-11-12,16,0,False,CO,59,960,50,True,0.009376843787170637,0.6129651704536369,0.3590853611230117,0.02168225128603676,0.6671495191564351,0.353772210936215,0.015604975538188681,0.7059508316608807,0.49821485798363685,0.00010980460785221749,0.4666189060340054,0.2123483816674825,0.00011034371660488594,0.6121414249632264,0.37200599390471234
2021-09-14,2021-11-16,17,0,False,CO,63,960,50,True,0.008758879315344149,0.5842008045001187,0.32028714980709594,0.017422243612898004,0.6233074192530004,0.3456282310323596,0.017406510786242703,0.6729634623645548,0.388767242192138,0.00011753810802562782,0.4446111626277136,0.19427114602014073,8.922475421025317e-05,0.5959211737552059,0.3524819799837454
2021-09-14,2021-11-23,18,0,False,CO,70,960,50,True,0.014308188698645705,0.5778203071055075,0.21969695740487227,0.02544759530573492,0.5875586927615637,0.27616081921515145,0.031463803756848346,0.6047645039540729,-0.01974821316744335,0.00013590731135250695,0.5381019477318829,0.28591132953166,0.00018544842064704772,0.5808560839745104,0.336463894040121
2021-09-14,2021-11-29,19,0,False,CO,76,960,50,True,0.005951757861906065,0.7189472583312453,0.4796034154504282,0.012524261149220289,0.7456185474029752,0.5278482200671937,0.011182063156287421,0.8003354581116919,0.6393800979285269,4.858150719318361e-05,0.6590907878883534,0.41200214799560764,5.21256349233679e-05,0.6707442399219605,0.3391831958103848
2021-09-14,2021-12-15,20,0,False,CO,92,960,50,True,0.01010482879508954,0.4952959087778728,0.22679557638965173,0.01808336721711703,0.46866450211758437,0.18509640811682826,0.022137937115961376,0.5035204893225136,0.25070731327839424,0.00013214850421714577,0.4813705624561496,0.2316645886343499,6.586234306261354e-05,0.5276280812152434,0.2397139955290345
2021-09-14,2021-09-14,0,0,True,CO,0,1920,250,True,0.004884194883026667,0.7081932171697196,0.49432185283708785,0.00947802272699536,0.7595424004420175,0.5648302398156052,0.00991130671544405,0.7633563143155682,0.5553186700269879,8.661586224383163e-05,0.6181637945642399,0.3809586348525946,6.083422742342953e-05,0.6917103593570533,0.4761798666531637
2021-09-14,2021-09-15,1,0,False,CO,1,1920,250,True,0.0077875386057624195,0.6048494306921445,0.31239814066112703,0.01817680781274171,0.6226854206711481,0.23049417651068815,0.012830333021382928,0.6539488317440543,0.411744288681987,8.211954592810622e-05,0.5537520790187159,0.3031439207041199,6.0894042996929764e-05,0.5890113913346596,0.3042101767477132
2021-09-14,2021-09-17,2,0,False,RD,3,1920,250,True,0.014968737136865404,0.6330861349739823,0.40082537350046366,0.024388051017936372,0.7593609607499818,0.5574333319568128,0.03500169175857535,0.7365175714229437,0.5167235439261796,0.00021385499837800551,0.52917611034953,0.2780757899405949,0.00027135077257188755,0.5072898973734736,0.25106882817826737
2021-09-14,2021-09-24,3,0,False,CO,10,1920,250,True,0.009393727871832952,0.6419402041575125,0.37475644642026273,0.02434248755400832,0.5901257294394382,0.31135733892652295,0.013056989791195605,0.7396482067201366,0.46502144816842306,0.00012915392462997747,0.5747567056432594,0.3101647947868551,4.628021749790448e-05,0.6632301748272158,0.4124822037992497
2021-09-14,2021-10-01,4,0,False,CO,17,1920,250,True,0.007895755485175744,0.5543824036244213,0.2876118567963635,0.011839731010116135,0.8008626364550966,0.6351884392462053,0.01935833646217395,0.5597740363532901,0.16877087140974067,0.00010608642734692728,0.5856645798095467,0.32912393858832856,0.00027886804106596187,0.2712283618797519,0.017364177941179393
2021-09-14,2021-10-05,5,0,False,CO,21,1920,250,True,0.005933004732559465,0.7063590062227837,0.4495873316844109,0.011845387120312583,0.6353030271004418,0.3660614340679733,0.011771621160149227,0.8113906190244438,0.5276917149863352,3.667542379862378e-05,0.7190015799660487,0.46963021945131833,7.833522597742586e-05,0.6597407988002004,0.434965958232017
2021-09-14,2021-10-07,6,0,False,CO,23,1920,250,True,0.006568985333316808,0.6953061918691241,0.47985978282226194,0.011066035052545914,0.7296827999106068,0.5316180065551828,0.015052168653874546,0.7516221559707063,0.5487022710737324,5.496181673336045e-05,0.6652200312457468,0.4374723991369128,0.00010277581011340902,0.634699780349437,0.40164645452322
2021-09-14,2021-10-08,7,0,False,CO,24,1920,250,True,0.006867517492043259,0.7227791244167711,0.5120832509250692,0.009874813140927611,0.8230815556551748,0.6410494853032156,0.01746010089696551,0.6890707455796528,0.45840688852756994,5.695576694138984e-05,0.7014819343490438,0.4903603638659071,7.820016333852251e-05,0.6774822620832128,0.4585162660035842
2021-09-14,2021-10-15,8,0,False,CO,31,1920,250,True,0.004806060100189412,0.7504953108854975,0.5534560652012109,0.010467689390657682,0.8115758158844266,0.6093488313790942,0.008621246042218686,0.8229275315455462,0.6687052583095067,8.683526748879518e-05,0.6401713914420095,0.40729658023664417,4.846970039248691e-05,0.7273065046700078,0.5284735908795986
2021-09-14,2021-10-19,9,0,False,CO,35,1920,250,True,0.007198331245806825,0.7510767833391412,0.5389622838912386,0.017406252081547748,0.7111618830087669,0.4181376210899822,0.011242933284118949,0.8450475278770723,0.7003781164462302,6.553331398531795e-05,0.6870710662052328,0.45891102982425336,7.860630357528581e-05,0.7610266562654928,0.5784223682044884
2021-09-14,2021-10-25,10,0,False,CO,41,1920,250,True,0.006803792359410848,0.7191038016626946,0.4720712791844239,0.014685303874594774,0.744925150743742,0.5172647900830851,0.012389821496765681,0.772950963660477,0.5726625116742341,6.638378880499729e-05,0.6575009077536187,0.32647071908984104,7.366027747793959e-05,0.701038184492941,0.47188709589053524
2021-09-14,2021-10-26,11,0,False,CO,42,1920,250,True,0.0056682662887142,0.7028492519989329,0.4638227510159707,0.013096303171714665,0.713711393945855,0.4837462760402753,0.009473757893255576,0.7608666125982139,0.5495443349381284,4.5981265491251554e-05,0.6800670665786424,0.4515452393304723,5.702282439530851e-05,0.65675193487302,0.3704551537550068
2021-09-14,2021-10-27,12,0,False,CO,43,1920,250,True,0.007757769453184811,0.6598387143585807,0.3472278380399365,0.015598760828393751,0.7312569896158077,0.4736729246057636,0.015272454860407672,0.6997077358678833,0.21749746952764837,0.0001102050678039465,0.5937467498636995,0.3496191910935338,4.9657056133875626e-05,0.6146433820869324,0.3481217669328004
2021-09-14,2021-10-29,13,0,False,RD,45,1920,250,True,0.011861530759390095,0.7364389337365717,0.529494393096416,0.025938029336494278,0.7849501912799537,0.5889443762630371,0.021302823647809308,0.814881040002654,0.6211000659169212,0.00012998552497524077,0.5984072652609749,0.3537928639586325,7.52845282815507e-05,0.747517238402704,0.5541402662470729
2021-09-14,2021-11-01,14,0,False,CO,48,1920,250,True,0.0060051661333181865,0.7502583496869086,0.5597443830832657,0.014012937624977987,0.7124279245956171,0.5051048513017966,0.009898269858747958,0.8222268829305097,0.6729173273021045,4.798775822092902e-05,0.7387259293771209,0.5385448401763899,6.146929132587138e-05,0.7276526618443866,0.5224105135527716
2021-09-14,2021-11-02,15,0,False,CO,49,1920,250,True,0.00904571639383747,0.5935274452956343,0.35153254775506165,0.017225061993196213,0.6211131336936022,0.3782092324139965,0.018718409499057228,0.6675201913518394,0.4401072502899125,0.00011760202362400194,0.5060108852308877,0.25418672347491533,0.00012179205947244443,0.5794655709062082,0.33362698484142217
2021-09-14,2021-11-12,16,0,False,CO,59,1920,250,True,0.008212246251870482,0.6519641158087897,0.42268126192211086,0.016533303538580922,0.7261316966197544,0.5072338176184585,0.01611233247178367,0.6958655294885756,0.481900563202852,9.521102992592138e-05,0.5637796502768095,0.31703119503701915,0.00010813796719141779,0.6220795868500191,0.38455947183011385
2021-09-14,2021-11-16,17,0,False,CO,63,1920,250,True,0.008078374776519327,0.6130519657480302,0.3410531093118838,0.013907305890096908,0.7103553780805121,0.477647738197192,0.018196863046429864,0.6400790865031994,0.36101388038595184,0.00011114449369988717,0.4986753747062707,0.23809965091954743,9.81856758506477e-05,0.603098023702139,0.28745116774484425
2021-09-14,2021-11-23,18,0,False,CO,70,1920,250,True,0.013185474651204893,0.590007355642783,0.2652653340258407,0.022450540844125438,0.6170666255624934,0.3614099525888689,0.029979643774128487,0.5820610021544093,0.028353710621849992,0.0001273021380165605,0.5771815347203836,0.33112491462479376,0.00018441184854908825,0.5837202601338458,0.3401727582678501
2021-09-14,2021-11-29,19,0,False,CO,76,1920,250,True,0.004708811422605512,0.7580817328564761,0.5570520139628964,0.010241096386200663,0.7859020963476147,0.6139211862801899,0.008504454204673747,0.8566646331416314,0.7257325951753063,4.468820741020322e-05,0.7084242198424546,0.4591240271192516,4.500689213743096e-05,0.6813359820942035,0.4294302472768379
2021-09-14,2021-12-15,20,0,False,CO,92,1920,250,True,0.0091947321244371,0.5816861831727185,0.3043338068463778,0.017109138094076295,0.5586271907132887,0.22899878548665842,0.01949353074848715,0.6003846250275109,0.34021133262263015,0.0001191733305766483,0.5655897026594761,0.30710460542206086,5.708632460831113e-05,0.602143214290598,0.3410205038541616
2021-09-14,2021-09-14,0,0,True,CO,0,3840,250,True,0.005074798201641991,0.6986399970978427,0.4777436912404577,0.009943175320889982,0.7472412251045095,0.5434734285307223,0.010204423290412431,0.7611485252481675,0.5421676827620121,8.926572792466093e-05,0.6039166243757422,0.3620201122076313,6.232846734088867e-05,0.6822536136629516,0.46331354146146475
2021-09-14,2021-09-15,1,0,False,CO,1,3840,250,True,0.006090370697467211,0.6441333664752993,0.39797775134348423,0.012907188912639256,0.6854564279887987,0.45358078627038834,0.011315881203758643,0.7013248144863198,0.4811801271554458,8.117573089472764e-05,0.5646011023206329,0.3111530156924983,5.723694257621941e-05,0.6251511211054459,0.3459970762556046
2021-09-14,2021-09-17,2,0,False,RD,3,3840,250,True,0.011626155383293205,0.6828923701578962,0.4738326538700687,0.0208892519129322,0.797774676420663,0.6209255667776831,0.025160808764530185,0.8150662429871942,0.6525988922037124,0.00020073087377709534,0.5695396568481879,0.3223797498998854,0.0002538299819333412,0.54918890437554,0.2994264065989939
2021-09-14,2021-09-24,3,0,False,CO,10,3840,250,True,0.00758908627647674,0.6848581073693041,0.44325154452402926,0.01776506991802328,0.7063144454255569,0.497430778372136,0.012422895868744253,0.7646213576109369,0.4910019117961859,0.00012539617264626773,0.5789855703633742,0.3302356491433851,4.298314649315786e-05,0.6895110560773485,0.45433783878441025
2021-09-14,2021-10-01,4,0,False,CO,17,3840,250,True,0.012916318473582234,0.45008559789310904,0.06039731730515818,0.010997942582904126,0.8192110500344071,0.6611260344241114,0.04027057112460407,0.1468925633064783,-0.7291812139511471,0.00010438810296033784,0.5959486203214538,0.33986390979829806,0.0002923720838604056,0.23829015791009697,-0.03021946105062967
2021-09-14,2021-10-05,5,0,False,CO,21,3840,250,True,0.004890863804760749,0.7400149150927479,0.525504909090919,0.010830900393892619,0.6768832454028334,0.4203544895816185,0.008630155960587136,0.8369195874838306,0.6537355300776859,3.22102430844608e-05,0.7427612412576264,0.5342019863239806,7.01886214787815e-05,0.703495586226701,0.4937276303803907
2021-09-14,2021-10-07,6,0,False,CO,23,3840,250,True,0.004763021193227791,0.7574502744468119,0.568811607413477,0.009259461669613452,0.7879903769732268,0.6080831938046647,0.009653969479838256,0.8462558382144428,0.7105523727803151,5.3514648264123754e-05,0.6839239870307079,0.4522839948123939,8.513897519532973e-05,0.7116308955688702,0.5043268682565346
2021-09-14,2021-10-08,7,0,False,CO,24,3840,250,True,0.0053803557160809696,0.7582671875303248,0.5705566001893477,0.00923148749296794,0.8220586162916255,0.6644344414696949,0.012160771760924475,0.8001016786536204,0.6227862453504034,5.466472793805177e-05,0.7150132523813569,0.5108605580820915,7.449888249340904e-05,0.6958952027946965,0.4841451558552011
2021-09-14,2021-10-15,8,0,False,CO,31,3840,250,True,0.004410939761816901,0.7700543690782732,0.5887343740672393,0.009282909966568732,0.8182179064407001,0.6535644599963732,0.008235485000075014,0.8340705478675399,0.6835291717189369,8.179370730674973e-05,0.6665183157053111,0.4417082892951404,4.357037331711377e-05,0.7614107062995416,0.5761355752585064
2021-09-14,2021-10-19,9,0,False,CO,35,3840,250,True,0.005090882848659132,0.7969778609616383,0.6323854101153237,0.01128176291953842,0.799179467781453,0.6228692207887553,0.008951720713772636,0.8736718766024618,0.7614384650759726,5.436233044278537e-05,0.7435735858502819,0.5511464992869053,7.568543088268567e-05,0.7714865136123568,0.5940874553096618
2021-09-14,2021-10-25,10,0,False,CO,41,3840,250,True,0.005943469801460766,0.7543810653040165,0.54455332007771,0.012749708772012501,0.7731938556147937,0.5808916592400564,0.010903521162442312,0.8044535078072941,0.6239265151090938,5.429379191808451e-05,0.7058456334988563,0.44913571089030047,6.635547947016406e-05,0.7340312642951221,0.5242593950713891
2021-09-14,2021-10-26,11,0,False,CO,42,3840,250,True,0.005199862326746745,0.7384850595715152,0.5175620721543359,0.012103559221382397,0.7375098473730984,0.5228800494859324,0.008604661363765543,0.8075816008474621,0.5908679004762663,4.0914321906365714e-05,0.7165537247622767,0.511982665344841,5.0314399932673356e-05,0.6922950653032238,0.4445176733103038
2021-09-14,2021-10-27,12,0,False,CO,43,3840,250,True,0.0056407080106032235,0.7494925835759412,0.5143643986746376,0.011907037086383524,0.7977686711660578,0.5982375731487973,0.010529631949253767,0.773772297522686,0.46050168617007425,9.063542130409883e-05,0.694146860469271,0.4651104545554554,3.552758547150525e-05,0.73228250514575,0.5336078808242234
2021-09-14,2021-10-29,13,0,False,RD,45,3840,250,True,0.009807673215486895,0.7662829540023096,0.5815009819810122,0.02165749735166917,0.8130537741264343,0.6567805531029126,0.017382157683364468,0.840316965293976,0.6908344870457694,0.0001154399127880779,0.6582597553146766,0.4261045955550955,7.559791412587093e-05,0.7535013212741511,0.5522842922202715
2021-09-14,2021-11-01,14,0,False,CO,48,3840,250,True,0.005431469621195292,0.7836894743132051,0.6047947501176071,0.014305705873906008,0.7304390114484292,0.4947651502366124,0.0073233382957474166,0.8751696263520787,0.7580044697683254,4.399060232123785e-05,0.7600782040408671,0.576981897520057,5.284371280650477e-05,0.7690710554114454,0.5894274829454336
2021-09-14,2021-11-02,15,0,False,CO,49,3840,250,True,0.007628027435714518,0.6589211826078245,0.4306491937391934,0.015295741041957595,0.6860895839891143,0.4478539138476114,0.01500047997243272,0.74874630891118,0.551315512188177,0.00010955270748322483,0.5535870866292874,0.3052342025891607,0.00010633602098453473,0.6472617509017167,0.4181931463318245
2021-09-14,2021-11-12,16,0,False,CO,59,3840,250,True,0.006933493788691725,0.707836478826741,0.5007728841389005,0.014111649699871474,0.7686325497093466,0.5794099023534808,0.013443173605504788,0.7546172750791622,0.5677285901358211,8.397569929383842e-05,0.6308922722293151,0.3976245920533934,9.517615009680296e-05,0.6772038182891396,0.45832845201290673
2021-09-14,2021-11-16,17,0,False,CO,63,3840,250,True,0.007172498584903528,0.6683041359960308,0.416274914306058,0.011771054134674705,0.7760023141797813,0.5578844098461271,0.016733651072149226,0.7006758154759908,0.4123948321045412,9.821287344179548e-05,0.5754293339609906,0.32674647147567815,8.707625934838523e-05,0.6211090803673605,0.3680739437978856
2021-09-14,2021-11-23,18,0,False,CO,70,3840,250,True,0.009942393295196441,0.6612733751982638,0.39061197781696455,0.0161510447437648,0.7393343057343911,0.5405947455667257,0.023332143815175285,0.6577054163542345,0.24380052237924044,0.00011768154004243251,0.6178207795028405,0.38167377728779395,0.00016870308180324557,0.6302329992015892,0.3963788660340982
2021-09-14,2021-11-29,19,0,False,CO,76,3840,250,True,0.004864322500068139,0.7634749070943998,0.5617145665026284,0.01081870727602802,0.7864933564361143,0.5921458490773612,0.008552341795123644,0.8512251831181907,0.7241882273840397,4.151791361678639e-05,0.730019049744932,0.4974951285620143,4.472301550410547e-05,0.6861620390783622,0.4330290609870985
2021-09-14,2021-12-15,20,0,False,CO,92,3840,250,True,0.007035185846987038,0.6543364005699575,0.41340241482952134,0.013235364341228049,0.6589945905265264,0.40356539730388274,0.014743449502036461,0.708300828662184,0.500985171696045,0.00010791791853694051,0.6141141208216939,0.3725456158281154,5.401162614669962e-05,0.6359360622694255,0.37651347449004224
2021-09-14,2021-09-14,0,0,True,CO,0,9600,500,True,0.004804797345989326,0.7011789182639946,0.4899003979395087,0.009917290893521374,0.7449572250811469,0.5446618747261956,0.009149997099237459,0.7772958692793472,0.5894756366486009,9.116207623061137e-05,0.5909663734682046,0.34846695908186953,6.073931496786185e-05,0.6914962052272794,0.4769971213013683
2021-09-14,2021-09-15,1,0,False,CO,1,9600,500,True,0.005525997254088812,0.6803579435390229,0.4508564036227509,0.010982118605568678,0.7415744639988149,0.5350776490406906,0.010995313703260241,0.7168360914420555,0.4958777708344405,7.432318400946358e-05,0.6181438074739303,0.3693028617697881,5.2233523516863784e-05,0.6448774112412909,0.4031673328460843
2021-09-14,2021-09-17,2,0,False,RD,3,9600,500,True,0.010034082744301306,0.7114439074921453,0.5144931524974348,0.019449462941390543,0.8160898017695788,0.6470532227905348,0.02025431799395515,0.8489322611973824,0.7203439454347886,0.0001877074981634696,0.6102914837808138,0.3663436049581389,0.0002448425436960575,0.570462083220806,0.324231836806277
2021-09-14,2021-09-24,3,0,False,CO,10,9600,500,True,0.0060362860435426565,0.7324856653640064,0.5280228563996197,0.014759659867000887,0.7637540198087028,0.5824530494346609,0.009235920631376245,0.8090687495030426,0.6215805079715385,0.00010970641293605282,0.6521752575556794,0.41403758269244006,3.98572628574364e-05,0.7049446345886005,0.49402028549983923
2021-09-14,2021-10-01,4,0,False,CO,17,9600,500,True,0.01217010909071362,0.5283218668527832,0.15560807545939434,0.012425407250305696,0.8394439944634002,0.6171422975646577,0.03591448087621614,0.2522687277387388,-0.5421347129099416,9.020751879766052e-05,0.6601365640879364,0.4295399851407412,0.00025034071753499013,0.3614381811210571,0.11788473204212013
2021-09-14,2021-10-05,5,0,False,CO,21,9600,500,True,0.003712802031293236,0.7872004497433349,0.6036292255280042,0.0077937966332659175,0.7765253889044907,0.5828934748459219,0.006963738698421008,0.8681803566520649,0.7205965569917455,2.942941310563838e-05,0.7714027765221303,0.5744160597511727,6.424338038037839e-05,0.7326932768946535,0.536610810523177
2021-09-14,2021-10-07,6,0,False,CO,23,9600,500,True,0.00377518200930721,0.7915339392246437,0.6250715105252602,0.006902896442826676,0.8448929036530526,0.7078273852304082,0.008068762014118968,0.8742500600503744,0.7580804430276498,4.853618186438819e-05,0.7167968739305131,0.5032380011802526,8.053339841880914e-05,0.7301959192646346,0.5311402126627304
2021-09-14,2021-10-08,7,0,False,CO,24,9600,500,True,0.003856257476809257,0.8018751446904713,0.6444363277318488,0.006688430579751523,0.8745578985222642,0.7568748324801217,0.008619798282918959,0.8568649256429566,0.7326233450848992,5.088991702360394e-05,0.738105373811833,0.5446375286019314,6.591112754294196e-05,0.7379723807848315,0.5436096047604427
2021-09-14,2021-10-15,8,0,False,CO,31,9600,500,True,0.003464881926546617,0.8040962028714529,0.6472534051999144,0.007428797885499158,0.8531527332697535,0.7227593915798811,0.0063163047849033255,0.8749417569139244,0.7572788722296513,7.65273367631157e-05,0.6929928146127704,0.47765446555763247,3.789769902086925e-05,0.7952975066893633,0.6313208914324928
2021-09-14,2021-10-19,9,0,False,CO,35,9600,500,True,0.0037693940270869695,0.8302334300433167,0.6898855390697105,0.008230777916944711,0.8534754742522055,0.7248586314505655,0.006727725101913551,0.9088216791450436,0.8207074954438563,5.094672055013823e-05,0.7614664021463545,0.5793481684371727,6.81263689394775e-05,0.797170164629663,0.6346278609472473
2021-09-14,2021-10-25,10,0,False,CO,41,9600,500,True,0.005121907379497764,0.7845921656067387,0.6029855395670936,0.011507282076461615,0.7949250304073938,0.6217327011963425,0.008873907992842432,0.8370396073879884,0.6939299283460095,4.7236298689880365e-05,0.739849702891663,0.5207409691105548,5.920314999712624e-05,0.7665543217399098,0.5755385596154674
2021-09-14,2021-10-26,11,0,False,CO,42,9600,500,True,0.0038941256160873266,0.788148624226886,0.6091194168422649,0.009364751557642227,0.8091141725405387,0.6308433149262952,0.006132760962773333,0.8558073920130518,0.7084011488072529,3.458913354081327e-05,0.767043489456342,0.5874281676413966,4.44008103929331e-05,0.7206294428976115,0.509805035994115
2021-09-14,2021-10-27,12,0,False,CO,43,9600,500,True,0.004807790050471857,0.77059004531347,0.5577701409353264,0.010270638292435885,0.8212993577256417,0.653452279039368,0.008836843537319925,0.8075480763861024,0.5472337294466552,9.050518660432757e-05,0.7014840256520252,0.4658790412554392,3.317318552729241e-05,0.7520287214901102,0.564515513999843
2021-09-14,2021-10-29,13,0,False,RD,45,9600,500,True,0.007930337341060845,0.8046912215209386,0.642967574732264,0.017213632585856408,0.8600035657184122,0.7272051632155931,0.014338928879436379,0.8665798693994816,0.7449624849239596,0.00010444289478563835,0.6973191433388932,0.48077492526838783,6.434500416496085e-05,0.7948623076269673,0.6189277255211154
2021-09-14,2021-11-01,14,0,False,CO,48,9600,500,True,0.004754281231435953,0.801924271543832,0.6388892671293326,0.012964587809631944,0.7470813358635544,0.5421294389820139,0.0059613992561249815,0.8996332935298497,0.8030089672702412,4.412581802388199e-05,0.7639747664378311,0.5756816495820922,4.701204196300641e-05,0.7970076903440926,0.6347370126829829
2021-09-14,2021-11-02,15,0,False,CO,49,9600,500,True,0.006162646003794315,0.7036165385160902,0.4989838291066505,0.012880753510134419,0.7329874649210733,0.535030201034043,0.011568288684591423,0.8101331981220143,0.6539769598810089,0.00010380488413702874,0.5847475714951595,0.34168598148388185,9.773693631438302e-05,0.686597919526114,0.4652421740276683
2021-09-14,2021-11-12,16,0,False,CO,59,9600,500,True,0.0057214593552592785,0.748702670666662,0.559280564510843,0.011774220761429761,0.8066022672306106,0.6490757094256301,0.010945130696246645,0.8160016956512236,0.6480543050283267,7.590904832805844e-05,0.6751145584196557,0.4554883813059485,9.057691503265014e-05,0.6970921613651581,0.4845038622834664
2021-09-14,2021-11-16,17,0,False,CO,63,9600,500,True,0.0057096606879831965,0.7138022324643472,0.5039297729421526,0.009549477078165926,0.8106507774796401,0.6413258620876365,0.013123791835586068,0.7478872542087527,0.5391556886345339,8.79886665578629e-05,0.6327712448212535,0.3968338553363049,7.738517162292936e-05,0.6638996533477421,0.4384036857101352
2021-09-14,2021-11-23,18,0,False,CO,70,9600,500,True,0.008086923331602823,0.7199884836569055,0.4857322206119645,0.01389841619865889,0.7802649349494213,0.6046692005834857,0.018196738356214836,0.7269380208400605,0.41024004701953176,0.00010046054998586619,0.6970809909101654,0.4721568702962784,0.00015207822155170172,0.6756699879279752,0.4558627645485621
2021-09-14,2021-11-29,19,0,False,CO,76,9600,500,True,0.004116158000214876,0.8034578842059283,0.6342647539843107,0.009666610821966433,0.8150882407170902,0.6355787019186099,0.006726915382568235,0.8854556604302111,0.7830579623277448,3.4592218218332574e-05,0.7751098626242261,0.5813190824326535,3.651357810650083e-05,0.7381777730521862,0.5371032692582349
2021-09-14,2021-12-15,20,0,False,CO,92,9600,500,True,0.005787536807758326,0.7264794942362635,0.5111940836277353,0.012182846409992579,0.7144643756076433,0.4509957587176223,0.01083003128648085,0.797617750762849,0.6334408577719062,9.510960116350431e-05,0.6739227903226177,0.44701549996581313,4.215993339636952e-05,0.7199130602519439,0.5133242180555995
2021-10-27,2021-10-27,0,0,True,CO,0,960,50,True,0.0055043410741670695,0.7312270859824267,0.4921733488955085,0.010615383924941586,0.8118628289949033,0.6418200114183801,0.011264723990166056,0.755237832426713,0.42283836436611666,9.768575979862739e-05,0.6558979201762635,0.4235025235908535,3.957062176200908e-05,0.7019097623318272,0.4805324962066837
2021-10-27,2021-10-29,1,0,False,RD,2,960,50,True,0.015450232660690538,0.7123487342111484,0.4614130043559153,0.026590070143461313,0.7719674552135016,0.5786110916047196,0.03500326466178678,0.7420244442511832,0.3774189331747365,0.00012521443004759021,0.6194576993495362,0.3775117787344572,8.238140746646906e-05,0.7159453380303727,0.512110213909748
2021-10-27,2021-11-01,2,0,False,CO,5,960,50,True,0.007578620921038369,0.6870456261708093,0.464966389634446,0.017952090223353964,0.6270224663093225,0.36598573416227,0.012234468065811528,0.7746457311684467,0.5957189921967976,5.844167115381465e-05,0.6621546047013466,0.43801895103154276,6.948372383416787e-05,0.6843597025041217,0.4601418811471736
2021-10-27,2021-11-02,3,0,False,CO,6,960,50,True,0.00881391104728456,0.6001883268931193,0.35070021765030546,0.017433132584995306,0.6441570614651508,0.3706982943960122,0.01757774064683541,0.6951589312980382,0.4742261865281271,0.00011819745938033071,0.5038746242084049,0.25041056487914515,0.0001265734979271904,0.5575626906008833,0.3074658247979374
2021-10-27,2021-11-12,4,0,False,CO,16,960,50,True,0.009386891662540378,0.626657811231426,0.3696739121920758,0.020780441592234987,0.6841228737007665,0.3806501617953637,0.016552801589165396,0.6867080569796111,0.46773707681491583,0.00010116515431802536,0.5366228388360603,0.2743210045912262,0.00011315831444310326,0.5991774754092664,0.3559874055667973
2021-10-27,2021-11-16,5,0,False,CO,20,960,50,True,0.008962333945235126,0.5813151270362229,0.31337114896457896,0.018124768331487153,0.614466202157678,0.3192417131382842,0.017518486607450364,0.6596292122710017,0.3848351910852239,0.0001118308525999564,0.48551485105123515,0.2333946307413166,9.424998940302797e-05,0.5656502426649768,0.31601306089349124
2021-10-27,2021-11-23,6,0,False,CO,27,960,50,True,0.014833384625662263,0.5654286266914921,0.1921762682292612,0.025179793785193895,0.6007557580892715,0.2837782475384346,0.03382124902437417,0.5796693566210444,-0.09615348882252839,0.0001367640161229068,0.5330910870003347,0.28141000311742503,0.0001957316769580833,0.5481983050553174,0.29967031108371356
2021-10-27,2021-11-29,7,0,False,CO,33,960,50,True,0.0056994458356645,0.7267787318789011,0.5152163980567392,0.012435078820899706,0.7398996332520936,0.5312103022334328,0.010270773451289883,0.8188943371534494,0.6687690576921974,4.586966117789207e-05,0.6701409237336189,0.4448245062155236,4.6061409290522655e-05,0.6781800333764423,0.41606172608580305
2021-10-27,2021-12-15,8,0,False,CO,49,960,50,True,0.010755682405605333,0.4576631459466163,0.1952664005147532,0.019658142537739193,0.3957061828335644,0.11413119186167964,0.023160641815289495,0.4706962067253277,0.2160922925622194,0.0001405207716645654,0.4327789094080351,0.18298670467808342,6.342449772807976e-05,0.531471284819538,0.2678554129570303
2021-10-27,2022-01-10,9,0,False,CO,75,960,50,True,0.009133486545673938,0.6265364148574187,0.33075620735950084,0.016728432085068277,0.7417735062836046,0.41270790682734415,0.019672004731789927,0.5445638513448658,0.19547143852290982,8.314701149170185e-05,0.6209444719035787,0.3849117984650746,5.036235434585095e-05,0.5988638298976259,0.32993368562267467
2021-10-27,2022-01-12,10,0,False,CO,77,960,50,True,0.0073942623242830375,0.6281461075402797,0.37184561245510744,0.012416267620547481,0.7549842458864808,0.5175926716529249,0.017004736752492106,0.57396071173833,0.28370848957050765,0.00010947748793763567,0.5436699754306421,0.28654171696280084,4.656743615493065e-05,0.6399694971056655,0.3995395716341965
2021-10-27,2022-01-14,11,0,False,CO,79,960,50,True,0.00827377902348016,0.7222030054563094,0.487585184198895,0.016812211141032086,0.7355937811596117,0.46878347997134695,0.0161933108720347,0.6915493960440329,0.42621964711873706,6.023432288152565e-05,0.6844245701046947,0.4617492181986641,2.9359757972329454e-05,0.7772442745168983,0.5935883915068321
2021-10-27,2022-01-17,12,0,False,CO,82,960,50,True,0.00886675022218301,0.7105740077013176,0.4875899219758069,0.014626827084590606,0.703107978837521,0.47128248664520533,0.020729187845973426,0.7254108973308682,0.47765508139704005,5.6097147942494527e-05,0.654609802999027,0.42778989887669827,5.488881022551073e-05,0.7591673516378548,0.5736322209842839
2021-10-27,2022-01-19,13,0,False,RD,84,960,50,True,0.01749992723152421,0.6679294662268297,0.4144623409095298,0.02906555558933962,0.7513473628871208,0.5528516955159328,0.040665558597597996,0.6383247480506304,0.2956955925542456,0.00020320383130198732,0.5703837030632262,0.3249382851184611,6.539090785724927e-05,0.7116620509063414,0.48436379044947975
2021-10-27,2022-01-20,14,0,False,CO,85,960,50,True,0.009261830068698044,0.5967608008026917,0.30754590259761727,0.01601834274597932,0.6793967092070583,0.3272413780452733,0.020855586373330945,0.538903015520694,0.23276834091218646,9.670343280087845e-05,0.5365259258317916,0.2790638556937609,7.668772268102931e-05,0.632217552651223,0.3911100357392485
2021-10-27,2022-01-24,15,0,False,CO,89,960,50,True,0.011950507985339347,0.6235852683151955,0.3205471623508004,0.02065198476408536,0.5927467009468941,0.2364601086720184,0.027028518204197105,0.5572636532232136,0.16424657721972924,6.204436571872031e-05,0.6464876569451793,0.41622749513543034,5.948460735619682e-05,0.6978430621454947,0.4652544683760236
2021-10-27,2022-01-26,16,0,False,RD,91,960,50,True,0.018436893815845377,0.5840295640947707,0.3187346271235179,0.030646556700636648,0.6519121448700989,0.4169544288785889,0.04286029263332624,0.5180541531377331,0.22222215421960168,0.00012071440434045871,0.5800656081877665,0.3360472401401432,0.00012001152507815798,0.5860863501834844,0.29971468525573786
2021-10-27,2022-01-28,17,0,False,CO,93,960,50,True,0.00824215300734412,0.6714106159968931,0.4113101700182596,0.014610720504389572,0.7115966927006254,0.5062157415581194,0.01828236444133372,0.5873490562505728,0.19706767716345674,4.954214641290616e-05,0.6639371930316259,0.4379150546896946,2.598493724028153e-05,0.722759522004748,0.5040422066617676
2021-10-27,2022-01-31,18,0,False,CO,96,960,50,True,0.007697117618550276,0.7118877351255231,0.469103997347671,0.011605318180236407,0.737430788444294,0.4626933593893078,0.019110417315311785,0.6395224580145393,0.34335646576080037,3.401053065732183e-05,0.7105554378323874,0.5046318805936025,3.872444799558739e-05,0.7600422562108717,0.5657342836469732
2021-10-27,2022-02-02,19,0,False,RD,98,960,50,True,0.023548818635504846,0.6248273039863383,0.3080611750785539,0.03505526405372959,0.7100997082203095,0.330453072025488,0.05886201392293403,0.5658379221586269,0.15338527892702447,0.00019273684540207662,0.5357923874599082,0.2790255731658594,8.525971995367127e-05,0.6875791981065087,0.46938077619584384
2021-10-27,2022-02-03,20,0,False,RD,99,960,50,True,0.018366636665063447,0.6435798725073422,0.33227787609800485,0.036647024581731254,0.6995724833436326,0.33186118889720995,0.03657828913968656,0.6323947022542943,0.2347963951794182,0.00019212966591307067,0.5301542897737481,0.26008939755379656,4.9103272922897824e-05,0.7121980146576936,0.5023645227615948
2021-10-27,2021-10-27,0,0,True,CO,0,1920,250,True,0.005542396351692436,0.7358044766316514,0.5028886012780759,0.011115049318354645,0.7994960602837808,0.6249605039174957,0.01092261232080498,0.7528836641171279,0.4403668658039016,9.383684948954175e-05,0.6740698910809124,0.4462170634038939,3.8086918120580296e-05,0.7167682910447846,0.500009971987012
2021-10-27,2021-10-29,1,0,False,RD,2,1920,250,True,0.012022916398642508,0.736428435077261,0.5330113845110592,0.025322344222329297,0.7875070208849506,0.5987015102898913,0.022569438734840144,0.7937744802284793,0.5985715795097228,0.00012465745933975942,0.6193090843773912,0.3802806904731668,7.522517806083122e-05,0.7451231548182229,0.5544917577714562
2021-10-27,2021-11-01,2,0,False,CO,5,1920,250,True,0.006559831608674195,0.715261911802262,0.504026230606974,0.015300030572132826,0.6832533296954086,0.45964856850673197,0.010813466340564652,0.8062391553754037,0.6426751824032404,5.880108745674745e-05,0.6773188016179497,0.43456276733674515,6.702843454255253e-05,0.6942363605202863,0.47921840418117867
2021-10-27,2021-11-02,3,0,False,CO,6,1920,250,True,0.008506163148442256,0.6080455543180924,0.3715468383468359,0.016497358274705477,0.6394528416093961,0.4044779015122133,0.01728989196055739,0.699992762269105,0.4828361270505178,0.00011741580129196606,0.5064622581705694,0.25536771580258044,0.00011998655721418683,0.5862743552232992,0.34350560902203187
2021-10-27,2021-11-12,4,0,False,CO,16,1920,250,True,0.008845286461386595,0.6372007352329805,0.39996386501561815,0.018410378615519665,0.6964630679680499,0.45128860875271515,0.01676610093591206,0.6800398547122228,0.4608783385402325,9.95330712081085e-05,0.5374204214963735,0.2860282810700906,0.00010513322290654611,0.6348795967552756,0.4016602316994342
2021-10-27,2021-11-16,5,0,False,CO,20,1920,250,True,0.008407897003794552,0.6036513269422255,0.3359427251214862,0.014270673135599434,0.6943790248397661,0.46399982507489146,0.01915511889745789,0.617566747477581,0.32736455378039775,0.00011414750742218572,0.48839668385042756,0.21751386095238345,9.164847469870707e-05,0.6142628516011271,0.3348926606782723
2021-10-27,2021-11-23,6,0,False,CO,27,1920,250,True,0.013858017075320818,0.5764381987454688,0.24059852803756512,0.022871773214975685,0.6066364208331703,0.34942829025209043,0.03224538882769014,0.5500564750389917,-0.045079542640148684,0.00012839407467822974,0.5720384242124921,0.32538762506172847,0.00018651218393921136,0.577021474897221,0.3326577394765903
2021-10-27,2021-11-29,7,0,False,CO,33,1920,250,True,0.005010357764114246,0.7515553767202877,0.5490113538870878,0.010896501887917714,0.7703660956162287,0.5892130721226754,0.009056097195292177,0.8483761745104925,0.7079421893731912,4.363203505740631e-05,0.7117541442873692,0.4719072261320262,4.519993818968439e-05,0.6757250924670605,0.42698292792045833
2021-10-27,2021-12-15,8,0,False,CO,49,1920,250,True,0.00914503337043422,0.5713370638704378,0.30009624080960184,0.016695846651650394,0.5634157455423461,0.2476232306402495,0.019705051356987902,0.5865309166796103,0.3330520908102462,0.00012020940598015948,0.5559796958103683,0.30108067479886946,5.9026067118415386e-05,0.5794218974494267,0.3186289669890423
2021-10-27,2022-01-10,9,0,False,CO,75,1920,250,True,0.009214998997168905,0.6481453209366066,0.3407587526821446,0.019561420591451748,0.6985146515160356,0.3132489891363599,0.017163646123836605,0.6420023217911432,0.29805610999079546,9.258890620292577e-05,0.5629004479388564,0.3150644529884612,4.2340367184337166e-05,0.689163862500391,0.4366654586129618
2021-10-27,2022-01-12,10,0,False,CO,77,1920,250,True,0.008161990206305073,0.6445586942490867,0.3542493855401748,0.016877413728304914,0.7165638553938327,0.34426445088811486,0.015617656509534708,0.6290219282008517,0.34213655092636797,0.00011007990168331199,0.5375132417395991,0.28261582238150507,4.281068569735733e-05,0.6951357516620634,0.4479807179647113
2021-10-27,2022-01-14,11,0,False,CO,79,1920,250,True,0.008277081785583605,0.7442558317511745,0.5105587186296793,0.017453201833439718,0.7200937153080909,0.4485300557111377,0.015575091439312875,0.7335608577107438,0.4481251219822979,5.165495594909022e-05,0.7338649071310299,0.5384139956516573,2.83789136327439e-05,0.789503846854833,0.6071657011736241
2021-10-27,2022-01-17,12,0,False,CO,82,1920,250,True,0.007052384278578783,0.7420970625919352,0.5472321920283268,0.012287324785329543,0.7468909172617813,0.5558487313269551,0.015814489322806487,0.7847069194966456,0.6014982256203862,5.411828196217958e-05,0.6713724309816157,0.4479750088909583,5.3604724216925894e-05,0.7654179826276983,0.5836068022750078
2021-10-27,2022-01-19,13,0,False,RD,84,1920,250,True,0.01662983484966908,0.6856658338974467,0.43275981332478136,0.03150590903574993,0.7305436788357424,0.5153089792740164,0.034755257029664074,0.6730736081978255,0.398058663102975,0.000187029781974267,0.6175568951410079,0.37866995644469303,7.114355128805349e-05,0.7214891534152112,0.4390016544774411
2021-10-27,2022-01-20,14,0,False,CO,85,1920,250,True,0.008810704702319266,0.6201956755655151,0.3370107985121905,0.013856248750248034,0.7159746965880702,0.4180477367411424,0.021218565417927847,0.5501173918236101,0.21941513138764834,9.183121388450021e-05,0.5767848639339321,0.31538685497158736,7.61734272166849e-05,0.6379057499164484,0.395193470948384
2021-10-27,2022-01-24,15,0,False,CO,89,1920,250,True,0.008912119318228969,0.703802357470177,0.45825421042876097,0.014819343813215284,0.6962544561935913,0.45210301605626213,0.02072285641353894,0.6796737956568648,0.3592250212699468,5.4657360209715166e-05,0.6984077580048056,0.48573148086381,5.1619685951939416e-05,0.7408734200254465,0.535957323525025
2021-10-27,2022-01-26,16,0,False,RD,91,1920,250,True,0.016139378306965543,0.6301556985736698,0.38147884627333173,0.030383081862818725,0.6645876301891454,0.42196699321957665,0.03394754853291803,0.62127250654351,0.38396008180942254,0.00013101376485985303,0.5657774994838031,0.2793987491915647,9.586906726556036e-05,0.668985158078221,0.4405895608727629
2021-10-27,2022-01-28,17,0,False,CO,93,1920,250,True,0.006879260302875665,0.6962869721445014,0.45212022746229463,0.012906928657769842,0.751263582886349,0.5637971314197412,0.014529714621098996,0.6672171003197584,0.361878079374944,5.391060318290042e-05,0.6553351243413928,0.38835232956696986,2.64873294509229e-05,0.7113320810305055,0.4944533694875236
2021-10-27,2022-01-31,18,0,False,CO,96,1920,250,True,0.005940773184753441,0.75377285900761,0.5552215699963745,0.007754546992082931,0.8061227221335385,0.6409775648487259,0.015941063573931248,0.6976583189604084,0.4522570516379536,3.449421947185479e-05,0.7101269441670657,0.49758688559345776,3.298795352772976e-05,0.8011834507694277,0.630064777905361
2021-10-27,2022-02-02,19,0,False,RD,98,1920,250,True,0.022990437721918902,0.6577592984208656,0.3229015604180024,0.03378929078822423,0.713977748833869,0.354632850261299,0.057901025980888636,0.6305415476850396,0.1672072072690357,0.00018489021129423666,0.5827774980378124,0.3083776283822627,8.654390726850867e-05,0.7037403991267412,0.4613885557594122
2021-10-27,2022-02-03,20,0,False,RD,99,1920,250,True,0.01848709210539928,0.6511203346790282,0.32716746597230995,0.039381936674459335,0.6821012382870789,0.2819989985840322,0.034322450719625135,0.6585277944361025,0.28198765894606903,0.00019373385359261111,0.5561578178278972,0.25391150999663714,5.02471739200322e-05,0.707694488165034,0.4907716963625015
2021-10-27,2021-10-27,0,0,True,CO,0,3840,250,True,0.005266003863005192,0.7399661009644974,0.5145571350695402,0.010730493410636737,0.808520883724009,0.637936033734346,0.010199375621069847,0.7721247050636615,0.47742276499273095,9.74101430034808e-05,0.654872012352351,0.4251290901158571,3.673627731070225e-05,0.7243468027179681,0.5177406514352267
2021-10-27,2021-10-29,1,0,False,RD,2,3840,250,True,0.009983703743039078,0.7633133967353452,0.581387651585217,0.0219291658925682,0.8108100672602097,0.6524752575817976,0.017816832695263275,0.8331397837943209,0.6831031958292195,0.0001137859389466522,0.6606263455887291,0.4343271241740214,7.503044537818116e-05,0.7486773902981207,0.5556450287558297
2021-10-27,2021-11-01,2,0,False,CO,5,3840,250,True,0.006453557082194405,0.7516118746536156,0.5393807105816689,0.017287291365733978,0.6967493007408984,0.389464446356763,0.008416116370254396,0.856030553061812,0.7218942425896319,5.02606944590754e-05,0.725824998406345,0.516688054322508,6.0559898330171976e-05,0.7278426464054071,0.5294760990577729
2021-10-27,2021-11-02,3,0,False,CO,6,3840,250,True,0.007826382726709696,0.6458113014092178,0.41371157420268745,0.01554244387524849,0.6785571130177119,0.4389484281002638,0.015539553276779073,0.7360002869432508,0.5351911061759577,0.00011057700777520868,0.5483372137487487,0.29873825351134087,0.00011295674703601107,0.6203505919271599,0.3819685090231876
2021-10-27,2021-11-12,4,0,False,CO,16,3840,250,True,0.007628781269527641,0.6890059521321404,0.4694842831545136,0.015731916089830496,0.740714729046619,0.5311187377015942,0.014597462194996476,0.7343925408001477,0.5306119113952159,8.546903882150015e-05,0.6251236700103883,0.38691255256170165,0.00010027775446209191,0.6557928686714067,0.4292939309595426
2021-10-27,2021-11-16,5,0,False,CO,20,3840,250,True,0.007500626492088088,0.659006024415153,0.40286243566118773,0.012703505341983858,0.7564816182393475,0.5228619546698499,0.017112960609061825,0.6912568465149227,0.3990753094755056,9.856439098609737e-05,0.5717669487740276,0.32433680338690474,8.747562632057102e-05,0.6165186841323144,0.3651756751124907
2021-10-27,2021-11-23,6,0,False,CO,27,3840,250,True,0.010253793428986947,0.651091210842389,0.378960755050654,0.017968911207991368,0.7113286711103877,0.4888867960951516,0.022756583777819667,0.6555640158289395,0.2624545390454939,0.00011873426889614385,0.6137791091193495,0.3761424946803368,0.0001709444612406157,0.6236930473108789,0.3883591903816337
2021-10-27,2021-11-29,7,0,False,CO,33,3840,250,True,0.0053658537776461925,0.7595836055910485,0.5562665026294503,0.01194734795396897,0.765591030415911,0.5495972549012038,0.00943380485413842,0.8351621820025023,0.6957611725929211,3.9331392955770665e-05,0.7466967150095676,0.5239593024075894,4.2930909521605874e-05,0.6908844949362134,0.4557482806160871
2021-10-27,2021-12-15,8,0,False,CO,49,3840,250,True,0.007397835928434412,0.6433302555518874,0.39982573766881124,0.013637542830701854,0.6398216874361423,0.38544174302448897,0.015792770780900495,0.682364214198331,0.4654692717205544,0.00010598927614550107,0.6231730790833142,0.38375909307465983,5.504082598979881e-05,0.6279620414897622,0.36463284285554154
2021-10-27,2022-01-10,9,0,False,CO,75,3840,250,True,0.007937847241922596,0.7082269648912555,0.4178395935215431,0.016127131908148986,0.7612549303966173,0.43381800475715726,0.015505705041930697,0.7002297551336634,0.3658611441917081,7.600799616406285e-05,0.6656517240927058,0.43772336703294756,4.254402144664214e-05,0.7057714499420354,0.43395585810435944
2021-10-27,2022-01-12,10,0,False,CO,77,3840,250,True,0.005582233968580923,0.7150388352389917,0.47955863369609575,0.010449701994200694,0.7859934667153128,0.593999342225584,0.011738305010334862,0.7425900781332568,0.5055466986572076,9.970786212502312e-05,0.5928709582248697,0.3502097878099605,4.1221007663114986e-05,0.7387008378825276,0.4684787060916312
2021-10-27,2022-01-14,11,0,False,CO,79,3840,250,True,0.006581576050302289,0.7878110643532289,0.5938522234177606,0.01429132354616164,0.7738492283702394,0.5484361279363826,0.01196443577756787,0.790242527408875,0.5760621013993099,4.63517845683778e-05,0.7695223760479873,0.585802859760071,2.4193092911265006e-05,0.8176301255858142,0.6651078045752788
2021-10-27,2022-01-17,12,0,False,CO,82,3840,250,True,0.006133729386120872,0.7755976967889551,0.5967182736712777,0.010537524168212305,0.7971315460140816,0.619098965010483,0.013899216067447477,0.8070051050820083,0.6497602829719125,4.906892868025531e-05,0.7115329266843894,0.4994801398651567,4.910838014345e-05,0.786721209375341,0.6185337068375589
2021-10-27,2022-01-19,13,0,False,RD,84,3840,250,True,0.013532631016461997,0.7296570080237104,0.5227755669027929,0.024330270314722624,0.7910603003408765,0.6256999428265726,0.02956637641249731,0.7184004608668678,0.48792713200914817,0.00018006536536410497,0.6350099947205612,0.401806385467129,5.38119732639521e-05,0.7741572761665363,0.575668807308322
2021-10-27,2022-01-20,14,0,False,CO,85,3840,250,True,0.006955486854129955,0.6778614922611399,0.4473652850917812,0.012443568497710104,0.7131409278313912,0.4773792690370552,0.015231252866789861,0.6793798471074333,0.4396753369679153,8.368884082891229e-05,0.6136327475625999,0.37608926093773054,6.343721119093885e-05,0.7052924465431353,0.4963172734244238
2021-10-27,2022-01-24,15,0,False,CO,89,3840,250,True,0.008084743358100627,0.7368238319540088,0.49799939903207024,0.01534546141215094,0.7100351685791376,0.43265153093723074,0.01689397839614301,0.7646433159698964,0.47761841169820474,5.604566069175364e-05,0.6886061422491803,0.47266902723863324,4.348796341679931e-05,0.7840107010178209,0.609058626254212
2021-10-27,2022-01-26,16,0,False,RD,91,3840,250,True,0.015349578154041218,0.6710677349750811,0.43639634683757,0.027690207757734776,0.7081440443186752,0.47319846877794225,0.03350982274948507,0.639009288611302,0.39190341107676174,0.00011192368710006282,0.6275243674575823,0.38439789891030185,8.635842184495648e-05,0.7095932395127649,0.49608560858527395
2021-10-27,2022-01-28,17,0,False,CO,93,3840,250,True,0.005428676990787187,0.7560306458763439,0.5535383103586189,0.01075919168572633,0.7992610725489002,0.6363821013224984,0.010886717455744177,0.7461133152907171,0.5218727116585076,4.767193817355793e-05,0.7004867562469574,0.45913367301865515,2.1126883504681867e-05,0.7782614394188008,0.5967647554348146
2021-10-27,2022-01-31,18,0,False,CO,96,3840,250,True,0.005444352410913707,0.7820468797749056,0.598716077210346,0.007790815372292759,0.8249103986171765,0.639298400070278,0.013926998026521562,0.7294848170601851,0.5214613551034182,2.9117105105373497e-05,0.7617999981857689,0.5759053058026269,3.0479139735134275e-05,0.8119923052364915,0.6581992478650612
2021-10-27,2022-02-02,19,0,False,RD,98,3840,250,True,0.020148038329669743,0.6837324904448189,0.39635739865289404,0.029366872587110522,0.7280873922190307,0.43909995101500787,0.05097206482229438,0.662114994335417,0.26686673516573844,0.00018340584640997367,0.5901102177618581,0.3139302206715662,6.981006286410254e-05,0.7546173574629695,0.5655326877592637
2021-10-27,2022-02-03,20,0,False,RD,99,3840,250,True,0.013865310013769836,0.7077561953278342,0.46991939947886546,0.029272225246636936,0.7124599760876988,0.46631657009418426,0.02599149444954823,0.7050403581246374,0.4562680290618186,0.0001526023506890582,0.6432619867888554,0.41231305068663837,4.491800820512506e-05,0.7702624603101451,0.5447799480728206
2021-10-27,2021-10-27,0,0,True,CO,0,9600,500,True,0.00551463015007898,0.7386676520168238,0.5049077523699104,0.011145663097572851,0.8001559779128516,0.623927546167842,0.010779430426487869,0.7673548492791591,0.4477029617783227,9.681334361403669e-05,0.6616442906580942,0.4286511320454719,3.661373264116403e-05,0.7255154902171903,0.5193493694880049
2021-10-27,2021-10-29,1,0,False,RD,2,9600,500,True,0.00827854128116401,0.7941176231710068,0.6285372699501377,0.017976103544726868,0.84996108507287,0.7151218252135482,0.014963264377560424,0.8593161481457673,0.733857821852252,0.00010555320724335188,0.6906145767852985,0.4752551427114702,6.924399512540519e-05,0.7765786826800907,0.5899142900232804
2021-10-27,2021-11-01,2,0,False,CO,5,9600,500,True,0.005157361234339281,0.7825981877637275,0.6066044630738592,0.01380043304761746,0.7280242020840644,0.5126098789574132,0.006729012224806473,0.8857710176676822,0.7776436352499171,4.705127900906079e-05,0.7489765305880177,0.5475501194477119,5.294838592412982e-05,0.7676210007151454,0.5886142186403944
2021-10-27,2021-11-02,3,0,False,CO,6,9600,500,True,0.006349232100170372,0.697799586972125,0.4900607574438086,0.01328106501107253,0.7232313436692535,0.5205797453236292,0.011912243586096868,0.8040946737685032,0.6436888071621656,0.00010332719834885216,0.5873011465354252,0.34471538856252604,0.00010029260516323716,0.676571183915318,0.45125908872691367
2021-10-27,2021-11-12,4,0,False,CO,16,9600,500,True,0.006190696145925328,0.7310496259308937,0.5325163847649532,0.012555372601185224,0.7912344829838424,0.6257939007393997,0.012033781456547155,0.7965911656920341,0.6130482407748596,8.137973833757819e-05,0.6469449442710955,0.4162459676797998,9.225078763135802e-05,0.6894279107766028,0.47497742986575353
2021-10-27,2021-11-16,5,0,False,CO,20,9600,500,True,0.005915279351413823,0.7035591516802345,0.48845889417808885,0.010159234791746703,0.7948983555743145,0.618423631895991,0.013332178938625445,0.7426075939876393,0.5318381380210577,8.738826815545484e-05,0.6357529706351076,0.4009496125560664,8.231540712769309e-05,0.6409776865238768,0.40262419423924023
2021-10-27,2021-11-23,6,0,False,CO,27,9600,500,True,0.008075314242713579,0.7137334789846861,0.4825127636159227,0.014630981437129327,0.7667869091923182,0.5838318909785819,0.01741287979223757,0.7305880358286223,0.4356450608623935,0.00010050067012931508,0.69474531324728,0.471946069717492,0.00015689507135810264,0.662813657670524,0.43862803290522345
2021-10-27,2021-11-29,7,0,False,CO,33,9600,500,True,0.004252265908153112,0.8026404976317913,0.6293852227924461,0.009771383867069274,0.8188919092350159,0.6316288657450512,0.007166456195841048,0.8797006712880022,0.7688828353566783,3.4766236698627474e-05,0.7734907566279314,0.5792128799178655,3.6457333003495255e-05,0.7384786533762162,0.5378163101501895
2021-10-27,2021-12-15,8,0,False,CO,49,9600,500,True,0.006403367643053123,0.7071878862349121,0.48384204306102596,0.013076346480934104,0.681982792866036,0.41073133183207466,0.012397046455446955,0.7649386842152631,0.580402808203974,9.795629738685774e-05,0.6619215171926833,0.43046429095470473,4.2121338444574976e-05,0.7199085506656661,0.5137697412533504
2021-10-27,2022-01-10,9,0,False,CO,75,9600,500,True,0.0052847602927837325,0.7580774930905371,0.5439383020621997,0.00907764615712967,0.8461139844239202,0.6813072626537408,0.0119525770006172,0.7578362033930841,0.5111738884084873,7.297494450905109e-05,0.6795048952027872,0.4601606651892367,3.584306887900856e-05,0.7488548893423568,0.523111391997334
2021-10-27,2022-01-12,10,0,False,CO,77,9600,500,True,0.004802727073332757,0.7537982822045026,0.5496265273336824,0.00837278041202072,0.8283934503288939,0.6746936557073391,0.01071346362639741,0.7715639487667849,0.5487161515888224,9.13479721505408e-05,0.6365260554963524,0.40469069397554325,3.331628276235734e-05,0.7787096742259789,0.5704056080630253
2021-10-27,2022-01-14,11,0,False,CO,79,9600,500,True,0.004838865618896286,0.8274460743383893,0.6758866546395679,0.010925157022855668,0.8251547743850869,0.6547971087346391,0.008368690913275752,0.8416558703946158,0.7034707439807069,4.039036440708438e-05,0.7997135477862406,0.6390738007943657,2.1224175046642067e-05,0.8432601047876142,0.7062049650485598
2021-10-27,2022-01-17,12,0,False,CO,82,9600,500,True,0.004821230320876722,0.8168302675332488,0.6640976185293821,0.008528470482268197,0.8329046792850665,0.69172044763864,0.010671607004942152,0.8576869639916511,0.7310912644635006,4.413891038185619e-05,0.7459708373854528,0.5497680131801873,4.070488591468194e-05,0.8307585894708247,0.6838107488352001
2021-10-27,2022-01-19,13,0,False,RD,84,9600,500,True,0.012143181780033594,0.7616341609397597,0.575194730582886,0.022285908692957164,0.8116426432055122,0.6571506691034169,0.026081473343122122,0.7535066490381752,0.5482836763657566,0.00015659137324563764,0.6933436847177928,0.4797891344786792,4.875371080945382e-05,0.7880436667975586,0.6155554423836913
2021-10-27,2022-01-20,14,0,False,CO,85,9600,500,True,0.005215490460698184,0.7324183010047142,0.533836396624739,0.010332251545474635,0.7638585301859134,0.5660530292268924,0.010392641204551805,0.7887740931134165,0.6176773354179657,8.236403180787522e-05,0.6226198997789374,0.3859658773090979,5.47050609584229e-05,0.7544206809405894,0.5656493445449999
2021-10-27,2022-01-24,15,0,False,CO,89,9600,500,True,0.006855297590515364,0.7649954407264197,0.5576380686045561,0.01372595058785258,0.7482025193766633,0.4925276703453757,0.013603996642721057,0.7902106842184111,0.579348498805979,5.027456515432898e-05,0.7262162516713384,0.5269689924114358,4.0968566333490674e-05,0.7953523076392657,0.631707112855434
2021-10-27,2022-01-26,16,0,False,RD,91,9600,500,True,0.014188271994023522,0.7139151587560473,0.493221101804375,0.02434048354220153,0.753584731382987,0.5369264068762615,0.03223906105405997,0.6640696094487821,0.41496368979262543,0.00010044931321200524,0.6784099589793672,0.447509192481804,7.309406662058253e-05,0.7595963352130527,0.5734851180668092
2021-10-27,2022-01-28,17,0,False,CO,93,9600,500,True,0.004844672366428201,0.790962294567843,0.6072003540715845,0.009834704626925502,0.8233076260881468,0.6676260879987157,0.0094843432303486,0.7983511652637575,0.5834627536848673,4.0829760368232175e-05,0.7397560977540885,0.5367622259977005,1.881184807046644e-05,0.8024342891653791,0.6409503486050545
2021-10-27,2022-01-31,18,0,False,CO,96,9600,500,True,0.00489080903753879,0.8023488894408987,0.6268486023880591,0.0074135634241894776,0.8281001019311653,0.6567645284220545,0.012092645473176667,0.7836239347465725,0.5844906298594434,2.815456203237701e-05,0.7732297035034373,0.5899248798199255,2.887269075663974e-05,0.8244418175824193,0.6762143714508129
2021-10-27,2022-02-02,19,0,False,RD,98,9600,500,True,0.01552139187112491,0.7230717140146798,0.4932055341577003,0.024039733384550448,0.7560988948734646,0.5408470005451401,0.037815760491530875,0.7333931371509004,0.4560943911532407,0.00016423036262787938,0.6332421020007678,0.3856603218892227,6.584324579044243e-05,0.7695527220335865,0.5902204230431978
2021-10-27,2022-02-03,20,0,False,RD,99,9600,500,True,0.011110780990905436,0.7466708522452916,0.5388550870354907,0.022708636238428406,0.771772040832279,0.5859821802375499,0.021551756329483335,0.7550866741069002,0.5491456265065557,0.00013880740291964712,0.6824524403884532,0.4654387773476999,4.3923992790357424e-05,0.7773722536535341,0.5548537640501575
2022-01-17,2022-01-17,0,0,True,CO,0,960,50,True,0.005285113736624922,0.8043687681324784,0.640117072448714,0.009497260429815597,0.8126861076037855,0.656701491779785,0.01155410586461407,0.8444926405386897,0.7088535965699139,4.647896600233796e-05,0.7320286413396491,0.5258986452650369,4.2609686067685144e-05,0.8282676830477893,0.6690145561801204
2022-01-17,2022-01-19,1,0,False,RD,2,960,50,True,0.01726592299489887,0.6695297420506219,0.4264651055194334,0.029892895295599707,0.7399321455021879,0.5401237933862302,0.038916048055247635,0.6290228988089644,0.3259961227410596,0.00018594802993840995,0.6229455484266333,0.38226363565695665,6.880059880974912e-05,0.686218375464702,0.45747687029348716
2022-01-17,2022-01-20,2,0,False,CO,3,960,50,True,0.00897705096067269,0.6141578628860795,0.3226407341203025,0.015218651226586917,0.7113337754639424,0.3608278340917551,0.0205179036147965,0.5702729894900909,0.24519095509516775,9.781288111593277e-05,0.529260407467262,0.2707927802272956,7.38361201914082e-05,0.6457642791230227,0.41375136706699156
2022-01-17,2022-01-24,3,0,False,CO,7,960,50,True,0.011739256405138064,0.6339262135259334,0.3387085610968761,0.018167698040577582,0.64112211778876,0.32830852114002385,0.028671246758538726,0.5133045859692591,0.11345148732180421,6.0626284813804985e-05,0.6573466221202885,0.4295701513520488,5.745453662214322e-05,0.723931528225426,0.4835040845736276
2022-01-17,2022-01-26,4,0,False,RD,9,960,50,True,0.01927114462088896,0.5700330136391847,0.303890915615072,0.03171623905634866,0.643751081534506,0.396603902517771,0.045128035007387685,0.44367191306394826,0.18106985053441915,0.00011972445824679206,0.5852357672329105,0.3414921366675592,0.00012057996157271056,0.6074732927253736,0.2963977727405387
2022-01-17,2022-01-28,5,0,False,CO,11,960,50,True,0.007497970223966011,0.6896976996975315,0.4496667171602478,0.013820788071611861,0.7309094802332317,0.5329123168858828,0.016096635449765005,0.6282544889889364,0.29306141265226826,5.087522206740503e-05,0.652645944751461,0.4227905231421819,2.358215241977445e-05,0.7469808848164973,0.5499026159606581
2022-01-17,2022-01-31,6,0,False,CO,14,960,50,True,0.006985048103850108,0.7220984179315679,0.5002036975810136,0.010638946218773643,0.7477343876919154,0.507434749856152,0.017229924436418166,0.6576246034133189,0.40797114526960365,3.4250901827556547e-05,0.7129339577568643,0.5011308409962374,3.707085838106929e-05,0.7701007228641733,0.5842780542020616
2022-01-17,2022-02-02,7,0,False,RD,16,960,50,True,0.02399951226619288,0.6243032794631919,0.28981093899273785,0.03415502872635615,0.7167764152745091,0.3476473455295521,0.06155641241166983,0.5726516286118306,0.11463163675659027,0.00019360350207735298,0.553366086718148,0.2757836538617644,9.300442466818571e-05,0.6544189872482797,0.4211811198230446
2022-01-17,2022-02-03,8,0,False,RD,17,960,50,True,0.01907570889767896,0.6287574091476172,0.3049406645343318,0.03980417270546777,0.6824387940229548,0.27430090350039027,0.036246155012935814,0.6217212847223132,0.24174451213762393,0.00020096708770665696,0.517117331144074,0.22605560036642114,5.154078460559455e-05,0.6937522267011269,0.47766164213289164
2022-01-17,2022-02-07,9,0,False,CO,21,960,50,True,0.011119201356447055,0.6077099428704019,0.3142794465139839,0.021066752708343364,0.6510472962911302,0.41843645324163414,0.023267047322372846,0.5858776651852474,0.23121436970149445,8.925623093330006e-05,0.5969840646505088,0.31453691177360854,5.374916413870214e-05,0.5969307453547211,0.29293005133919847
2022-01-17,2022-02-09,10,0,False,RD,23,960,50,True,0.01733602469740613,0.6106251042222478,0.3407584139674138,0.031018540147571,0.6540694604227659,0.3808851905478867,0.03808644640916569,0.5915711932572261,0.27235210434363555,0.00016926270273387242,0.545766606193337,0.2920965649275745,6.984953015396447e-05,0.6510931570156623,0.4176997960505583
2022-01-17,2022-02-10,11,0,False,RD,24,960,50,True,0.020653241035240008,0.6505593718221236,0.4006188582216377,0.03430648895193207,0.6903257842228826,0.41503140857943066,0.04809877734212539,0.5611542089142821,0.29743218837093455,0.00010780043831840477,0.6018887362514055,0.331293965368861,9.989740858417198e-05,0.7488687578999247,0.5587178705673246
2022-01-17,2022-02-21,12,0,False,RD,35,960,50,True,0.016550857901869866,0.6387610095388787,0.37700985708143564,0.03247196302779512,0.6198835742726727,0.3504443923252307,0.03353379952833276,0.6494127394549627,0.3681075715082949,0.00012488216540296895,0.6312721528903569,0.39344194619221984,7.278688594859968e-05,0.6544755715375228,0.396045518299997
2022-01-17,2022-02-24,13,0,False,RD,38,960,50,True,0.018214302018926258,0.6820442032333106,0.4502414387095334,0.03419706058492777,0.6868243240570056,0.432457141592547,0.038388403017922706,0.6476572974302588,0.39221837127211934,0.00020350122398115383,0.6053802585722587,0.36120067567861125,6.824324887340809e-05,0.7883149328737193,0.6150895662948561
2022-01-17,2022-02-25,14,0,False,CO,39,960,50,True,0.009583707461078148,0.6594659283144015,0.4208347279746792,0.02027198918664876,0.601527912705911,0.3337417893435114,0.0179634848179326,0.6298725806504893,0.36463810730272983,6.27225054738245e-05,0.6794452128954704,0.4569552054052751,3.663333425741552e-05,0.7270180070057355,0.5280038098472004
2022-01-17,2022-02-28,15,0,False,CO,42,960,50,True,0.016681842547658702,0.4278744699509279,0.008421585155324152,0.02145203321330836,0.5937436959336473,0.24428250956739972,0.04511385756385235,0.050789721366521365,-0.7766616643029112,8.443171475227597e-05,0.5276256849257844,0.27702537859492693,7.704769872181272e-05,0.5393387775777586,0.2890401167618811
2022-01-17,2022-03-07,16,0,False,CO,49,960,50,True,0.010352278068316591,0.6373907684563098,0.3066001339868713,0.0187932312993396,0.6360522195590662,0.3414867316090614,0.02252175011486214,0.5975143872957941,0.1585913904338936,6.612589025769788e-05,0.5808700059386449,0.2117987068503967,2.800496880691863e-05,0.7351264610317338,0.5145237070541335
2022-01-17,2022-03-14,17,0,False,CO,56,960,50,True,0.009882632944110842,0.6730736469248355,0.44578978112724493,0.01531012480882154,0.7581489430576249,0.5671732767592619,0.024092704517182567,0.5514768630717288,0.2687085188831019,7.570537572539061e-05,0.6892400500811947,0.471063391325386,5.1997074713873784e-05,0.6934287314887932,0.47621393754123
2022-01-17,2022-03-16,18,0,False,CO,58,960,50,True,0.010055566849571039,0.6347841597354347,0.3152937347397142,0.011346798113738567,0.7933903796588603,0.6025027530368018,0.02870741798867579,0.5406293369997823,-0.010411695161855361,9.220200474787478e-05,0.6193205558356918,0.37476860657579414,7.584929112191867e-05,0.5857963664474043,0.29431527450811645
2022-01-17,2022-03-18,19,0,False,CO,60,960,50,True,0.013644737879247961,0.6372451451668563,0.3526872893429573,0.020436947055068544,0.6516581465799506,0.38507533629847124,0.0340300056048821,0.5083597812619405,0.0827164163352363,6.782751673342975e-05,0.6613009760605472,0.42124681438051514,4.417134030777609e-05,0.7276616767649866,0.5217105903576065
2022-01-17,2022-03-21,20,0,False,CO,63,960,50,True,0.016887218232211385,0.5359729502132162,0.14557343437114062,0.03124388392759096,0.4185035740334989,0.08466148593536615,0.036155687522099376,0.5016467572210392,-0.25092371249424117,0.00011635394597369749,0.5499459575067382,0.3008826268301372,3.294753318150285e-05,0.6737955120915886,0.44767333721330027
2022-01-17,2022-03-23,21,0,False,RD,65,960,50,True,0.01676172218390511,0.6183040873742969,0.36780413234798337,0.02617707913654034,0.7748950299656039,0.5758213800590618,0.040411909744706716,0.6524852063218896,0.3805065199672696,0.0001686135743556915,0.5523812464291671,0.30195859092644206,0.00028928628001768616,0.49345486678052697,0.21293003843915992
2022-01-17,2022-03-28,22,0,False,CO,70,960,50,True,0.009207427936442162,0.6786805126395049,0.2736237320484665,0.026501979948835422,0.6709059080791239,-0.21956959497998008,0.010201067313547483,0.7705344548851936,0.5738340529432504,8.128471996874282e-05,0.5716475251105941,0.26018856774312704,4.537976341700123e-05,0.7016341624831082,0.4800419024874687
2022-01-17,2022-03-31,23,0,False,RD,73,960,50,True,0.015841116940888914,0.6677887763443182,0.37781209736143956,0.025279966578159254,0.7105328092970533,0.4536724285294289,0.03780461666418443,0.7495038105152722,0.36063181746745787,0.000173768996517782,0.5399602800560456,0.2693526782159711,0.00010611552469419805,0.6711582055089018,0.4275914652329005
2022-01-17,2022-04-01,24,0,False,CO,74,960,50,True,0.008812711148211645,0.6759359874528085,0.43999096914107877,0.021809233819690334,0.5554300661515957,0.2934286953907742,0.013311599375345836,0.7220034060578582,0.4583683303065822,9.568478960719482e-05,0.6734338016725308,0.4472555076257977,3.432660820321194e-05,0.7528766759292492,0.560911343241161
2022-01-17,2022-04-04,25,0,False,CO,77,960,50,True,0.007880437973942122,0.6435763165100048,0.39208335649352827,0.014560769616130632,0.554847912613137,0.30102669531980353,0.01682169451551635,0.6923644825727882,0.40049023144087437,9.344208272861788e-05,0.5479941489343967,0.29643123669566085,4.5845681392889675e-05,0.7790987219196976,0.5703852625177743
2022-01-17,2022-04-05,26,0,False,RD,78,960,50,True,0.023607748603715475,0.647356405713294,0.35225438717245017,0.05476720939620172,0.6428011736923821,0.3195048611928222,0.039274034898640835,0.6076456033020607,0.23254784969081466,0.000303864658028717,0.6107776560013705,0.3404622985681056,8.588546199062593e-05,0.7282011898573629,0.5165025392380582
2022-01-17,2022-04-06,27,0,False,RD,79,960,50,True,0.01467123693054276,0.684924464971712,0.39289269963214984,0.029328182013071566,0.7417185001811462,0.5211816139695538,0.029085428736402057,0.6875486201366564,0.20436616806599095,0.00020863508934969153,0.5957982116598283,0.3510677405576488,6.2701883347718e-05,0.7146325279092172,0.4949552759354059
2022-01-17,2022-04-07,28,0,False,RD,80,960,50,True,0.024843762901979313,0.6029780009936752,0.27815909329208216,0.040051577379066845,0.660055425096228,0.25105274321307447,0.058979715223494884,0.5357254432989499,0.1331182110264263,0.00020030498731759178,0.564208584868205,0.31409119189451773,0.0001434540180379312,0.6519225507113177,0.41437422703431015
2022-01-17,2022-04-08,29,0,False,CO,81,960,50,True,0.008316485366752809,0.6346747692577808,0.394782129191592,0.017673586772750487,0.6685087531505274,0.43406600859645017,0.015438490460845075,0.5830501871888859,0.33904106532947487,0.00011628992579812872,0.5739484099810941,0.30467281167160754,3.757430761753883e-05,0.713191726710616,0.5013486311688353
2022-01-17,2022-04-11,30,0,False,CO,84,960,50,True,0.010004328802470265,0.6950902534780619,0.3621493515478822,0.019592171737457618,0.6439637914908682,0.3550586056267483,0.02033331065877691,0.6838079264270864,0.04149481822342216,6.956310884338503e-05,0.6513623266751247,0.4110736484088833,2.226970480314421e-05,0.8012269693191678,0.640970333932475
2022-01-17,2022-04-13,31,0,False,RD,86,960,50,True,0.013781633041777864,0.7590202393072224,0.5243729877800034,0.03067527481936474,0.8104798499982996,0.5917244226473626,0.024127036088589862,0.7751386377649268,0.49882745454533206,0.00022955251598768774,0.7140208332193364,0.4842767170252208,9.466874316915829e-05,0.736441636246327,0.522663356902098
2022-01-17,2022-04-14,32,0,False,RD,87,960,50,True,0.017584671886098854,0.6788696991428746,0.4082845470095743,0.04444962190644174,0.6717717001387685,0.2779984582465891,0.025458867368874878,0.7496131275998249,0.5457430803596881,0.00024027048274011142,0.601877720030816,0.35877624150001464,0.0001899277863386863,0.6922162488020895,0.4506204079320052
2022-01-17,2022-04-15,33,0,False,CO,88,960,50,True,0.006186064946055777,0.7726604223169097,0.5897961514681327,0.016028727698006617,0.725674945887501,0.5141351710483426,0.008597363297475711,0.8296754593937228,0.6876175299590859,7.691563341827468e-05,0.7078327525384143,0.49269139065628664,4.1253155322505765e-05,0.8274585314480006,0.6647405142088159
2022-01-17,2022-04-18,34,0,False,CO,91,960,50,True,0.007069103947725537,0.7009303403605756,0.4743947572336096,0.015182303300485929,0.6632258386989227,0.4378479557171595,0.012961233152702912,0.7288310141632792,0.4907956697568473,7.076512182078231e-05,0.6883668841521953,0.4549681386095774,6.211421589252494e-05,0.7232976244279052,0.5139672648508542
2022-01-17,2022-04-20,35,0,False,CO,93,960,50,True,0.0074610516071667785,0.6641567101589622,0.3944630468170552,0.020824200114273963,0.4795799389479406,0.016370200939667234,0.00891596662359772,0.8068562750819475,0.6234862126174727,6.158077107487247e-05,0.6506642203394832,0.42232666164773713,4.2458919720560174e-05,0.7195264062664772,0.5156691120633436
2022-01-17,2022-04-21,36,0,False,RD,94,960,50,True,0.01175074097207309,0.7052766899202636,0.4808573621994299,0.02344912003202199,0.7209741717773432,0.5075090196228256,0.02322257771256177,0.8038858099308025,0.617474209880883,0.00014186100017915532,0.6208832380470641,0.38464578911579195,0.0001894051435294451,0.6753635399258443,0.4138004301782192
2022-01-17,2022-04-22,37,0,False,RD,95,960,50,True,0.013479795754927493,0.7344260984691033,0.5053525167758957,0.027849537061353496,0.739000646830642,0.5259582501680009,0.025798545315068366,0.8178371459226431,0.5495843372767123,0.0001555810090712348,0.6700892053473524,0.4463231836569711,0.00011551963421687672,0.7107773957757761,0.4995442960018981
2022-01-17,2022-04-25,38,0,False,CO,98,960,50,True,0.0044992241886516165,0.771562665835832,0.5826063355511206,0.012296000469191017,0.7756492744384782,0.5738363837857816,0.005579174706021157,0.8961424248919359,0.7667242977946411,6.773788528531227e-05,0.667022589732442,0.43415302127171107,5.398369410898024e-05,0.7474363742804719,0.5557116393523487
2022-01-17,2022-04-27,39,0,False,CO,100,960,50,True,0.008142682389516228,0.6854317284148377,0.38736788786544424,0.017078245966718586,0.6454362794433177,0.19401335861271574,0.015337984386837799,0.7595061642051942,0.5635663454563911,6.954732166983369e-05,0.5759163516566194,0.234098182302223,8.495188283869983e-05,0.7608681183542196,0.5577936650904471
2022-01-17,2022-01-17,0,0,True,CO,0,1920,250,True,0.005467023389602838,0.8013037548765598,0.6359515785218364,0.010003897393220917,0.8027360815258536,0.6383880302261522,0.011775653072134787,0.8402493174305014,0.7032709341453653,4.52471739921681e-05,0.7391389467820746,0.5384633451928247,4.329591906348099e-05,0.8230906737678099,0.6636840045230032
2022-01-17,2022-01-19,1,0,False,RD,2,1920,250,True,0.017904252145206537,0.6714988474391954,0.41827641982912767,0.03231406860516288,0.7173846591929097,0.502876146875378,0.03905142077728614,0.6305892776406983,0.3236515439852846,0.0001818659408499576,0.6326884740031338,0.39582470900234346,6.96532575271623e-05,0.7053329789200398,0.45075327945350463
2022-01-17,2022-01-20,2,0,False,CO,3,1920,250,True,0.008746853927945197,0.6215181956916851,0.34280190961429857,0.01302139032135676,0.7266808371907093,0.45311117713912985,0.021799298752639543,0.546544172668255,0.19805121517341973,9.042375131253265e-05,0.5748866944254841,0.32587966386678946,7.630288647195146e-05,0.6379610784822919,0.39416558227785525
2022-01-17,2022-01-24,3,0,False,CO,7,1920,250,True,0.010186915973871814,0.6742129178104815,0.40073048953667945,0.01655005510966158,0.6725696285820881,0.3881156012724396,0.024084680699262548,0.6339780775306152,0.25527347896367825,6.029864386691895e-05,0.659110015550969,0.43265290953716706,5.2629442696208766e-05,0.7311939495782538,0.5268799683734329
2022-01-17,2022-01-26,4,0,False,RD,9,1920,250,True,0.018156601600121558,0.599708391845285,0.34931930473445183,0.033171305728822924,0.6271460886220434,0.36892150454531414,0.039232236688504674,0.5438888105562409,0.2880598180282703,0.00012163042345156186,0.5846339959894843,0.33100895643055384,0.00010123355970706765,0.643164672213371,0.40928693993366894
2022-01-17,2022-01-28,5,0,False,CO,11,1920,250,True,0.006586017787993211,0.7107145466678184,0.4745722039730727,0.012374697631714227,0.7634276224881308,0.5817844238630998,0.013891059346493317,0.6853593939627053,0.38992680167103777,5.4427415774430895e-05,0.6497298575838304,0.3824887851249307,2.3886757990870426e-05,0.744341312636607,0.5440888052332225
2022-01-17,2022-01-31,6,0,False,CO,14,1920,250,True,0.006474898353549059,0.7380056592495683,0.5263521064724708,0.008620390232357916,0.7808194175462873,0.6008904844686382,0.01720934572774337,0.6792553866700277,0.40867824003217956,3.6038574979056855e-05,0.6993275060600983,0.47509313237902795,3.381887911589117e-05,0.7926203267218597,0.6207465690100374
2022-01-17,2022-02-02,7,0,False,RD,16,1920,250,True,0.02304134748427711,0.6556123693129408,0.32555983531667054,0.03390734787168541,0.7160620278782304,0.3523779889818086,0.05798902169171577,0.6183999861967387,0.16594156140997496,0.00018454041639333064,0.5830363603326462,0.3096861128999173,8.447995731392823e-05,0.7049511028441477,0.47423367797498117
2022-01-17,2022-02-03,8,0,False,RD,17,1920,250,True,0.018925298227443356,0.6211736550473757,0.2895360591388243,0.04021601543316255,0.6535791182632633,0.2667922963601398,0.03521366293596674,0.6521717147050259,0.26334384545330436,0.0002195738807706334,0.47927933737664963,0.15439897513818746,5.1940659873497614e-05,0.6996644498445634,0.4736091196036657
2022-01-17,2022-02-07,9,0,False,CO,21,1920,250,True,0.0108706146835559,0.6545391320212891,0.39238456011185274,0.024004405254679822,0.6124556407466663,0.3373403461365956,0.019359954931998814,0.6719596467540168,0.3603118200290192,7.770788611911101e-05,0.6384134722132,0.4032249957030404,4.039066142584975e-05,0.6953277683712734,0.46866107857875605
2022-01-17,2022-02-09,10,0,False,RD,23,1920,250,True,0.016869898867276027,0.6516385869543162,0.3735162964599257,0.035668206270917796,0.6854247218681976,0.2880801409782917,0.03158696228809878,0.6498659319119797,0.39652582989257934,0.00016378363146530108,0.5641857744589804,0.31501155629532185,6.064327862223803e-05,0.7070779195781074,0.4944476586735097
2022-01-17,2022-02-10,11,0,False,RD,24,1920,250,True,0.01949507862244322,0.6592063112350299,0.40626200028819737,0.028927127906737942,0.7230038203995978,0.5067562498407708,0.04883754261721289,0.5674253141388355,0.2866412133959595,0.00012082545393168606,0.580408292533798,0.2504973871950321,9.48185118903581e-05,0.7659878178678884,0.5811531507210269
2022-01-17,2022-02-21,12,0,False,RD,35,1920,250,True,0.015667960453212348,0.6654254514226406,0.41473859049879824,0.03493142812384226,0.6108048714321516,0.3012462781351425,0.02755462152772343,0.712347753557588,0.48077590496084643,0.00012165456791500347,0.6424842741174477,0.4091185261462753,6.413759336869288e-05,0.6960649065833755,0.4678136527529285
2022-01-17,2022-02-24,13,0,False,RD,38,1920,250,True,0.018600446423012902,0.707593216927878,0.4491665318520887,0.03637553706447012,0.7063252629613446,0.39630260821964636,0.037758204920612756,0.7092716886890578,0.40219593730489833,0.0002039026335662249,0.6109094659729208,0.35994063327344494,6.414107340251396e-05,0.8038664500881889,0.6382269486103651
2022-01-17,2022-02-25,14,0,False,CO,39,1920,250,True,0.00833263904122649,0.7027270669108773,0.4938091941117301,0.01879635333222964,0.6185538335549099,0.38223996556557416,0.01444565997453779,0.7062075712361997,0.4890622863153429,5.7909336752449836e-05,0.7066846456731559,0.4986271092921414,3.063352138608391e-05,0.7794622171792436,0.6053074152738619
2022-01-17,2022-02-28,15,0,False,CO,42,1920,250,True,0.011402810544370173,0.5364767544761193,0.23508273999902654,0.020991481617365183,0.573071705085203,0.2605069342100478,0.024466883731657018,0.4146880920670455,0.03645184166601645,8.131162277388256e-05,0.5727846051728658,0.303742203231811,7.15652056846086e-05,0.5853626155793631,0.33962998088823093
2022-01-17,2022-03-07,16,0,False,CO,49,1920,250,True,0.008555025222118894,0.6645877261105141,0.40175221557738383,0.016856602463541256,0.6668047496099252,0.409346045635943,0.017278664809613136,0.63957877365931,0.3544721321181219,5.7945379677836915e-05,0.6180399273494431,0.30930800302081474,2.6888235643346e-05,0.7339274538233779,0.5338826815346556
2022-01-17,2022-03-14,17,0,False,CO,56,1920,250,True,0.009656288590191976,0.693108748829626,0.45811972093670417,0.012719486424643362,0.8134054213880122,0.6404122305187663,0.025781997136757502,0.5578761030534831,0.2174330258836441,7.141066801273762e-05,0.7112147749826188,0.5010695581400038,5.226013135429899e-05,0.6899386958943903,0.4735640692044024
2022-01-17,2022-03-16,18,0,False,CO,58,1920,250,True,0.008800058848068698,0.6862407132171502,0.38990392397030915,0.013157699188925965,0.7993578463548043,0.5390638705702029,0.021889736936073094,0.6402943373927197,0.22954944213549833,8.428066270161674e-05,0.656231112001062,0.42848405168910464,6.851860457411628e-05,0.6490795571200147,0.36251833148643076
2022-01-17,2022-03-18,19,0,False,CO,60,1920,250,True,0.011088543206013319,0.6602562505212827,0.4260023851419042,0.01900508112732716,0.6664963426322514,0.428158565496527,0.025238572123893615,0.5903169732485369,0.3196907413654553,6.660114249425017e-05,0.6577143308841605,0.4317111219634734,4.391843033825003e-05,0.726497355320182,0.5244491117421612
2022-01-17,2022-03-21,20,0,False,CO,63,1920,250,True,0.010283281595430285,0.6542331825903837,0.3841385875344662,0.025895792062353824,0.5909860001180811,0.24134221334916717,0.015094847255881963,0.724198602774017,0.47774461881495534,0.00011213982076014106,0.588452198730868,0.32620336799500027,3.0347242725214083e-05,0.7132959287385686,0.49126414997874224
2022-01-17,2022-03-23,21,0,False,RD,65,1920,250,True,0.016075256209408993,0.6591336117112037,0.4206279142523315,0.029239088621071822,0.7580994988554661,0.5262039666486561,0.03466151049202713,0.6907085667923566,0.46865713861222724,0.00015706425390112753,0.602492689179196,0.34977149065739277,0.0002433614706359007,0.5852336920177956,0.3378790610910497
2022-01-17,2022-03-28,22,0,False,CO,70,1920,250,True,0.007484045124706262,0.6997485712748831,0.36075768547759846,0.021654404429313847,0.654092211159306,0.0035064062995991963,0.00815838254542132,0.8186847470382472,0.6591704851017549,8.24071564496485e-05,0.5858066426098001,0.249972732086985,4.098636764023137e-05,0.7404106842921786,0.5303811184220546
2022-01-17,2022-03-31,23,0,False,RD,73,1920,250,True,0.012177243829262715,0.7470898832710045,0.5163246507111712,0.020386387048361817,0.7735733837834549,0.5594280042754076,0.028103054206649426,0.8136397471200736,0.5247088774545946,0.0001390274454897211,0.6489556078702203,0.4154306421908526,8.050661654989322e-05,0.7521907943102686,0.5657310789238297
2022-01-17,2022-04-01,24,0,False,CO,74,1920,250,True,0.007611555831129701,0.7132081497533125,0.49805075451673797,0.0194106542251313,0.6099133904695518,0.3711374093854187,0.010910697596181984,0.7797657530981925,0.5560579018412295,9.441517144430452e-05,0.6773324640893059,0.4545897396373513,3.0456331761218782e-05,0.7858209913561995,0.6104179672029523
2022-01-17,2022-04-04,25,0,False,CO,77,1920,250,True,0.007471613817675392,0.6760002787003393,0.4405058257891771,0.014792883910722508,0.5868843340615926,0.2898843106909951,0.014971670893732409,0.6953382897807137,0.4664233770167594,8.038952168987905e-05,0.6333660609297354,0.3947100202995214,4.151094455676974e-05,0.7884124300293157,0.6110055951494324
2022-01-17,2022-04-05,26,0,False,RD,78,1920,250,True,0.018470269526781408,0.6732712190845223,0.4455810235745804,0.043417759885023235,0.6880821517774961,0.46052437461411566,0.0300891468331797,0.6616906069656039,0.41202933445242407,0.00029377641368778405,0.6034273892663522,0.36235881502140577,8.039497523490098e-05,0.7398847283286369,0.5474115702103761
2022-01-17,2022-04-06,27,0,False,RD,79,1920,250,True,0.010945059544570902,0.730563344501493,0.4902626222492869,0.02568541701702951,0.7875047881823093,0.5806542009616715,0.017832676162895952,0.7694525763340786,0.5121859609596975,0.00019814806992673933,0.6309246752345522,0.3836862479725055,6.399692843141207e-05,0.7343713382550319,0.484524079103273
2022-01-17,2022-04-07,28,0,False,RD,80,1920,250,True,0.020409930312685738,0.6899006081473198,0.38453225608322406,0.0371364583067853,0.7278023316360153,0.3055642150517244,0.04419732326183279,0.6788422102066665,0.35038929042169364,0.0001992705996742219,0.5931069431167193,0.31763326843032536,0.00010666908245063367,0.759850947629878,0.5645422504291527
2022-01-17,2022-04-08,29,0,False,CO,81,1920,250,True,0.00780801305397148,0.6526390700182149,0.4136952227779521,0.018158846095339694,0.6479034098186924,0.41852729826957324,0.01292326560961827,0.6690646948824353,0.4467238949649248,0.00010688709106464502,0.6243355907382799,0.3608947637682952,4.3053419863311635e-05,0.6692525846334518,0.4286349341090152
2022-01-17,2022-04-11,30,0,False,CO,84,1920,250,True,0.00858901416280341,0.6721806789137585,0.406619477250044,0.018982270286989667,0.6455716110206285,0.3751355372281101,0.015273237581274501,0.6609941363103884,0.2800249005275872,7.737303741510111e-05,0.5889080325083915,0.3449542236677713,2.3175745534373932e-05,0.7932489358156256,0.6263632475767074
2022-01-17,2022-04-13,31,0,False,RD,86,1920,250,True,0.011584315366931218,0.7816963468903828,0.5903073727736122,0.028133287297304757,0.8099159408195249,0.6255572547671608,0.01790440989749195,0.8279509913515732,0.628085329244673,0.00022108254319148018,0.7113695375892075,0.5033057490459437,7.848172973667882e-05,0.7775489178012256,0.6042811580366716
2022-01-17,2022-04-14,32,0,False,RD,87,1920,250,True,0.011680350930539356,0.7508049886341368,0.5598794662860733,0.028175823376714038,0.7441197675940713,0.5423360864356155,0.01819295782230973,0.8278764137950921,0.6753870916656666,0.0001866752478039223,0.7085992231950856,0.5018089502686798,0.000165947275329738,0.7226245499522983,0.5199857367743317
2022-01-17,2022-04-15,33,0,False,CO,88,1920,250,True,0.005281552634284611,0.7959924036405945,0.6308423277564053,0.013205810487304391,0.779772657012503,0.5997037959300977,0.0078081595308476795,0.848642606188961,0.7162929986411226,7.806651702717686e-05,0.7046419467928878,0.4851005650048409,3.417400195919828e-05,0.8509124045680265,0.7222719514495597
2022-01-17,2022-04-18,34,0,False,CO,91,1920,250,True,0.005883545904290319,0.7300803463345232,0.5275868509469364,0.013250327047092867,0.7157504268814412,0.5093828459677088,0.010154904266826546,0.7853225785075595,0.6010471253042454,7.283027300121817e-05,0.6691959151682189,0.43906237651993985,5.612203024064644e-05,0.7500524647808736,0.5608550559958514
2022-01-17,2022-04-20,35,0,False,CO,93,1920,250,True,0.005117922925404821,0.7229563029609172,0.5144372916859833,0.012821934401203465,0.6427237574449873,0.39435672489645346,0.007550196126107048,0.8277144278192294,0.6811615544412661,5.8199476091314954e-05,0.6738920563117858,0.45404571821379647,4.136169821745676e-05,0.7474949702676656,0.5281851691924171
2022-01-17,2022-04-21,36,0,False,RD,94,1920,250,True,0.009966652860294457,0.7313845444634238,0.5317154973135745,0.020457339344878703,0.7633142401873629,0.5703440002819118,0.019097910135674894,0.8321559641196612,0.6854163540888398,0.00013296723876220036,0.6579556532201656,0.42322449314023247,0.00017839472186202479,0.6721123203265055,0.4478771417433136
2022-01-17,2022-04-22,37,0,False,RD,95,1920,250,True,0.009372742347923537,0.7711721233270731,0.5858092993366653,0.02230358943696639,0.7993050520161624,0.62035876786958,0.014926095286110793,0.8791260436028567,0.7394059619230622,0.00014921997428777488,0.6874101752734583,0.4689606347737767,0.00011206469432919289,0.7188472224158149,0.514511832780242
2022-01-17,2022-04-25,38,0,False,CO,98,1920,250,True,0.004074402936363128,0.7849306642149327,0.5985767541687057,0.01144860781466429,0.7916201273761334,0.6032059270703092,0.00472716543082475,0.9132324981090784,0.802348394982783,6.895073987610322e-05,0.6771614577369289,0.4240214663383802,5.288776008736829e-05,0.75770857363759,0.5647312282833508
2022-01-17,2022-04-27,39,0,False,CO,100,1920,250,True,0.0064703197073994355,0.7134529832711006,0.45459915422872715,0.014074147905252174,0.6694326302382845,0.3357880415443134,0.011658016136299876,0.8200798093894693,0.6682777567918303,7.050971959783622e-05,0.5950592252097942,0.22349960992433915,7.860506844785757e-05,0.7692402682468545,0.5908312086544258
2022-01-17,2022-01-17,0,0,True,CO,0,3840,250,True,0.005181532709231519,0.8052964203691344,0.6429382103395394,0.009432339609885924,0.8147906340167195,0.6590481917359452,0.011204586482452955,0.8483288981850848,0.7176609687921964,4.605460038135499e-05,0.7357418709244677,0.5302273197841914,4.315014420583998e-05,0.8223242783502653,0.6648163610458242
2022-01-17,2022-01-19,1,0,False,RD,2,3840,250,True,0.014766665985372478,0.7100832071856809,0.4906364947205821,0.026312467687018597,0.7742151119031341,0.5952055594850754,0.032514402934079555,0.6903560914332768,0.4368689849180618,0.00017998787243917914,0.6377796377954812,0.4020638240521027,5.980544795258582e-05,0.7379819876108311,0.5284076104270883
2022-01-17,2022-01-20,2,0,False,CO,3,3840,250,True,0.006943727061441815,0.668175587435381,0.43476319607816855,0.012618488185726487,0.7097624725685852,0.47003277070518557,0.015002587854307817,0.6828543606523574,0.44808742540127033,8.734440808459117e-05,0.5911048313564249,0.3488365514296009,6.648779764836831e-05,0.6889806851641567,0.4720960367766174
2022-01-17,2022-01-24,3,0,False,CO,7,3840,250,True,0.009208020736850958,0.7051054380833881,0.4426337724293577,0.016934720995825717,0.6797652060710095,0.3738938326494975,0.01978994210838657,0.7211317650056157,0.3880718236658953,6.144481918746956e-05,0.6517247134753736,0.4218686001137266,4.59750240040824e-05,0.7678000677815536,0.5867008332883115
2022-01-17,2022-01-26,4,0,False,RD,9,3840,250,True,0.01618789853626193,0.6488446987997369,0.4078922401253635,0.028468528208262903,0.6974406913282236,0.4583910535101703,0.036075557877521036,0.602065123872851,0.34534348770434786,0.00011546362153137327,0.615253535617085,0.3649275693482832,9.204443773240271e-05,0.6806194443807883,0.4629068499386525
2022-01-17,2022-01-28,5,0,False,CO,11,3840,250,True,0.005726057837701824,0.7524892885552357,0.5489445730860172,0.011492843737115012,0.7829797974743729,0.6115875791057133,0.011344443239386439,0.7300405631398288,0.5017701243886059,4.6525735761755645e-05,0.7102187522232659,0.4721380171296844,2.041863854409034e-05,0.7867180413834747,0.6102825717200653
2022-01-17,2022-01-31,6,0,False,CO,14,3840,250,True,0.005297738511741113,0.7745212628228507,0.5856471776464569,0.008092754896377272,0.8180720770284857,0.6253191098143915,0.013033463618764193,0.7463078197651871,0.5521636459949949,3.2508845373773365e-05,0.7345748388649607,0.5265041360531486,3.222668644920806e-05,0.7991303156327692,0.6386018187232925
2022-01-17,2022-02-02,7,0,False,RD,16,3840,250,True,0.0192350958119364,0.6834594336892881,0.4085852148612372,0.028693843282741875,0.7270198462347798,0.45195464531958285,0.04799235441262621,0.671238095280884,0.30972403020600503,0.00018309729304717448,0.5868866375170957,0.31508443217392734,7.108825933034822e-05,0.7486931557243928,0.5575777517454338
2022-01-17,2022-02-03,8,0,False,RD,17,3840,250,True,0.014239843695848525,0.6941916110959068,0.446647363776885,0.029808733232873922,0.7082882951661467,0.456535099097212,0.026939917896345197,0.706600271695796,0.43642737884403704,0.00016379735816088035,0.6090546575127962,0.3691999547287582,4.692629601409532e-05,0.7528232200088882,0.5244270224375327
2022-01-17,2022-02-07,9,0,False,CO,21,3840,250,True,0.008846049231657594,0.7020750719790614,0.4769820927379121,0.018492645033888328,0.7022057851638945,0.48949663084086703,0.016784257700919958,0.7011004792510687,0.44541754882293516,7.021910332193637e-05,0.680225226024382,0.4607367697218653,3.707508850015762e-05,0.7247687974769008,0.5122774215659809
2022-01-17,2022-02-09,10,0,False,RD,23,3840,250,True,0.0145300121993236,0.6958261251194917,0.4508008485229756,0.02916200144935537,0.738495282223344,0.4179407900995714,0.028754015503695027,0.684828970488838,0.4506497495681564,0.00015298263047379312,0.6010930192699633,0.36018432962702795,5.10492137702047e-05,0.7588872284958221,0.5744285247971466
2022-01-17,2022-02-10,11,0,False,RD,24,3840,250,True,0.017845760385489875,0.6945305621381284,0.46379243924610447,0.02744610396480622,0.7390348848106996,0.5320095624250406,0.04374376041824787,0.6240515780558484,0.3610449219764613,0.00010334289030214456,0.6349689166022725,0.35894495922963776,8.983426860326677e-05,0.7800668690836927,0.6031703133532783
2022-01-17,2022-02-21,12,0,False,RD,35,3840,250,True,0.01471072967968227,0.6974899513285053,0.4568097262893941,0.034605860713013574,0.6423406240227478,0.30775879286050467,0.024066500390893267,0.7452944146184407,0.5465041363878458,0.00011282861282670236,0.6762466495399728,0.451986569986485,5.772900199553607e-05,0.7260781171328603,0.520989405922741
2022-01-17,2022-02-24,13,0,False,RD,38,3840,250,True,0.015142297900427934,0.7354272943048363,0.5167270045492846,0.028859453328868447,0.7474933429197248,0.5210413891081195,0.031452255903891675,0.7551111527131804,0.5020344213978245,0.00019834368802274823,0.6227255145878503,0.3773904086980937,5.9138680928866544e-05,0.8163791669985894,0.6664417989931003
2022-01-17,2022-02-25,14,0,False,CO,39,3840,250,True,0.007305931363692389,0.7380506354445074,0.539348476235731,0.01759455589547142,0.6555605412719424,0.42173818167124544,0.011544674987883976,0.7792876810138563,0.5916690650382956,5.50446689342414e-05,0.7263171193257747,0.523429099186667,2.9449902479914878e-05,0.7910372001664565,0.6205575590467161
2022-01-17,2022-02-28,15,0,False,CO,42,3840,250,True,0.009658604914396962,0.603530407339377,0.323245415068265,0.016867951980916552,0.6722696950580986,0.40577164816957023,0.021624504101522116,0.5142581971492708,0.1483896629243444,7.340696888194957e-05,0.6141626101723756,0.37142842957017086,6.855660626723067e-05,0.6134311269777633,0.36739191960897444
2022-01-17,2022-03-07,16,0,False,CO,49,3840,250,True,0.006018245924937303,0.7494252417464284,0.5499238633611245,0.013256762635262622,0.7370519552626118,0.5354841351025978,0.010747539372329754,0.7832492017130588,0.5984738258168745,4.733675704146176e-05,0.6821630588936474,0.43575968553035405,2.1344935115374034e-05,0.795236751116396,0.629977806994672
2022-01-17,2022-03-14,17,0,False,CO,56,3840,250,True,0.008687568731232276,0.7184120114531991,0.5038906365413808,0.012097905463374501,0.8213978896712045,0.6579847097803209,0.022537161055002614,0.6057220873439382,0.3159242925040333,6.550612729797908e-05,0.7378835951690459,0.5423232698020952,4.970227925401191e-05,0.7086444736286082,0.4993302740790738
2022-01-17,2022-03-16,18,0,False,CO,58,3840,250,True,0.007045330778368376,0.7228826156431025,0.452245007121334,0.010272849973129206,0.8454873640084758,0.6401249460990536,0.017756619705017886,0.7303347674645242,0.37502229481004146,8.191435978313234e-05,0.6748879955734511,0.44453019813715,6.99390755432763e-05,0.640820335525959,0.34930258943909076
2022-01-17,2022-03-18,19,0,False,CO,60,3840,250,True,0.010522700547817766,0.6938711745315568,0.45427704761338306,0.018255795494109765,0.694472369232738,0.45070372426124194,0.023729566123858778,0.6567040519359968,0.3603662101724603,6.437155757121286e-05,0.676675410531479,0.45073554507317337,4.106901573130636e-05,0.7476328664260135,0.5553027109466566
2022-01-17,2022-03-21,20,0,False,CO,63,3840,250,True,0.008265665005854232,0.7137214434553483,0.48888462715137165,0.0186496536128552,0.687538879477384,0.45362918818373554,0.01429218032158546,0.758784469204307,0.5055154944408948,9.501387006145121e-05,0.6551134119755511,0.4291053329031024,2.5812218914813732e-05,0.7534490131641511,0.567288493077754
2022-01-17,2022-03-23,21,0,False,RD,65,3840,250,True,0.014809112454774166,0.7033473205707642,0.4655292581462358,0.026652450369487848,0.8016895561754067,0.5681183696315224,0.03221108967707911,0.7521439905042502,0.5062208105046604,0.00013926228183397407,0.6518058554753843,0.42346967132599134,0.00023364749069572488,0.6077498801280153,0.36430818112276897
2022-01-17,2022-03-28,22,0,False,CO,70,3840,250,True,0.005422624579058379,0.7415620168679244,0.4888100236826371,0.014496914213087903,0.7303647474561374,0.33288019123672896,0.007084866806194158,0.8516062312899644,0.7040183267663712,6.960336984567267e-05,0.6334479927767486,0.366506168007552,3.911392710578573e-05,0.7508290959488475,0.551835408719896
2022-01-17,2022-03-31,23,0,False,RD,73,3840,250,True,0.009712299944812673,0.7810903639932028,0.5943785042577943,0.018515113923150816,0.7889906891532172,0.5998682516504938,0.020143213578899574,0.838934335722697,0.659329177420091,0.00012435520929376983,0.6938605320766251,0.47712306314039454,6.651706790652994e-05,0.8025758990202718,0.6411935248201978
2022-01-17,2022-04-01,24,0,False,CO,74,3840,250,True,0.006675326394427943,0.7633180118378253,0.5649893691144201,0.017821369363541773,0.6774828642984397,0.4226267504293558,0.008773053274669752,0.8248115649413517,0.6430358697340803,8.004357527283252e-05,0.7343889173110774,0.5376104649064175,2.6839364227416018e-05,0.8165887008004324,0.6566843913878264
2022-01-17,2022-04-04,25,0,False,CO,77,3840,250,True,0.006197355143421018,0.7228195721852834,0.5025977332611168,0.012139654126692427,0.6685062886594418,0.4172496106793244,0.012531315211158632,0.7718464246825018,0.5533954159580363,8.131703186571629e-05,0.6292282122571198,0.38772636616521405,3.7134203967296416e-05,0.82169736314207,0.6520195402418922
2022-01-17,2022-04-05,26,0,False,RD,78,3840,250,True,0.014526653708268044,0.7511383369679737,0.5512743559347706,0.03671667329756621,0.746633823578476,0.5437869125042923,0.021072109913220814,0.7784024626150242,0.5882308475258682,0.000249296481844362,0.6953977796817875,0.45890242821476845,6.853514044079012e-05,0.7841192819966074,0.6141772354941536
2022-01-17,2022-04-06,27,0,False,RD,79,3840,250,True,0.008923187461792954,0.7710641685189108,0.58491132336615,0.02204738821203697,0.8044282795200619,0.6400494638512162,0.013426201536070862,0.8135218039535084,0.6327253665993657,0.00016830170148206204,0.6904238948571229,0.47651948791945575,5.085839758191793e-05,0.7758826957449496,0.5903509750945626
2022-01-17,2022-04-07,28,0,False,RD,80,3840,250,True,0.013885893714325751,0.7429015799501382,0.531643186014489,0.024167838312149095,0.7824625798362238,0.5480718266088989,0.0311113041708001,0.7406643268459104,0.542727140768889,0.00017518553012715461,0.6503997353087437,0.40010830595883773,8.924684422665511e-05,0.7980796778096744,0.6356654707213305
2022-01-17,2022-04-08,29,0,False,CO,81,3840,250,True,0.006507109491733824,0.7152476410610615,0.5091424984147292,0.015035037533585661,0.7229909756459856,0.5185561984846547,0.010864120298842,0.73303277493042,0.5348808617612753,9.583605661327735e-05,0.6581849253593077,0.42697172323362953,3.344407789435656e-05,0.7467818883085331,0.5561612101793572
2022-01-17,2022-04-11,30,0,False,CO,84,3840,250,True,0.006027320164782431,0.7506366721834232,0.5527814372999271,0.014930143331923459,0.7209156524221614,0.5085247522471574,0.009094951640880117,0.7826231450505456,0.5712671476827098,6.381633191584502e-05,0.679351906080092,0.4597262808978061,2.036935441030116e-05,0.819655985180894,0.6716075683720353
2022-01-17,2022-04-13,31,0,False,RD,86,3840,250,True,0.008901739701012287,0.8231617808287753,0.6623747964391664,0.02063772379282924,0.8649182645519139,0.7253201920315799,0.014713672500152883,0.8573179164300546,0.694364087125674,0.00018544112627433452,0.7642686325287487,0.5833794021849452,7.012138479269196e-05,0.8061423098043838,0.6464355044144666
2022-01-17,2022-04-14,32,0,False,RD,87,3840,250,True,0.009829719385691727,0.7900760813218886,0.6189211052053354,0.023349060144741297,0.791597936899844,0.6207378893237959,0.01565825371395277,0.8547969823723418,0.7206132544709116,0.00015885284932699043,0.7630720995064028,0.5760601971068507,0.00015271083474585606,0.7508373065089656,0.5582730799197833
2022-01-17,2022-04-15,33,0,False,CO,88,3840,250,True,0.004365820619625475,0.8342696495232328,0.6937501159779116,0.010636287061162888,0.8248279386367035,0.6775915162439676,0.006734238953906852,0.875088169894387,0.755313562370358,6.263988671055852e-05,0.7675089253000356,0.5868492216170063,3.011657672160233e-05,0.8696535642618052,0.7552461636803144
2022-01-17,2022-04-18,34,0,False,CO,91,3840,250,True,0.004467119446423299,0.7899444268912115,0.6136706521147752,0.010411628879290901,0.7989520946873685,0.6144907434025304,0.007344486098353645,0.8457986812357263,0.711459235349654,6.473294323086497e-05,0.7202050094011669,0.501427883756749,4.762986481778213e-05,0.7948219222405843,0.6273047459501675
2022-01-17,2022-04-20,35,0,False,CO,93,3840,250,True,0.004935402778599649,0.7551590743713237,0.5546322973237334,0.012713124243895582,0.6831388645524955,0.39949636591897275,0.006941804767627808,0.8436214972697155,0.7068534108896236,4.982776043550981e-05,0.7306990102804823,0.5325786246099329,3.685434243970207e-05,0.7631769253826014,0.5796007878764042
2022-01-17,2022-04-21,36,0,False,RD,94,3840,250,True,0.00939105264212577,0.7687505064834703,0.5772487132740454,0.0198436369494652,0.7892724271833846,0.5832333067447674,0.017449789478259627,0.8542811454012927,0.7125644452479185,0.000119683171911569,0.7017595153260501,0.480847141111697,0.00015110096886668335,0.7296889380231537,0.5323499599917989
2022-01-17,2022-04-22,37,0,False,RD,95,3840,250,True,0.007464933722719127,0.810656416055304,0.6553318844344358,0.017430092723163756,0.8414272950240086,0.7033131417581642,0.012205692002223989,0.8971254012421253,0.7869013626529167,0.00013098923671618154,0.7309735703888545,0.5338396119605322,9.296092877257994e-05,0.7730993975662277,0.59727342136613
2022-01-17,2022-04-25,38,0,False,CO,98,3840,250,True,0.0032849793487098942,0.8206823654307067,0.665673221619073,0.008979745110479286,0.8375144298504,0.6887735440029976,0.004056942329535905,0.9208894899061135,0.8303716731243828,5.5617275166831e-05,0.7380173689801693,0.5354022791574348,4.761267965755556e-05,0.7863081729861439,0.6081453901914766
2022-01-17,2022-04-27,39,0,False,CO,100,3840,250,True,0.005208328801868585,0.7542128310128284,0.5323179697664129,0.011860005840968345,0.713537392846427,0.44028173073371424,0.00883849190346982,0.8696452333090868,0.7485057211692268,6.160184419371626e-05,0.6399477622201895,0.3215991168504282,7.321561884245862e-05,0.7937209356756105,0.6188853103122823
2022-01-17,2022-01-17,0,0,True,CO,0,9600,500,True,0.0053680808326846624,0.7987408252115137,0.6312261728898285,0.009560838940971948,0.8137340554069395,0.6544033124052029,0.011819380380421976,0.8391608311319334,0.7021690705577655,4.777724693751898e-05,0.7248084473887366,0.512655735554762,4.4326762407206603e-05,0.8172599669184454,0.6556765730415837
2022-01-17,2022-01-19,1,0,False,RD,2,9600,500,True,0.012926331181838337,0.7366259510760274,0.5359315570258947,0.02329120646418711,0.801764841583174,0.6416850368527142,0.02818700851165077,0.7303469579112566,0.5118170016078607,0.00017116479579636825,0.6575018243272336,0.4313748917168436,5.594495571910552e-05,0.7568901804824452,0.5588492979261603
2022-01-17,2022-01-20,2,0,False,CO,3,9600,500,True,0.005821975102108052,0.7043395974201118,0.4917038624982413,0.011020897620190859,0.7461443157429728,0.5371304002391397,0.01212004874265453,0.7534533388618452,0.5541297694250908,8.736719801653635e-05,0.5906552135688339,0.34866664964649274,5.958684757028597e-05,0.7271055215067953,0.5268886306822418
2022-01-17,2022-01-24,3,0,False,CO,7,9600,500,True,0.0073895194185619045,0.734860928981985,0.5096476540773858,0.014593382857090444,0.7274869889276248,0.4604571866531708,0.01486035100273284,0.7724902766380746,0.540500551290983,5.80796571871179e-05,0.6747827523602072,0.4535312503393154,4.626415723721634e-05,0.7646836980020335,0.5841016280260738
2022-01-17,2022-01-26,4,0,False,RD,9,9600,500,True,0.014765641056658686,0.6863414123392062,0.44917053373275556,0.025072673901506557,0.7479376891584577,0.5229966088118113,0.03379243374177904,0.6418252511889049,0.3867749213890981,0.00011673038772949905,0.6261488226619024,0.35796010827403835,8.072619561965314e-05,0.7294538863475597,0.5289504964560745
2022-01-17,2022-01-28,5,0,False,CO,11,9600,500,True,0.005339286239990806,0.7713513492371953,0.5763823557825183,0.010951152502301439,0.79860185549859,0.6298945889897589,0.01034274796540022,0.774574032454354,0.5457629851423142,4.3533007338313644e-05,0.7188752101110505,0.5060922906930271,1.9711484923252755e-05,0.7933542988847864,0.623779558304973
2022-01-17,2022-01-31,6,0,False,CO,14,9600,500,True,0.005109841668802668,0.7873651856428266,0.606471545800938,0.007881768680917165,0.8128333976220161,0.6350874154207894,0.012497152597150327,0.7704794661745931,0.5705915619778552,3.0422651796215174e-05,0.7504446787232927,0.556889836283622,3.0022745346961642e-05,0.815703200051405,0.6633173695214855
2022-01-17,2022-02-02,7,0,False,RD,16,9600,500,True,0.015163726798356064,0.721879377218078,0.4914760443435044,0.025188375239516166,0.7443857820644015,0.5189082234143652,0.03523170067828358,0.755806139786778,0.49326102770245095,0.00016723652143229087,0.6237232586121156,0.37441512579575364,6.759475419222563e-05,0.7636023284090169,0.5793198004614479
2022-01-17,2022-02-03,8,0,False,RD,17,9600,500,True,0.011433409323350888,0.7338005564964247,0.5220391937718605,0.024069066008384803,0.7582600408496202,0.5611791862847849,0.02147030979184903,0.7541607852993437,0.5508494564467676,0.00015037556151355737,0.6498924846224833,0.4208886390141119,4.38859316561596e-05,0.7728889152142517,0.5552394933417775
2022-01-17,2022-02-07,9,0,False,CO,21,9600,500,True,0.007247218481207842,0.7473049585762617,0.5510553918912529,0.016739702966234657,0.7401680178356467,0.5378879145019159,0.01215137874582801,0.7838826536092011,0.598496309451158,6.47079014448363e-05,0.711885045945388,0.503061270980933,3.308431132386997e-05,0.7532841169148109,0.5647760726310045
2022-01-17,2022-02-09,10,0,False,RD,23,9600,500,True,0.012291403506085404,0.7199658391072952,0.502212570708853,0.024293448909471722,0.7633273603864675,0.515114704916246,0.024673440440856495,0.7312945728299469,0.5286098150897256,0.00014967748696036987,0.6135942987369554,0.3740073538891322,4.904718705302855e-05,0.7716471244758105,0.5911184089403078
2022-01-17,2022-02-10,11,0,False,RD,24,9600,500,True,0.01544400449493487,0.733942898462528,0.5313276562559246,0.022291317130714014,0.7875105293921507,0.6199051322001106,0.03931261463670525,0.6737249382584631,0.4257696523496223,8.970531728939752e-05,0.6717281929597592,0.44354134412012236,8.238089503081787e-05,0.8028079332397392,0.6360944963538432
2022-01-17,2022-02-21,12,0,False,RD,35,9600,500,True,0.012711022410247737,0.7263778590437023,0.5109551143320505,0.02943783948894163,0.6801294363052727,0.4111377343739797,0.021244546542299445,0.7774270674829296,0.5996794787457214,0.0001089223878794161,0.6944063105599173,0.4709592727268318,5.2781221870458104e-05,0.7535486218266899,0.5620439714816696
2022-01-17,2022-02-24,13,0,False,RD,38,9600,500,True,0.012704084300051427,0.7689949775970019,0.5810430525765427,0.025479054412902137,0.7689852334974181,0.5771433239092221,0.025108397391207366,0.7986300335926134,0.6024731048579925,0.00017412713061833445,0.6752135872397033,0.4534072512737545,5.4758265477873585e-05,0.8331510560582728,0.6911485302652014
2022-01-17,2022-02-25,14,0,False,CO,39,9600,500,True,0.006278049842554792,0.7702054929351279,0.5911805880009782,0.015117731565224668,0.7117117540826581,0.5031413696458864,0.009915842548287016,0.8069936999835201,0.6492802731194759,5.331551428702103e-05,0.740073197067667,0.538399936577947,2.5309742420466827e-05,0.8220433206066666,0.6739007726606037
2022-01-17,2022-02-28,15,0,False,CO,42,9600,500,True,0.007643286704157063,0.6740350663581797,0.42440195115106927,0.013457760989621623,0.7405344576485813,0.5259066932821456,0.016984791612194357,0.6544319013995794,0.3311095578370986,6.868316164225997e-05,0.6430351036818867,0.4118775991828616,6.191105317001388e-05,0.658138802702671,0.4287139543021713
2022-01-17,2022-03-07,16,0,False,CO,49,9600,500,True,0.00503540165198022,0.7884200322754327,0.6142610722787644,0.011149224538445883,0.7882264582661864,0.6093320954819277,0.008932105825968853,0.8165550781799638,0.6662981027142182,4.179081595389226e-05,0.7197419793204627,0.5018656830438608,1.8485427552251846e-05,0.8291566133351178,0.679548407875051
2022-01-17,2022-03-14,17,0,False,CO,56,9600,500,True,0.00705932941008819,0.7641805807931441,0.575220626440224,0.009682406984266374,0.8611495201224367,0.7262723498068056,0.018450423430702034,0.6783405810825861,0.43996999306369866,6.064256401950627e-05,0.764918632664123,0.5763039038315887,4.384466136484135e-05,0.7523135893034307,0.558336259058803
2022-01-17,2022-03-16,18,0,False,CO,58,9600,500,True,0.0053326474453630245,0.749424250591225,0.5412506307029162,0.007351599962604762,0.8634374328461905,0.7424612021278558,0.013839861807392991,0.7617243901630784,0.5128799728652008,8.089721630840494e-05,0.6735217420756329,0.4514275539349457,5.823079514593815e-05,0.6990134372799982,0.4582337938836626
2022-01-17,2022-03-18,19,0,False,CO,60,9600,500,True,0.007281761758416044,0.7647531519364079,0.573588361713783,0.012964904351914391,0.7946286304611099,0.6099006653468719,0.016068136174550125,0.7688492657222978,0.5668811311952815,5.9023640944153845e-05,0.7056733011843774,0.49636781842473976,3.49828662555089e-05,0.7898614103778463,0.6212038318882388
2022-01-17,2022-03-21,20,0,False,CO,63,9600,500,True,0.007814312714114568,0.7421543163220516,0.5318826796536527,0.01881965378323419,0.6926740327210715,0.44864876693693834,0.012329746083557204,0.7877894467701767,0.5734122954921717,8.493171366796328e-05,0.7016381602816364,0.4896843758802645,2.2919275998909608e-05,0.786515625515322,0.6157852803052362
2022-01-17,2022-03-23,21,0,False,RD,65,9600,500,True,0.011780276494758157,0.7567623981568428,0.5580112628821927,0.019769112017254415,0.8316891339008364,0.6796573594327655,0.027036195096843418,0.8035639328858427,0.5855492429535286,0.00012257829493934037,0.7024114309688863,0.4925395179584299,0.00019322056999545795,0.6893850948718059,0.474298931184047
2022-01-17,2022-03-28,22,0,False,CO,70,9600,500,True,0.004734722046204062,0.7756733375284337,0.5494777359704303,0.013392536818555295,0.7585848649389024,0.38370149192276937,0.005450512814143426,0.8822119962085038,0.7722960858909765,5.942195856275073e-05,0.694313457000207,0.4591721016112015,3.6416593554776494e-05,0.7675830319661214,0.5827412644567737
2022-01-17,2022-03-31,23,0,False,RD,73,9600,500,True,0.007879737200734547,0.8146257558796414,0.6580210060732241,0.015447177205655789,0.8248735035502021,0.6661697007094705,0.015905997335044903,0.8624236225064563,0.7309908285061428,0.00010856967341618865,0.7394671684178324,0.543496580528464,5.7204588821308616e-05,0.8317387290440746,0.6914269145488192
2022-01-17,2022-04-01,24,0,False,CO,74,9600,500,True,0.004456933273730136,0.819666699445853,0.6665820753888618,0.011222709169861494,0.798201446200167,0.636408856681626,0.00651429202339912,0.8618840422180982,0.7349419280121242,6.494497268344149e-05,0.7906746772554172,0.6248309046240926,2.578692897648845e-05,0.8279066321097295,0.6701466122376044
2022-01-17,2022-04-04,25,0,False,CO,77,9600,500,True,0.004852859818633906,0.7748137535405397,0.5901178436617247,0.01119546738041689,0.6999210631286963,0.46257422934153714,0.00811551914512625,0.8538633142299257,0.7107703388654454,6.976026987800312e-05,0.6911189070156643,0.4747425852183853,3.069247911447885e-05,0.8543517297878724,0.7123842212215311
2022-01-17,2022-04-05,26,0,False,RD,78,9600,500,True,0.014299025885013989,0.7696086500134629,0.5710531733834937,0.0359658228156184,0.7687632516961526,0.5531164019665024,0.020937547231812046,0.7897193135710936,0.5908603308337342,0.000227864330907697,0.7207881652321413,0.5054208738188426,6.4869161717818e-05,0.7991638695544641,0.6348150869148956
2022-01-17,2022-04-06,27,0,False,RD,79,9600,500,True,0.0087463821254649,0.784020995664198,0.5999506445164153,0.021136605955219816,0.8122159574598513,0.654919096412825,0.013641458314720354,0.8082005482067338,0.6268370031442891,0.00015959866659757288,0.7101143896993913,0.503589143887686,4.786556532185301e-05,0.8055530872908158,0.6144573346208608
2022-01-17,2022-04-07,28,0,False,RD,80,9600,500,True,0.011498049620373152,0.7736320221632114,0.5853210201648776,0.019425417740002362,0.827234175915697,0.6367530499330907,0.026318629765363553,0.7866587220625783,0.6131697013477106,0.00015865306852126998,0.6795491379410886,0.45672078070047906,8.949790760543e-05,0.8010860527334819,0.63464054867823
2022-01-17,2022-04-08,29,0,False,CO,81,9600,500,True,0.0057722398071897215,0.7506520787124726,0.560185552223078,0.013533588766464188,0.7620329631117091,0.5666347749836318,0.00943690249128174,0.7733652554070614,0.5959834911938806,8.918503975373036e-05,0.6840015969120594,0.46673985293818865,2.928293125922909e-05,0.7832084994190608,0.6113840897766106
2022-01-17,2022-04-11,30,0,False,CO,84,9600,500,True,0.004847067324090699,0.7835927272693068,0.6102096851573496,0.012013556774689843,0.7787126807696318,0.6045338841718362,0.007294907065734842,0.8222921850401819,0.6561206219476503,6.097310793168103e-05,0.696659733676037,0.48379722245851065,1.8832348006429692e-05,0.8367063095913767,0.6963870120514014
2022-01-17,2022-04-13,31,0,False,RD,86,9600,500,True,0.007532813381473779,0.849537734169469,0.713308388645126,0.018110677297079544,0.8748853321087745,0.7589541650970095,0.011804290369596309,0.879432966671106,0.7547984663307074,0.00015382858952552327,0.8147692156558541,0.6544015870872106,6.245726969373698e-05,0.8290634222421416,0.6850793360655766
2022-01-17,2022-04-14,32,0,False,RD,87,9600,500,True,0.008248621841710654,0.8176832053038399,0.6664416899596666,0.01954972515248569,0.8277799722426848,0.6824510289275478,0.0131638599296389,0.8771051297116996,0.7651201691114915,0.00013728132393458494,0.7975655104287858,0.6336293767703289,0.00014362096078344183,0.7682822088321888,0.5845661850292985
2022-01-17,2022-04-15,33,0,False,CO,88,9600,500,True,0.003613928671290223,0.8543304491162058,0.7284117833234587,0.00866968955163872,0.8589254304396685,0.7372032696272722,0.005699286871293328,0.891633048731943,0.7929182182112627,5.7755616702760885e-05,0.7911089002627831,0.619064157842524,2.8982645526081094e-05,0.8756544170304289,0.7644614876127758
2022-01-17,2022-04-18,34,0,False,CO,91,9600,500,True,0.003684950677466664,0.8179771773798103,0.6639066869402135,0.00882685854642008,0.8306729694715388,0.6731697109287302,0.005811155117995045,0.8788761285780945,0.7716987793572205,5.893515662797278e-05,0.7441723679639609,0.5460823454860972,4.285388882355809e-05,0.8181872435056474,0.6646759119888059
2022-01-17,2022-04-20,35,0,False,CO,93,9600,500,True,0.00424608121525329,0.7908088474320563,0.6170356711028406,0.011245610966834825,0.7064526883864819,0.4688142644174703,0.005664537648981813,0.8777955679986342,0.7607913293053071,4.178492914205999e-05,0.7814059630448955,0.6080263515869504,3.239131605445858e-05,0.7975811702982134,0.6305107391016349
2022-01-17,2022-04-21,36,0,False,RD,94,9600,500,True,0.00699316896804684,0.812394950118696,0.657929266509035,0.014336766789306893,0.8438639200989783,0.698891543824989,0.013402429794524506,0.8859212436027054,0.779233162221554,9.961633274716802e-05,0.7542472341531674,0.567891599866082,0.00013386295560879126,0.7655474026199327,0.5857007601235154
2022-01-17,2022-04-22,37,0,False,RD,95,9600,500,True,0.007080778180382477,0.8239561215354162,0.6741967420820467,0.01611079027878515,0.8533322183366718,0.7257696888064357,0.012000385176551621,0.9051603149265237,0.7904858054506593,0.00012759661910333875,0.7390739046409847,0.5459131531347511,8.434064708980169e-05,0.7982580482374845,0.6346183209363407
2022-01-17,2022-04-25,38,0,False,CO,98,9600,500,True,0.002605938446773067,0.8483221906429305,0.7204928070144622,0.007428099154701854,0.8639622636332497,0.7425516040522897,0.0029065987065526196,0.9394285529725966,0.878469685925322,4.95463781357021e-05,0.7675210235989187,0.5861153879113581,3.950954770209107e-05,0.8223769223669567,0.6748345501688786
2022-01-17,2022-04-27,39,0,False,CO,100,9600,500,True,0.00424888270039102,0.784700565189353,0.5869189804647925,0.010858529895666982,0.7412670329623727,0.4875451461428023,0.006015631574537311,0.9146602328437268,0.8288286122708381,5.801752992538593e-05,0.6634580172831671,0.3610719929785253,6.335180143440287e-05,0.8194169776681455,0.6702301704670044
2022-02-21,2022-02-21,0,0,True,RD,0,960,50,True,0.013645163241919056,0.7067357408864157,0.46900927500594225,0.031875676604702315,0.6747878499627997,0.36237225728272415,0.022525479690134784,0.7622283453800986,0.5755422807870672,0.00012425681537086764,0.6471482574240467,0.3964792982207985,5.5239857468260774e-05,0.7427785107787175,0.5416432637331792
2022-02-21,2022-02-24,1,0,False,RD,3,960,50,True,0.02016081390890085,0.6596957478785309,0.40550522130788713,0.0367215768310056,0.6864679332732981,0.3905596468404233,0.04363903529963471,0.6013990880023706,0.3090881134559712,0.0002065222932295855,0.5936598610725285,0.35171740596223355,7.612121173350749e-05,0.7572561091659266,0.5706557189729204
2022-02-21,2022-02-25,2,0,False,CO,4,960,50,True,0.010310186591749789,0.6197745887351969,0.37456273375606164,0.02178661296612203,0.543778500556243,0.28396223787284236,0.01934793912280628,0.591799963249959,0.31567046453113856,6.314081361014858e-05,0.6752510232146774,0.45333353796308073,4.30534644606964e-05,0.6682688679199079,0.445284694657185
2022-02-21,2022-02-28,3,0,False,CO,7,960,50,True,0.016188831990017798,0.44893096638743685,0.03315205265864901,0.025670234767386335,0.4771610230142814,0.0956826700608544,0.03892388810815018,0.24065997844058706,-0.5328899713239501,8.626508959728535e-05,0.5222010289256916,0.2613264970981667,7.493999493738729e-05,0.5557018351691874,0.30848901479952506
2022-02-21,2022-03-07,4,0,False,CO,14,960,50,True,0.011262229188935687,0.5622325442147017,0.19808807516794155,0.02227711773987246,0.5361317758568618,0.21941163924648366,0.022655748831594845,0.6051985818828376,0.15358522202536895,7.960763541355406e-05,0.453893053598851,0.051100243293269676,3.644254886188465e-05,0.6537067655202564,0.3682551961066439
2022-02-21,2022-03-14,5,0,False,CO,21,960,50,True,0.012268962634307401,0.6066149609085978,0.35217286467835507,0.01940143592246634,0.6898938614464443,0.4515093742640347,0.029534411443686688,0.41297941532507054,0.10353511897487744,8.551533924561288e-05,0.6423558547486856,0.4025233598429483,5.448783183096623e-05,0.6812307121141905,0.45112360563155984
2022-02-21,2022-03-16,6,0,False,CO,23,960,50,True,0.010772999452478105,0.596356294845189,0.28906184349367314,0.01405226842609287,0.7212486192771466,0.5077256194241575,0.028869898410183982,0.4848389457567069,-0.01613049990394222,9.700885269919453e-05,0.5853239083854378,0.34217287017288034,7.282212093638093e-05,0.5940137059614651,0.32247938428159706
2022-02-21,2022-03-18,7,0,False,CO,25,960,50,True,0.015508250385712095,0.5836965169938186,0.2697059644347234,0.02288847076275253,0.5824178837070498,0.3113117556892028,0.0390200535938259,0.46157211203444726,-0.05179102850928752,7.282099687489158e-05,0.6184304038970614,0.37863884819834337,5.1656189395067597e-05,0.672365668336716,0.4406642823606348
2022-02-21,2022-03-21,8,0,False,CO,28,960,50,True,0.018058853932901443,0.48301396462812285,0.09638906610813933,0.03282863830483108,0.351305182843825,0.03823362439989941,0.03924949748837648,0.40397569089088536,-0.3579641399899569,0.0001247665834105491,0.5017956019871876,0.25033495578156206,3.251335498766356e-05,0.6749793827905933,0.45495182424105274
2022-02-21,2022-03-23,9,0,False,RD,30,960,50,True,0.017910552950466334,0.5814708509005959,0.33367765768244617,0.028110625893384207,0.7406335478519366,0.5444898021304746,0.04305858464972454,0.6011905833835711,0.3399343753251929,0.00018518348639227043,0.483332266958144,0.23336100149488836,0.00028781777236432647,0.5007270054087318,0.21692545177922895
2022-02-21,2022-03-28,10,0,False,CO,35,960,50,True,0.010648693955450225,0.6534933387709039,0.18155971305648946,0.0309208429096208,0.6531525786682669,-0.42291707776282306,0.011536025784027968,0.7424526099672991,0.5180640218899113,8.963579447039456e-05,0.5378917505663746,0.18418141178163017,4.827133368174039e-05,0.6804764158816747,0.44691049631723945
2022-02-21,2022-03-31,11,0,False,RD,38,960,50,True,0.01678914425465638,0.648569260162068,0.3554953061988063,0.027957158017629435,0.6787348100326329,0.39581540989115327,0.03891885011718199,0.7286241824052041,0.34178741483567743,0.00016630857048326262,0.5591086387574082,0.300721566859646,0.00011426031333084255,0.6278094094530265,0.38365683320874855
2022-02-21,2022-04-01,12,0,False,CO,39,960,50,True,0.009604424811938725,0.6581248917443261,0.4259527471714768,0.024562099927455998,0.46363548506525093,0.20424187602519017,0.013732906565317752,0.6962428789527434,0.44122588856656375,8.949214236671884e-05,0.698381761147818,0.4830287132673766,3.3200612614425484e-05,0.7742394418114921,0.5753145108267764
2022-02-21,2022-04-04,13,0,False,CO,42,960,50,True,0.00823712787123629,0.6284308733445282,0.3844793285108161,0.015055378880774668,0.5369119877605086,0.27728353603990585,0.017757355741931925,0.6326455123035732,0.3671441232482223,9.006040012640853e-05,0.57738789134875,0.32189349285313784,4.5716462112160794e-05,0.7667781019652808,0.5715961619019984
2022-02-21,2022-04-05,14,0,False,RD,43,960,50,True,0.023198109292254403,0.6625771129115856,0.37940932843351727,0.05650447877947931,0.6278674480195624,0.29791889062480315,0.035925733025163775,0.6372124436823988,0.29797686607062057,0.0002777952924749901,0.6532412921943125,0.3970458102757025,8.443007189953657e-05,0.7319872677500686,0.524695746762943
2022-02-21,2022-04-06,15,0,False,RD,44,960,50,True,0.015816190476287496,0.6807156018457903,0.36351595157173744,0.02968705445026906,0.7379295344987964,0.5153225831884051,0.0333096791403833,0.6720475855900105,0.08881151812672594,0.00020403516132706245,0.609660272576909,0.3653752172831658,6.399315317056404e-05,0.7032250147174451,0.48455448768865306
2022-02-21,2022-04-07,16,0,False,RD,45,960,50,True,0.022789356702843527,0.6366291093757293,0.3345591034478007,0.035016941501755966,0.6907287761037462,0.34519826695975675,0.055817867724382055,0.5747864470117242,0.17959093484521949,0.00019829232931752714,0.5752285127526536,0.32098318129745484,0.00012432525591857355,0.7057727016347932,0.49246403068877165
2022-02-21,2022-04-08,17,0,False,CO,46,960,50,True,0.008684883257436831,0.6282022080496343,0.393214384189389,0.018293351240541992,0.6441440653107785,0.41422024760309417,0.016301753547220257,0.5515298765489578,0.3020826948619716,0.00010604658375776635,0.611514076385089,0.3659203717773324,3.8381658227318494e-05,0.7056208139537122,0.49063422251515765
2022-02-21,2022-04-11,18,0,False,CO,49,960,50,True,0.012155610723490218,0.6659148584574275,0.2715325651583837,0.025436061334263686,0.6046804363183957,0.16268757317394045,0.023091934447138893,0.6349066033136463,-0.08854574625178513,6.983634995996751e-05,0.6457771115448614,0.4087603691927989,2.461076259832398e-05,0.7782952826528067,0.6032280645185806
2022-02-21,2022-04-13,19,0,False,RD,51,960,50,True,0.014009372153501171,0.7446674066417733,0.5100295513135203,0.03040998375453373,0.7974729605528138,0.5952553400816214,0.02528737483831892,0.7602742022011015,0.47472462141422833,0.0002450819330394224,0.684963133252899,0.44938761154037965,9.504808811261578e-05,0.7359593305602787,0.5207506322178522
2022-02-21,2022-04-14,20,0,False,RD,52,960,50,True,0.016167334169151903,0.6927369612031148,0.43098513039065617,0.04024562711949625,0.7059575656587815,0.3462845445509153,0.023992149670930624,0.7775286501183283,0.5719133986930418,0.00024154164636876617,0.6008825615834787,0.35538381347332226,0.00019001823981198163,0.6865790674518704,0.4503587648453453
2022-02-21,2022-04-15,21,0,False,CO,53,960,50,True,0.006457777092964141,0.7601232102849341,0.5700990940001562,0.015965641996646098,0.7331717071477849,0.5160474328371953,0.009741226654887351,0.8048509974424829,0.6460556174733758,8.357639221400144e-05,0.6762169767041737,0.44875935588439064,4.066332810911127e-05,0.8262531598452951,0.6695339698056633
2022-02-21,2022-04-18,22,0,False,CO,56,960,50,True,0.0080248211745944,0.6629874374925481,0.4236322919935235,0.017340719266076842,0.6030095090473648,0.3579287284790357,0.014618181450075492,0.675709541222618,0.4256996068999588,7.63655078545234e-05,0.6645354915958906,0.41183405297618825,6.401847437074507e-05,0.7086952081043187,0.4990667796189112
2022-02-21,2022-04-20,23,0,False,CO,58,960,50,True,0.007638792280117382,0.639024870820593,0.3710919393692569,0.01950704992107672,0.4717383868721225,0.07858570851053515,0.010936797924265084,0.755688134104201,0.5381482028652103,6.784806463767057e-05,0.6101489492003385,0.363534796400494,4.3473210490051376e-05,0.7185240131057102,0.504099049700788
2022-02-21,2022-04-21,24,0,False,RD,59,960,50,True,0.01236379658077462,0.6927120296918751,0.4638021987336063,0.02510052502282715,0.6910597301491898,0.47282532736440597,0.024018582190538713,0.7983795846756976,0.6043623044909927,0.00014631004396632816,0.6071773071353808,0.3653470542599292,0.00018976906576628614,0.674231496807232,0.41267410881909716
2022-02-21,2022-04-22,25,0,False,RD,60,960,50,True,0.013583055541715119,0.7247561459491247,0.49999562315204105,0.0299679957868392,0.7162855014662572,0.4898988399536143,0.02408972679641245,0.8128422317130148,0.5794185242882055,0.00015496374895067187,0.6739686916077394,0.44851986961786705,0.00011953583465816217,0.6959281590094879,0.48214525874847725
2022-02-21,2022-04-25,26,0,False,CO,63,960,50,True,0.005632528829412805,0.7426942120449405,0.5305286176678154,0.014754323583731934,0.7322073679533367,0.48863405552133876,0.007649668980744072,0.8537807826913673,0.6801530697370388,7.029352978190353e-05,0.6482098179406894,0.41280449952485176,5.582922339331006e-05,0.7365788795943687,0.5405228458880325
2022-02-21,2022-04-27,27,0,False,CO,65,960,50,True,0.008622950433625182,0.6708369306428736,0.36454132016561913,0.018830054449801778,0.6031730289633097,0.11133892949479007,0.0155029965906324,0.756398064195324,0.5588710167006665,6.641435303562708e-05,0.5931163941454634,0.26860053716098353,9.233634103091778e-05,0.7306602352673978,0.5193547973060364
2022-02-21,2022-04-28,28,0,False,RD,66,960,50,True,0.012473304153462959,0.7010161221419622,0.49031095785638124,0.026953421411654233,0.7297073225895572,0.5223394622092324,0.022611150693283007,0.7895616140762145,0.6125791778219878,0.00022618020543638156,0.5679763048641712,0.3209873711653628,0.0001024643034782088,0.7168192470379058,0.5053378202289418
2022-02-21,2022-04-29,29,0,False,CO,67,960,50,True,0.008265681848871647,0.679058381828639,0.41562739493994905,0.01800845691657654,0.649830379307927,0.3616423219695789,0.014914518045283603,0.6980681662767284,0.42390429762964155,8.62047111910354e-05,0.6450603200974239,0.40033813009729646,5.354772243541367e-05,0.7232746616324766,0.47662483006327905
2022-02-21,2022-05-09,30,0,False,CO,77,960,50,True,0.008338182433194927,0.7480222737711005,0.5251522451165128,0.01999643728460883,0.6834209284187969,0.3734692144029924,0.013234413223924588,0.832952347118051,0.6577766072182845,6.793510714244465e-05,0.6762871608488648,0.44535273929910657,5.394411710385019e-05,0.7994286586986896,0.6240104195456677
2022-02-21,2022-05-10,31,0,False,RD,78,960,50,True,0.013760490313384954,0.7706007739762996,0.5763928224001931,0.02461757404394248,0.7928743876964208,0.6194565278058833,0.03021133155858563,0.7412279047649345,0.5116276952276864,0.00011866699567445821,0.751026055133778,0.5624912620837041,9.438865533725345e-05,0.7972747483100648,0.6119958044834981
2022-02-21,2022-05-11,32,0,False,RD,79,960,50,True,0.02116520831651565,0.6645939928041795,0.40199421261819224,0.048379243782972876,0.5886746914960876,0.24071542371816945,0.03596953511207032,0.7194720996645345,0.47312537377772257,0.0001866537795548709,0.6449029018775092,0.40594724769817625,0.0001254005914645258,0.705326278178587,0.4881888052787007
2022-02-21,2022-05-13,33,0,False,CO,81,960,50,True,0.007758426631388771,0.6576785303768237,0.4031173495239344,0.014470610351408874,0.7123557906612108,0.48219686316058075,0.016425743174212207,0.6646294155184149,0.38887411382541215,7.646506940250934e-05,0.600913391955876,0.31586270822989937,6.088793053149093e-05,0.6528155233717929,0.4255357128798454
2022-02-21,2022-05-23,34,0,False,RD,91,960,50,True,0.01774980942216111,0.7318808387114494,0.46584454785009266,0.030064254778686964,0.7577906965066232,0.521735442965181,0.040698650531089564,0.7291740104219273,0.3556920291678143,0.00013692391209634545,0.6742864998159268,0.454442435651077,9.940846677157268e-05,0.7662721481013199,0.5315082836162984
2022-02-21,2022-05-26,35,0,False,RD,94,960,50,True,0.015458059447564303,0.7409525637542183,0.5155476245209787,0.03594729659049008,0.7737550841447156,0.49650444293549933,0.025621379976875625,0.7822696519788271,0.5830304999597744,0.00016517324340573726,0.6526232874291327,0.4180475170536734,9.838797948577342e-05,0.7551622314641974,0.5646080381349677
2022-02-21,2022-06-01,36,0,False,RD,100,960,50,True,0.013518106207711425,0.683873290492464,0.46039286982389327,0.026796620796077475,0.7567686709446791,0.545205621187871,0.02697403202828688,0.7600756785260439,0.5683368273232923,0.00015293775776872197,0.5633311913347758,0.3041323623202127,0.0001488342487126178,0.6553176211643575,0.4238966684641974
2022-02-21,2022-02-21,0,0,True,RD,0,1920,250,True,0.013414718953233469,0.7146963721480079,0.47722043933829716,0.030794995230859712,0.6963705202684891,0.38398975684344605,0.02268804546333046,0.7623991471500278,0.5724789809922599,0.00011957975825163749,0.6623041358994232,0.4191959660062581,5.625536049206146e-05,0.7377116852740913,0.5332170535112246
2022-02-21,2022-02-24,1,0,False,RD,3,1920,250,True,0.019913529933394757,0.6871450823178722,0.4209960822969322,0.03880865890808552,0.6834628703161203,0.35592191752988234,0.040569285433243514,0.6758336481168632,0.35768970734648464,0.0002111271007241342,0.5873840781517439,0.3372627119874191,6.504829152587656e-05,0.8018997326867614,0.6331099923239427
2022-02-21,2022-02-25,2,0,False,CO,4,1920,250,True,0.009100920178207265,0.6706768466367221,0.4498923338810957,0.019997354674445845,0.5857284934818887,0.34276791386440164,0.016311153639149742,0.6599040374442062,0.42308045720057164,6.150661185719428e-05,0.6842545747644224,0.4674822832747576,3.366578737628351e-05,0.7528202808563713,0.5662386811846518
2022-02-21,2022-02-28,3,0,False,CO,7,1920,250,True,0.011572158924946048,0.5161733064576994,0.2167163358529551,0.023756217994816548,0.4839776694395211,0.1631101226304782,0.02237309882288975,0.47107567942751294,0.11890870928009067,8.269355332323642e-05,0.5618673743583898,0.29190896356993046,7.662532875465743e-05,0.5477725026053737,0.2929375479313211
2022-02-21,2022-03-07,4,0,False,CO,14,1920,250,True,0.00931887989279313,0.6376209790299372,0.3671889930478819,0.018439381440681482,0.6236065387642995,0.35388560135280867,0.018749524578881977,0.6130999081933439,0.29952107072123113,5.8501998745002094e-05,0.594502892385984,0.3026732663568309,2.8111552864062195e-05,0.7192745767761216,0.512676033760657
2022-02-21,2022-03-14,5,0,False,CO,21,1920,250,True,0.011976962375125154,0.6291641972825395,0.3730986781028519,0.01712385492452322,0.7250277193862662,0.515898001565563,0.030651684448506408,0.433752178577822,0.06962227079613392,7.765314220719944e-05,0.684331630740645,0.4574547804769953,5.465698526379e-05,0.6735452604254246,0.44941965957271535
2022-02-21,2022-03-16,6,0,False,CO,23,1920,250,True,0.008736149812616889,0.662128503659353,0.38077370132283983,0.013414773940261603,0.7751237094583463,0.5300581136249076,0.021370878142229904,0.6115175215694422,0.24781165553426288,8.880814092551957e-05,0.6323131772260506,0.3977827504932241,7.013902705053416e-05,0.6295596063835732,0.34744228563896484
2022-02-21,2022-03-18,7,0,False,CO,25,1920,250,True,0.011970657505652993,0.6233613132188242,0.38735049841639446,0.02007078050266368,0.6345171771099039,0.3960928744605846,0.027695668707591388,0.5134246558777487,0.2534593576309373,6.877499379134586e-05,0.6427938397292805,0.41316225825965014,4.740581856555468e-05,0.7027095801583636,0.4866875033144057
2022-02-21,2022-03-21,8,0,False,CO,28,1920,250,True,0.009529137026454998,0.664454430376573,0.41543726487277993,0.023154516074094283,0.6118834230541756,0.32165218683228847,0.014823616649591958,0.724151006882402,0.48712872461449164,0.00010909421816382003,0.5895871440637477,0.3445029939255261,2.9321163969934018e-05,0.7321961475059668,0.5084651541188137
2022-02-21,2022-03-23,9,0,False,RD,30,1920,250,True,0.017823385274717198,0.6382285099906962,0.3899364925456539,0.030651808379556365,0.7509468776430981,0.5033119734514171,0.04023409500366067,0.6305723532529504,0.3832323271223289,0.00015341913464071664,0.6085553586313082,0.3648618782166462,0.0002542185810110272,0.5628394504354284,0.30833979139222334
2022-02-21,2022-03-28,10,0,False,CO,35,1920,250,True,0.008239454886887447,0.6748429173229857,0.32180118318791595,0.023019862930708675,0.6186831137491622,-0.059329339358763944,0.009812874440676012,0.7810470905367621,0.5900514327745006,8.048784455471944e-05,0.5898746888604007,0.2674413151427074,4.4594331610379605e-05,0.7097667761456177,0.4890413241932199
2022-02-21,2022-03-31,11,0,False,RD,38,1920,250,True,0.012651029064725584,0.7308358160119908,0.490434349826213,0.02025759485359322,0.7712456328521156,0.5622113436747993,0.030111460929174057,0.7956295990026752,0.4907418260922338,0.00014859040994220606,0.6259989620421652,0.37522120031375117,8.647006619284479e-05,0.7304690701510069,0.5335630292240676
2022-02-21,2022-04-01,12,0,False,CO,39,1920,250,True,0.008514718517572925,0.6909568098187083,0.47272035711599913,0.022437309377197404,0.5275504704108807,0.27308042594995263,0.011499041745617675,0.7643279336623343,0.532118943416489,9.307981988475204e-05,0.6803230733879693,0.4623036952509447,2.9443127591862598e-05,0.791625761813649,0.62337836384661
2022-02-21,2022-04-04,13,0,False,CO,42,1920,250,True,0.007668600315729852,0.652173705194381,0.4079454853611778,0.015325991959000607,0.5582506713353979,0.2642930607721893,0.01521469096668983,0.6898842093359825,0.45776236444400464,8.840225667317329e-05,0.5901218691506849,0.33437842367560344,4.53160805557967e-05,0.7704380709554588,0.5753480925529137
2022-02-21,2022-04-05,14,0,False,RD,43,1920,250,True,0.019047169193593255,0.6642422811215002,0.4312898110499752,0.04528860976652917,0.6750069523606087,0.4372786357159957,0.03052386235486294,0.6507434491432971,0.40353457798674375,0.00028973544344431225,0.6142805156080335,0.3711297337693248,8.646920953659822e-05,0.7169382073740612,0.5132162967278366
2022-02-21,2022-04-06,15,0,False,RD,44,1920,250,True,0.01141362297840589,0.7263805384763389,0.48684665363063784,0.026159137982713847,0.7755796692880523,0.5729201277035112,0.019243118759600563,0.7521124770545153,0.47360321019094054,0.00018860830808268932,0.6488281075398373,0.4133584341196075,6.362686322645946e-05,0.7290019000229504,0.48750484250849224
2022-02-21,2022-04-07,16,0,False,RD,45,1920,250,True,0.019432976002600556,0.6809656889170497,0.40733357665505765,0.03306753089785524,0.7220476541962245,0.38165140612889903,0.04436278816082967,0.6456375908479486,0.34795729313057056,0.0001989251116736042,0.5879888549828214,0.31881633064905424,0.00010265984004370435,0.7681886556412043,0.5809092767117068
2022-02-21,2022-04-08,17,0,False,CO,46,1920,250,True,0.008301947787519576,0.6452052819442623,0.4074421231873357,0.01908779990180717,0.6254626784968164,0.38878084429373194,0.013974832209640083,0.634361392696917,0.4017037978609831,0.00010500811993949045,0.6316954400087156,0.3721296123627639,4.015091869156516e-05,0.6893016165746002,0.46715423823186386
2022-02-21,2022-04-11,18,0,False,CO,49,1920,250,True,0.00907605818535998,0.6564351422454304,0.3878123476770091,0.020417798606755327,0.6108766449426282,0.3278803554841746,0.015788236393358954,0.6279250428979599,0.25574803591485606,7.193929795599601e-05,0.6253555606025197,0.39095665812411695,2.6258443369646232e-05,0.7615833205386138,0.5766643411848887
2022-02-21,2022-04-13,19,0,False,RD,51,1920,250,True,0.011863677864264498,0.7815240773774251,0.5898102929362936,0.029840330515421246,0.7983783889593232,0.602837195711571,0.017312331608947004,0.8274640830302237,0.6403841206042484,0.0002285813176400141,0.7058973787030254,0.48645865608228955,7.346801504972882e-05,0.7943564588171284,0.6295611993470653
2022-02-21,2022-04-14,20,0,False,RD,52,1920,250,True,0.011538587415127016,0.7519926960632044,0.5610424370092245,0.02715318105104253,0.755282523655135,0.5589470114363098,0.018646997401846457,0.8208309797717085,0.6672857642261242,0.00018945419759891182,0.7038636470062666,0.4943926059391377,0.0001647170100201589,0.7279936338197073,0.5235443664353265
2022-02-21,2022-04-15,21,0,False,CO,53,1920,250,True,0.006222359861777222,0.7733091700209958,0.5958854982243484,0.016054238423172922,0.7245523048272657,0.5133618867083196,0.008720374011954685,0.827811906178165,0.6831479746430132,7.851043177305002e-05,0.6985712938062034,0.48217265864318604,3.6316580208225326e-05,0.8423011752723487,0.704859472902875
2022-02-21,2022-04-18,22,0,False,CO,56,1920,250,True,0.006806000261874028,0.6969506447478551,0.4820893996351309,0.01625645631025262,0.6314008060472137,0.3980755115522754,0.010832885296274311,0.7640074157407835,0.5744114748263803,7.780038723296368e-05,0.6431523844266325,0.40078263444711903,5.685905373621732e-05,0.7492419727767908,0.5550879777147488
2022-02-21,2022-04-20,23,0,False,CO,58,1920,250,True,0.005541780626628753,0.7094468141162666,0.49705769250826226,0.013248055636797144,0.625519458582142,0.37422891479847753,0.008819669023459079,0.7987990499860842,0.6275527794491707,5.936173845041349e-05,0.6657275993342178,0.4431428346463707,4.003610780837667e-05,0.7477411485626226,0.5433062411390305
2022-02-21,2022-04-21,24,0,False,RD,59,1920,250,True,0.010706478202777212,0.7269455068648397,0.524406662546278,0.022508340065367095,0.7361525327987262,0.5272677844491542,0.020015929589755174,0.8210403455746564,0.6702945996753829,0.00013386570286038488,0.6567351012390328,0.4193272016686659,0.0001677774531261983,0.6938540478469436,0.4807370643919092
2022-02-21,2022-04-22,25,0,False,RD,60,1920,250,True,0.010032619692386061,0.764868047800462,0.5743981321533325,0.023750937284721,0.7824663974660491,0.5957226920578469,0.016118459958981174,0.871617842734586,0.7185885197851496,0.00014783499021772415,0.6903672815274722,0.47388947265167214,0.00011324653562434698,0.7150206694737409,0.5093918441186612
2022-02-21,2022-04-25,26,0,False,CO,63,1920,250,True,0.0046623723368349945,0.7692717339765939,0.5773753939564559,0.01256251882947601,0.7647692028550988,0.5645991990206116,0.005965778364692497,0.8854612016465091,0.7505596776305892,6.675891413152411e-05,0.6772838178165503,0.44233083590675526,5.443323903994628e-05,0.7495727135882172,0.5520118632678673
2022-02-21,2022-04-27,27,0,False,CO,65,1920,250,True,0.006659841406157493,0.7100097862209801,0.46190408518961856,0.013330206449559463,0.6724180946849756,0.37089743605889214,0.013162155438016668,0.7935093966231348,0.6254783252736793,6.604620613331191e-05,0.6104279374594531,0.2726548181152032,8.095753092052763e-05,0.7636837161163567,0.5785857613106997
2022-02-21,2022-04-28,28,0,False,RD,66,1920,250,True,0.009771058853289608,0.7439412822148714,0.5499431326261526,0.021844415704393667,0.7865978652373761,0.6128797456276116,0.016927080667807553,0.8489098518137261,0.7099703770784357,0.00021183459248239482,0.6036627905849072,0.3640541477001936,0.00010090444847481529,0.7365946212234762,0.5128682600983694
2022-02-21,2022-04-29,29,0,False,CO,67,1920,250,True,0.007057281240953419,0.6899334512982148,0.4539580622369994,0.016276501183212957,0.6649026234625787,0.42303610187660434,0.011809145121830084,0.7461248751638817,0.5438539996600453,8.918557183728988e-05,0.6198771400819899,0.3796025062044085,5.429308693334354e-05,0.7288291664844092,0.4693396412069394
2022-02-21,2022-05-09,30,0,False,CO,77,1920,250,True,0.006242919760743161,0.7945093796646091,0.6151699254669069,0.01329014324320858,0.7677788023978711,0.5835916284310683,0.011573563084681488,0.8583822834516753,0.7007238660001294,5.950155321651407e-05,0.7209479470555121,0.514207382792679,4.8471161866060456e-05,0.8309284857533781,0.6621568246437508
2022-02-21,2022-05-10,31,0,False,RD,78,1920,250,True,0.012224502402671466,0.7873683637324131,0.6157020356495502,0.023463269248493547,0.8001701606000161,0.6373000063731203,0.02523741024825243,0.7773802913992834,0.592032142458786,0.00010532688493037397,0.7830105839598503,0.6116743983225206,9.20032290095135e-05,0.7889124189705028,0.6218015954437739
2022-02-21,2022-05-11,32,0,False,RD,79,1920,250,True,0.01658154586070046,0.7340910693037896,0.521188584932649,0.035221269902281804,0.6768804714383094,0.4472223023197761,0.030846056923735633,0.7749577829307275,0.548173067528176,0.00016228820457094727,0.7046586453609627,0.4834942275403993,9.656841221345205e-05,0.7798673774851588,0.6058647423422445
2022-02-21,2022-05-13,33,0,False,CO,81,1920,250,True,0.006072290826714718,0.7130372807046591,0.4912892454847909,0.012228979164826312,0.7511268808639944,0.5624093512217019,0.011934482954682375,0.7843696300453282,0.5559731213156764,6.712329749597336e-05,0.6444479594867774,0.39944406874406113,5.8577889854210884e-05,0.6722046524225367,0.4473304406577241
2022-02-21,2022-05-23,34,0,False,RD,91,1920,250,True,0.013723774850798894,0.758689305313163,0.5546733778339287,0.028121536892188034,0.7542488202239777,0.5526403536729197,0.02656012902035274,0.7976103914759994,0.5795216153156717,0.00012685136998023176,0.7043309883939205,0.4945753201088503,8.658212067457764e-05,0.7785670211587546,0.5919562222382728
2022-02-21,2022-05-26,35,0,False,RD,94,1920,250,True,0.011819759279327281,0.782819245377955,0.6034707270067227,0.030179576104468944,0.775964657125747,0.5772899793886024,0.016869657503362775,0.8565427131461347,0.725458477983012,0.00014199330220086864,0.714358437541485,0.49971706631345747,8.781020727653413e-05,0.7844111736984534,0.6114173843418187
2022-02-21,2022-06-01,36,0,False,RD,100,1920,250,True,0.01127684995165165,0.7215747904432696,0.5148565302470401,0.024055979488753192,0.7745841056604228,0.5917200033704879,0.020768077493242016,0.8208626288304717,0.6676501973554625,0.00015191934317495856,0.5882239131635778,0.30876615431428955,0.00013142348143643025,0.7026285141186057,0.49128976594792073
2022-02-21,2022-02-21,0,0,True,RD,0,3840,250,True,0.013707745613643619,0.7087115687172181,0.468733655372843,0.031347046279456586,0.6941721939034978,0.3729467578713206,0.023305915303240065,0.7521965740769994,0.5608361824092247,0.00012157802826869786,0.6548036460274032,0.4094902825035779,5.644284360912294e-05,0.7336738608609725,0.5316613987072489
2022-02-21,2022-02-24,1,0,False,RD,3,3840,250,True,0.017325485286512773,0.7141594742806281,0.47632495340676373,0.03286065047096998,0.7138985001600922,0.4546365337130067,0.0361808555392683,0.7225841928700971,0.4271692078944266,0.00019687091904494294,0.618107783028202,0.38201349552527986,6.356421676786692e-05,0.8020474210641213,0.6414805764943418
2022-02-21,2022-02-25,2,0,False,CO,4,3840,250,True,0.008594902295598974,0.6981260458983612,0.48682579245556473,0.020265772904970423,0.5842588957031558,0.3339460933548156,0.01402570560630293,0.717630160114181,0.5039159188344532,5.795568235865691e-05,0.7077246178259148,0.49822585395304153,3.017498876389131e-05,0.7828905099501933,0.6112153036799486
2022-02-21,2022-02-28,3,0,False,CO,7,3840,250,True,0.009740506322229081,0.5878079348015421,0.3137541594553981,0.01818936885458399,0.6256286635147568,0.35922045026429517,0.020627207283471803,0.5256803009460363,0.18766493487495173,7.562475452222319e-05,0.5987358658224979,0.35243790286656385,6.98243963383058e-05,0.6011869089228776,0.3556933498157817
2022-02-21,2022-03-07,4,0,False,CO,14,3840,250,True,0.0068256145743054095,0.720689750954628,0.5103535172220914,0.014515943063852234,0.7059886393198629,0.4913625571622686,0.012715086422296728,0.7416478440325417,0.5249666152703845,4.862371253910333e-05,0.656554757177337,0.42041955198335823,2.2805098533575877e-05,0.7785677632887702,0.6046653444723546
2022-02-21,2022-03-14,5,0,False,CO,21,3840,250,True,0.01080790612408299,0.6617120350266046,0.42262934931387497,0.015586247058084262,0.7627024338758825,0.5593671295295944,0.027520778637065778,0.487775013080632,0.16465538534136936,7.180247990089185e-05,0.7095299463972072,0.4983320556922193,5.279632128102271e-05,0.6868407467526967,0.4681628266923167
2022-02-21,2022-03-16,6,0,False,CO,23,3840,250,True,0.007521345086321994,0.7002302306032222,0.44307745241966273,0.011573983986136804,0.8103340820332593,0.5945440533294464,0.018362544392747857,0.6794338231943606,0.3536956331398361,8.283098540619821e-05,0.6653781413277131,0.4383144643564697,6.602098099712016e-05,0.6457748758575557,0.38575565885289875
2022-02-21,2022-03-18,7,0,False,CO,25,3840,250,True,0.011253335130125844,0.6694912070773116,0.42689923412031716,0.01986733750173335,0.65433466184097,0.40221424467270184,0.025037565164738085,0.6139543715399073,0.3251089121990589,6.728627051920962e-05,0.6598332228647409,0.42586511659428317,4.1151583512726134e-05,0.7498425720636284,0.5544086630152247
2022-02-21,2022-03-21,8,0,False,CO,28,3840,250,True,0.009215349829550967,0.6844442808081742,0.4415682401617264,0.01918279469894251,0.6725310595161311,0.4380099850572313,0.017550086944309585,0.6988113952884657,0.39279760890859394,0.00010133745359412429,0.6272019511281115,0.3911098264216808,2.7180221357644146e-05,0.7392327172999883,0.5443555402593996
2022-02-21,2022-03-23,9,0,False,RD,30,3840,250,True,0.015383992692114304,0.7020986839525276,0.46023004463361317,0.02716465637068791,0.7973207501716215,0.559818481260431,0.03400356159902106,0.737795853176564,0.47874315167092474,0.00013887475768698505,0.6524816417829357,0.425073978112369,0.00022887804106126714,0.6207964906789896,0.3772845674907277
2022-02-21,2022-03-28,10,0,False,CO,35,3840,250,True,0.006705590929641782,0.7181275790812041,0.42810963867356044,0.018205467509103655,0.6795228013276043,0.16221977831983114,0.008507025606583044,0.8141535350992936,0.6446053620829675,6.980975464955557e-05,0.635611504388641,0.3646277603878251,4.006084823087368e-05,0.7432224755092774,0.5409856539036181
2022-02-21,2022-03-31,11,0,False,RD,38,3840,250,True,0.010126758622512283,0.7734765590958288,0.5820865492207308,0.018825009422204175,0.7815116566157362,0.5931710728831077,0.021487090509612866,0.8308370080695814,0.6366009440307655,0.0001261798083674966,0.6863507500070194,0.4694511627826592,6.875474986458794e-05,0.7952068216909781,0.6291230171863907
2022-02-21,2022-04-01,12,0,False,CO,39,3840,250,True,0.007649989314095706,0.730369024946022,0.5166475201220245,0.020388622535950744,0.6191171210604192,0.3394533827499526,0.010095220377169424,0.791101787121537,0.5892386095290496,8.883740125137722e-05,0.6994980734321454,0.4868109711050299,2.72769420112805e-05,0.811759118169986,0.6510871171040659
2022-02-21,2022-04-04,13,0,False,CO,42,3840,250,True,0.0069128838690853045,0.689001215741418,0.4561087193771365,0.013627184205505195,0.6141284544447234,0.34584240883423023,0.013898630872663987,0.7355844813800361,0.5046655394868975,8.25658085632043e-05,0.6208283138118507,0.3783237474409866,4.31545896088317e-05,0.7854636133290618,0.5956031817464315
2022-02-21,2022-04-05,14,0,False,RD,43,3840,250,True,0.01547822009389527,0.7358140647116327,0.5312294184806048,0.03897684963169579,0.7264588210766553,0.5157037031317718,0.022609166636665547,0.7557336277329807,0.5581952911945864,0.00025761895032982036,0.6778773822261597,0.4408385251246637,6.92451568899198e-05,0.7831864278107352,0.6101801544713971
2022-02-21,2022-04-06,15,0,False,RD,44,3840,250,True,0.009764899566481515,0.7596793344765544,0.5665320339511836,0.023946519423357265,0.7862096896137348,0.6090438276662273,0.014895689265927008,0.7881621518502409,0.59252743229757,0.0001649494542549915,0.6987477523756639,0.4869462161081455,5.244012238679828e-05,0.7655977440665783,0.5776106597327914
2022-02-21,2022-04-07,16,0,False,RD,45,3840,250,True,0.014611210244523888,0.7296667733915254,0.5121073483618337,0.0249996989408012,0.7690883920778182,0.532516390927515,0.03317240909683483,0.7215250767797701,0.5124330927428402,0.00017760457050659915,0.6447057420417543,0.391824732366169,9.512836995292321e-05,0.7833478826667595,0.6116551774108107
2022-02-21,2022-04-08,17,0,False,CO,46,3840,250,True,0.007388449617042594,0.6731183771970466,0.45018631723552816,0.0165407297740626,0.6873152899555556,0.47034173978788996,0.012875146011694998,0.6707471924357662,0.4487840107683969,9.764390045668834e-05,0.6490951802591733,0.4161621628357848,4.027878195608829e-05,0.6853158461376914,0.4654573555500411
2022-02-21,2022-04-11,18,0,False,CO,49,3840,250,True,0.0064490856355018215,0.7359800775700536,0.5342430593086505,0.015370816601979705,0.709800309182115,0.4940185281765648,0.010341927062629215,0.7351982422242236,0.512485160658938,6.246758338034624e-05,0.6867671415238772,0.47114488434196033,2.113129401801973e-05,0.812154617349998,0.6593236640571386
2022-02-21,2022-04-13,19,0,False,RD,51,3840,250,True,0.009096443696532652,0.8194582242798767,0.6587620932931092,0.021582389577693106,0.857710736566982,0.7127470701608966,0.014544126160019365,0.8519937225309631,0.6978859441223328,0.000190176916301853,0.758374609760966,0.5727397576140181,6.908213211627948e-05,0.8097538282605958,0.6516756012751891
2022-02-21,2022-04-14,20,0,False,RD,52,3840,250,True,0.010312452609994322,0.7740197508087803,0.5925173485621946,0.02441777149573703,0.7790429593649086,0.6033786585809026,0.01649339162107508,0.8481723409395998,0.7057120741604301,0.00018113364524733358,0.7204212178405303,0.5165981460905089,0.00015751367791784363,0.7484424850900828,0.5443805154169366
2022-02-21,2022-04-15,21,0,False,CO,53,3840,250,True,0.004872223292500138,0.8203627043422632,0.6714266118591771,0.012443456985034193,0.7910970561170807,0.6228123520775248,0.006948888788643434,0.8676060396517302,0.747514328669419,6.531279649881875e-05,0.7585148020981316,0.5692196437624043,3.123459982410661e-05,0.8642329195021106,0.7461601229273599
2022-02-21,2022-04-18,22,0,False,CO,56,3840,250,True,0.004937620981045662,0.770784606436762,0.5863947412304709,0.011103934230848751,0.775347907103111,0.5888568945099358,0.008529445721645747,0.8167699060073821,0.6649060591020834,6.621576141884163e-05,0.7113534620877273,0.4900072412664658,5.0888210269303445e-05,0.7796671505488275,0.6018087700433983
2022-02-21,2022-04-20,23,0,False,CO,58,3840,250,True,0.0058631633892881575,0.7210436461855058,0.49856897196781885,0.014948621851793147,0.6187758909561984,0.2939027752509261,0.008411467828307512,0.8123929732837545,0.6447907733189338,5.500792940491537e-05,0.6958129878754085,0.4839847949200289,3.755594764705671e-05,0.7571927326266619,0.5715975443813865
2022-02-21,2022-04-21,24,0,False,RD,59,3840,250,True,0.010136270062558735,0.7581743548120565,0.5565047880554131,0.022872459055560023,0.7605499480144371,0.5196203623621345,0.017397321399421826,0.8548229830708914,0.7134287073277739,0.00012471327539278262,0.6864623006928969,0.4590279282594043,0.00015058651986030769,0.7308621874700005,0.53394215427234
2022-02-21,2022-04-22,25,0,False,RD,60,3840,250,True,0.00791478328621247,0.8047870173850705,0.6449487073032314,0.018372749060649046,0.8319199646714499,0.6872676879781854,0.01306026938796172,0.8895087157247739,0.7719813338356106,0.0001294506434295256,0.7348351263148768,0.5393151095015745,9.666405280958621e-05,0.7628842628291816,0.5812306978975552
2022-02-21,2022-04-25,26,0,False,CO,63,3840,250,True,0.0038809261909295988,0.8065242017120409,0.6404544474840036,0.010669607764115224,0.8083633290770823,0.6302050703612407,0.004749246653985565,0.906732951385838,0.8014251378507141,5.5813292042012015e-05,0.7329580946221937,0.5337648563749879,4.903705357559382e-05,0.7780424317630497,0.5964227253490716
2022-02-21,2022-04-27,27,0,False,CO,65,3840,250,True,0.0059768660026802665,0.7342992293763304,0.5006034213410877,0.013144874631051824,0.6836494373118722,0.37964394142204627,0.010624882298605524,0.8412116721457363,0.6976749947238587,6.166179203704952e-05,0.6275669432446254,0.32093893093566395,7.604528902667169e-05,0.7847688648030877,0.6041558182827818
2022-02-21,2022-04-28,28,0,False,RD,66,3840,250,True,0.008117293536579617,0.7784195593848462,0.607023398065641,0.01880800779972864,0.8176275283418906,0.6666900656809803,0.013379944402130648,0.8796126182539156,0.7707472241777842,0.00019078922002467092,0.655175429754903,0.4272341843871025,9.043272443451133e-05,0.7612626611886757,0.5634221180166968
2022-02-21,2022-04-29,29,0,False,CO,67,3840,250,True,0.006288399332343132,0.7226930188859123,0.5118464937592476,0.01492387335173166,0.6918399492907277,0.47098359486524133,0.01010053688231663,0.7882106404305044,0.6098515639681696,8.135057175557354e-05,0.6615172756422534,0.4341047571228994,4.783652356866412e-05,0.7492042101801637,0.5324460590806801
2022-02-21,2022-05-09,30,0,False,CO,77,3840,250,True,0.006192672577432084,0.8075399755666387,0.6296367770316826,0.01534853657355454,0.7497106843725122,0.5190978002568898,0.00932286140562977,0.8856083601471971,0.7589238595859554,5.643796318701926e-05,0.7407656018262252,0.5392196612631757,4.285436735700781e-05,0.8540752559206202,0.7013057870207098
2022-02-21,2022-05-10,31,0,False,RD,78,3840,250,True,0.011005757494464013,0.8080825547964587,0.6503380217224906,0.0203222654808916,0.8289105897010096,0.6858542821829321,0.02351895657201063,0.7901673634974425,0.6198112948236263,0.00010155979370809352,0.7926451949706801,0.6255631406548607,8.024813124572827e-05,0.8206070710167024,0.6701233692285431
2022-02-21,2022-05-11,32,0,False,RD,79,3840,250,True,0.011548237472985882,0.7914709260943649,0.6223451770698406,0.02609194779616962,0.7712803164764261,0.5905017942063231,0.01987063897736241,0.8514149791809319,0.7089388158235486,0.00014480585813396706,0.7362616250454398,0.5391343332074214,8.555726027753643e-05,0.8069267836746616,0.6508057650420694
2022-02-21,2022-05-13,33,0,False,CO,81,3840,250,True,0.004112404465325005,0.7732551145186437,0.5991489888845709,0.008905169873234019,0.8276638381478346,0.6813455146348043,0.007434574057589893,0.8538713385975203,0.7233939060724945,5.84202773435495e-05,0.6912913852829377,0.4773104812618856,5.145365313255831e-05,0.7201938960462819,0.5145460535690989
2022-02-21,2022-05-23,34,0,False,RD,91,3840,250,True,0.01096709817121056,0.8053398927893156,0.6356536400612659,0.021651358239514792,0.8112945442052532,0.6555684704693028,0.022038605541614974,0.8362440667017317,0.6511027016573476,0.00010549307908910236,0.761700323772202,0.5796749712860776,7.293582462336913e-05,0.8121206364780759,0.6562684168323355
2022-02-21,2022-05-26,35,0,False,RD,94,3840,250,True,0.008819129562756637,0.8227607363406632,0.6768208334339083,0.02154632028492764,0.8360927438447275,0.6982116163522634,0.013531068484756624,0.8856699174710485,0.7797916089534911,0.00012248627387331746,0.7542278294763564,0.568445895124047,7.664320746896653e-05,0.8150524545705204,0.6608342133058318
2022-02-21,2022-06-01,36,0,False,RD,100,3840,250,True,0.010516579869394456,0.7675545913142747,0.5678345345056202,0.023362660850266025,0.811715447231689,0.6034870624302555,0.01845815592476759,0.8400892995995599,0.7046156785203247,0.00012731955249144951,0.6785785704934715,0.4206953370098895,0.00011818315005275852,0.7398350479323785,0.5425400600620109
2022-02-21,2022-02-21,0,0,True,RD,0,9600,500,True,0.013378462418062776,0.7153251147079761,0.4817996383621762,0.0310852286110832,0.6896244839983778,0.3781840493321015,0.02225452253819761,0.7653807430358492,0.5806480479581899,0.00012002849928876586,0.6595330853587498,0.41701641146965973,5.4070023681527804e-05,0.7467621464389275,0.5513500446887539
2022-02-21,2022-02-24,1,0,False,RD,3,9600,500,True,0.014509011354271446,0.7354911453204567,0.5338202390831411,0.029820356566827123,0.7239436827562278,0.5050940017889765,0.027965108303276347,0.7656675398105439,0.5572444348835897,0.00019441848028291228,0.6245633551248315,0.38971180904633185,5.616206669940239e-05,0.8277900035902236,0.6832307106136665
2022-02-21,2022-02-25,2,0,False,CO,4,9600,500,True,0.007398759138058347,0.7340826773650213,0.5402514947063316,0.018257994806375636,0.6364695861230949,0.39993363069259513,0.011253354930764068,0.7778045494399053,0.6019729489866712,5.615797813482287e-05,0.7181754563226592,0.5137901863023198,2.752883695886335e-05,0.8038811175744257,0.6453092128437404
2022-02-21,2022-02-28,3,0,False,CO,7,9600,500,True,0.0084626175174185,0.6360866452384516,0.3774503575015851,0.01588880263122118,0.6780560995896565,0.44026536174686615,0.017823300037279173,0.6197388027401507,0.2980876471761741,7.257090615746417e-05,0.6153469529642639,0.3785874945433175,6.579649501619002e-05,0.6312047256597352,0.3928609265399827
2022-02-21,2022-03-07,4,0,False,CO,14,9600,500,True,0.005755781188902121,0.7579080420990867,0.5703686356014416,0.012363524427532597,0.7551798272207317,0.566783127929054,0.01059452755474537,0.7790680788697688,0.6041903203177126,4.405030033758002e-05,0.6943562430956858,0.47493328930014556,2.1022472992934993e-05,0.8030280192101606,0.6355678048588541
2022-02-21,2022-03-14,5,0,False,CO,21,9600,500,True,0.009492256039692273,0.6952692264142378,0.4734110003359685,0.013379414186041171,0.7947509034129836,0.6217556634359931,0.024470677963534006,0.5437147960494417,0.25723580268355395,6.891060001334825e-05,0.728575802969144,0.5185369767530446,5.002140918056537e-05,0.714035403225382,0.4961155584712823
2022-02-21,2022-03-16,6,0,False,CO,23,9600,500,True,0.005716315519048034,0.737971781835592,0.5279402176371976,0.008769488729457492,0.8330005113783121,0.6927901957633735,0.013956568182020972,0.7595667813677378,0.5087722719960188,8.13946540097057e-05,0.6699291892076769,0.4480543770937646,5.78105107039678e-05,0.6893906453886414,0.4621440256956333
2022-02-21,2022-03-18,7,0,False,CO,25,9600,500,True,0.008125288041161641,0.7412171943094122,0.5369599470659293,0.014445574623521786,0.7664034106083903,0.5653489685416871,0.017956035917697896,0.7356647435733226,0.5159925282928497,6.288415440072486e-05,0.6821003661800658,0.46342713935051727,3.665746902616098e-05,0.7807002568758703,0.6030711520786632
2022-02-21,2022-03-21,8,0,False,CO,28,9600,500,True,0.007807029148386499,0.725716584178693,0.5176621027707682,0.018902644687009154,0.6817170107874571,0.4462174184298735,0.012209107383303653,0.7753856260432754,0.5775861840594796,9.275061769519617e-05,0.6657599532841062,0.4427041759494257,2.361390553799445e-05,0.7800037465999334,0.6041406326442942
2022-02-21,2022-03-23,9,0,False,RD,30,9600,500,True,0.012187340054639886,0.7467020046482835,0.5419812097631816,0.02110378733853138,0.821009074643049,0.6580300138876234,0.02731834972837265,0.7993586733932203,0.5812239597462362,0.00012757081799078202,0.6879006715277061,0.4718710288466995,0.00019965233366473726,0.6785395990291585,0.45679983657216783
2022-02-21,2022-03-28,10,0,False,CO,35,9600,500,True,0.00528978216390675,0.759868796592769,0.5151749808946663,0.014989641820918952,0.7372908427055216,0.31020582463173973,0.006069712217906939,0.8659231317756602,0.746428037753366,6.2499407473279e-05,0.6748118668964198,0.43116275511814905,3.7275209327832714e-05,0.761449344993474,0.5729033060754105
2022-02-21,2022-03-31,11,0,False,RD,38,9600,500,True,0.00808082703546728,0.8093696594334643,0.6515991391870393,0.015630590506212967,0.8205878503970286,0.6622059398097477,0.016523768356351665,0.8552013254985722,0.7205428152747754,0.00011348855034203885,0.7238960331550373,0.5228141554464389,5.546072896245209e-05,0.8377934286832193,0.7008336462171949
2022-02-21,2022-04-01,12,0,False,CO,39,9600,500,True,0.004779637133577846,0.8057639167955358,0.6456523708981567,0.012035529604940335,0.7826481818512919,0.6100752587214731,0.006985661045941107,0.8488772076037606,0.7157625353995414,7.158102343909915e-05,0.766452754851199,0.586496279848687,2.5776859990839513e-05,0.8250775228758918,0.6702754096229255
2022-02-21,2022-04-04,13,0,False,CO,42,9600,500,True,0.005565736336279541,0.7464481942586808,0.5416050419420602,0.012033165178409478,0.6776294206320106,0.42236149240368004,0.01011956390354994,0.8128547187714358,0.6393480212031847,7.468941317822756e-05,0.663076795478146,0.43762878001820793,3.552684998051711e-05,0.832231842153131,0.6670818741431679
2022-02-21,2022-04-05,14,0,False,RD,43,9600,500,True,0.015230726883737045,0.7561924346823321,0.5497150327368353,0.03780339585330648,0.7532570096245268,0.5302841354855923,0.022816566471502292,0.7677547322910474,0.5541425003461284,0.00023702433270107224,0.7072867348841492,0.4855391061690365,6.592087743833916e-05,0.7964712619296053,0.6288943889465841
2022-02-21,2022-04-06,15,0,False,RD,44,9600,500,True,0.009307098713462211,0.7766354519225215,0.5834976922484625,0.02221375075167906,0.8029497941854952,0.6373333922347809,0.014808711386694305,0.7888493683010305,0.5949067179520666,0.00015380784505797398,0.7223199431747473,0.5216007397195879,5.212487041750376e-05,0.7924227020288132,0.5801499190874144
2022-02-21,2022-04-07,16,0,False,RD,45,9600,500,True,0.011698001432378828,0.7684255203154572,0.5779377876168648,0.020044899290978007,0.8161718558616349,0.625169011585682,0.026494166543806666,0.782992663897735,0.610589667925189,0.00016500724384388858,0.6645032234917925,0.4349620372942543,8.793265088674458e-05,0.8100343380106664,0.6410304336623336
2022-02-21,2022-04-08,17,0,False,CO,46,9600,500,True,0.006247359573573037,0.7311338115958878,0.5325823279462041,0.013852058549730503,0.7509756082589077,0.5564369086476815,0.011016996460996145,0.7290869265517987,0.5283358653103468,8.820460475559025e-05,0.6874823523094549,0.4726021243767219,3.217867880990902e-05,0.7569903592633892,0.5729544134500659
2022-02-21,2022-04-11,18,0,False,CO,49,9600,500,True,0.005489436352448668,0.7709608753667931,0.5876870491221956,0.013717375791874783,0.7420685285246051,0.5484470231832691,0.008162016635732844,0.8045353211396584,0.6152453788572002,5.881199776017781e-05,0.7090994853959549,0.5020933387455973,1.9540984426864823e-05,0.8281401664069543,0.684962455702716
2022-02-21,2022-04-13,19,0,False,RD,51,9600,500,True,0.007768290532539078,0.8443019803951539,0.7054385776429238,0.01928446973702606,0.8667276163403386,0.7433314595488658,0.011563202090344313,0.8814875046775275,0.7598064095421468,0.00016296672953325267,0.8001795110530913,0.6338714197536399,6.252357325268234e-05,0.8288132895096585,0.6847450217270428
2022-02-21,2022-04-14,20,0,False,RD,52,9600,500,True,0.008865277524761817,0.8059015157317615,0.644712184256615,0.02083980739125457,0.8139139932940489,0.6614960393139053,0.014323571886957,0.8693776576431034,0.7444276860654698,0.00015250467714313548,0.7713118391099383,0.593001932025407,0.00014522614369256122,0.7690025728799553,0.579923079621678
2022-02-21,2022-04-15,21,0,False,CO,53,9600,500,True,0.003974904073702913,0.843834534331847,0.7102937580199361,0.009231873556493752,0.8496245285553574,0.7201622766985436,0.0065777503355860635,0.8745280361458371,0.7609995267099934,5.967145839283241e-05,0.7818920914021756,0.6064279363057724,3.032094433900686e-05,0.869293481224018,0.753585292365435
2022-02-21,2022-04-18,22,0,False,CO,56,9600,500,True,0.003948291664007241,0.8075065274646296,0.6504151180305687,0.009154091794765855,0.8151157073476598,0.6610533122589048,0.006535585529877233,0.8641274956233568,0.743238285024294,5.824362720393646e-05,0.7454447849872277,0.5514084942934616,4.524570418193924e-05,0.8053381219002743,0.6459603805456144
2022-02-21,2022-04-20,23,0,False,CO,58,9600,500,True,0.004388022710887928,0.7857754229146708,0.6078304951217528,0.011218592611950965,0.7071920556277624,0.4700904747323691,0.0062579501773645406,0.8647053410843774,0.7357320162802583,4.307332809158285e-05,0.7751655562388423,0.5959402131819036,3.247472614462052e-05,0.796038738707701,0.62955927629248
2022-02-21,2022-04-21,24,0,False,RD,59,9600,500,True,0.007534600670667723,0.7991978586726776,0.6373345535712382,0.01584880797292615,0.8239579037285321,0.6671348449009185,0.014045541636448798,0.8788346385879195,0.7686397273104081,0.00010549299648188117,0.7379620735571732,0.5424002402215049,0.00013856007681406526,0.7560368188170853,0.5711634018521212
2022-02-21,2022-04-22,25,0,False,RD,60,9600,500,True,0.0071959338500435085,0.8228398338578171,0.6738416099033553,0.01704810365227058,0.8448166711167832,0.7098151804521639,0.011525720229846395,0.9063627999769863,0.798772959781678,0.00012432664032253546,0.7467175912109607,0.5575502510792403,8.55848777345232e-05,0.793462273126538,0.6292280483003393
2022-02-21,2022-04-25,26,0,False,CO,63,9600,500,True,0.002911545309611685,0.8383755340318965,0.7040111676815151,0.008375257817177812,0.845285023094083,0.7097242988044774,0.00317924586381806,0.9339435097010402,0.8670697996667416,5.054461320519795e-05,0.7603005858696861,0.577776652567677,4.113294424567055e-05,0.8139730174627763,0.6614739196871642
2022-02-21,2022-04-27,27,0,False,CO,65,9600,500,True,0.005237443097069279,0.7603123654813484,0.5461107648927737,0.0136518589788538,0.6806769444082572,0.3557174437877374,0.00717519837224494,0.8970570584560811,0.795833796104168,5.653757156014271e-05,0.6525173770968962,0.3773702885108532,6.617746561823403e-05,0.8109980819641593,0.6555215311683361
2022-02-21,2022-04-28,28,0,False,RD,66,9600,500,True,0.007665387611503043,0.8028344059435555,0.637792805318129,0.018358430276383345,0.8276740322458482,0.6746573451702885,0.012047237798221573,0.8970112732118167,0.7935818996532743,0.00017432583459397365,0.7026569739540318,0.4766586979038697,8.155653681328236e-05,0.7839953443625249,0.6062732785450831
2022-02-21,2022-04-29,29,0,False,CO,67,9600,500,True,0.005024961868317304,0.7703814743632991,0.5860293935958174,0.012399607205276227,0.7582207873567449,0.560462925795524,0.007583193434483212,0.848437443924541,0.7070877426555271,7.828330318556306e-05,0.6840507968321442,0.45544145648391476,3.87635303242171e-05,0.7908168693397659,0.6211254494483034
2022-02-21,2022-05-09,30,0,False,CO,77,9600,500,True,0.004320714273793371,0.8502058286453626,0.712873628013384,0.010290185325612959,0.8291556894453744,0.6775866718539204,0.006908022640129437,0.9192619486393885,0.8213682083732804,4.8106215096591834e-05,0.77972872041642,0.6072431243824123,3.654291433449309e-05,0.8726769560802679,0.7452965074439228
2022-02-21,2022-05-10,31,0,False,RD,78,9600,500,True,0.008755904135085516,0.8408849470346734,0.7031250186901107,0.01623174692821122,0.8673727430043621,0.7490863508803947,0.018627903682477957,0.8384075404674676,0.6988761572178009,9.09612112036688e-05,0.8201641527235423,0.6646386428941969,7.300471844921486e-05,0.8375953519433219,0.6998989237680502
2022-02-21,2022-05-11,32,0,False,RD,79,9600,500,True,0.00973895707823645,0.8194948968080534,0.6697570666821402,0.021747069599506317,0.8143087717056053,0.6586921738523717,0.017001440560228516,0.8687167993195801,0.7509662659664248,0.00012853216708914097,0.7701996092923773,0.5909277176132621,7.878598612181918e-05,0.8247544069146509,0.6784421092965021
2022-02-21,2022-05-13,33,0,False,CO,81,9600,500,True,0.0035988419164020937,0.7975927309058897,0.6295933532726986,0.007774426934818575,0.8561286901172155,0.7218069897386195,0.006516136412997151,0.878503137036724,0.7575647203543731,5.701473590601028e-05,0.7063580475158224,0.489885939834832,4.778958188663735e-05,0.7493810489537973,0.5491157631629701
2022-02-21,2022-05-23,34,0,False,RD,91,9600,500,True,0.009186971484124732,0.8307840324647433,0.6808463049251252,0.01826474027906398,0.8425125007733609,0.7094430584351221,0.01832109107060018,0.862521312104499,0.709955370581324,9.296525240441137e-05,0.7958597209079213,0.6295906544421089,6.90893344303627e-05,0.8222425960731921,0.6743961362419459
2022-02-21,2022-05-26,35,0,False,RD,94,9600,500,True,0.007864855797416427,0.8436756312430487,0.7080787557121917,0.01884155972024726,0.864143884324293,0.7360958261929589,0.012436414902782088,0.8986492420049097,0.7976063073501082,0.00011260813525169479,0.7767066810722152,0.6032493970666724,6.884043138466453e-05,0.8352027175707766,0.6953634922390274
2022-02-21,2022-06-01,36,0,False,RD,100,9600,500,True,0.008824780731899823,0.7938601969794059,0.6135500186782007,0.01970931938793601,0.8276024776006456,0.6654918642145236,0.015362879924745878,0.8688873237939287,0.7541491207983755,0.000128190688915305,0.6895116827383427,0.41673166149764707,9.873292600209731e-05,0.7894393037847065,0.6178274282022566
2022-04-01,2022-04-01,0,0,True,CO,0,960,50,True,0.005014221685788201,0.7976522634609996,0.6375976215335952,0.013182788066502707,0.7576756871935266,0.5729066027928895,0.006772490553352002,0.8515504626379982,0.7244361655603353,7.880049488988068e-05,0.7392069655642268,0.5447913955232454,2.2807628408212626e-05,0.8421759384482469,0.7082563222579108
2022-04-01,2022-04-04,1,0,False,CO,3,960,50,True,0.007195182462436049,0.6615412996321028,0.4279249095593203,0.014945255668063416,0.5429436586535129,0.28256987652465004,0.013703258335107731,0.7343090040084155,0.5116284375864393,8.497835059289632e-05,0.6029917704676917,0.36015859997547206,4.723749598015176e-05,0.7659207653987912,0.5573427241507196
2022-04-01,2022-04-05,2,0,False,RD,4,960,50,True,0.025313006597120845,0.6012501400063524,0.29533819336957,0.05864045446785244,0.5972196916281852,0.27137890276394583,0.042184680074461606,0.5801104646906456,0.1756710631641516,0.000328851074964137,0.5509326782770497,0.28622932491623576,9.804077120520826e-05,0.6767377254295288,0.448073482633947
2022-04-01,2022-04-06,3,0,False,RD,5,960,50,True,0.017214245714402776,0.6342612948788265,0.29983996662439505,0.03411989553347166,0.6880099743497967,0.44295103925695667,0.03443342175259282,0.6551415819591959,0.058071464446829646,0.0002314311980006857,0.5411969361060454,0.28016341502212805,7.22343735459325e-05,0.6526966871002682,0.41817394777166583
2022-04-01,2022-04-07,4,0,False,RD,6,960,50,True,0.02242323851781567,0.6089285734126355,0.3184179965438531,0.037311774869129476,0.6455511797733164,0.3022858708009032,0.05203754242104283,0.5791742683588058,0.23515402377236516,0.00021135011493796145,0.5293468752010853,0.2762691165537339,0.00013228666615240455,0.6816419703173346,0.4599629750484102
2022-04-01,2022-04-08,5,0,False,CO,7,960,50,True,0.007823635302455414,0.6528388768701007,0.41785977368275284,0.017410256875112048,0.6709617394689614,0.4424982154791064,0.013738277582029414,0.6451742061987097,0.4118312708191373,0.00010350997932984237,0.6187821245467898,0.38108737797038406,4.2496773350350055e-05,0.6764374372659416,0.43602223046238364
2022-04-01,2022-04-11,6,0,False,CO,10,960,50,True,0.011515263529530731,0.6257323670677408,0.25506481189209196,0.02225566251377857,0.5884103929622719,0.2673809618106453,0.023701267685289313,0.5836674349136267,-0.11726950284986648,7.16869351751742e-05,0.6305615162466458,0.3930931798273286,3.2436983879872646e-05,0.7002901241484186,0.4770546087802603
2022-04-01,2022-04-13,7,0,False,RD,12,960,50,True,0.01756892949920919,0.6837799111827134,0.40730202001709315,0.038444673764445235,0.7412115769826005,0.48831684574170275,0.031431301955372824,0.700250453016932,0.34710150264258344,0.00028951966410048133,0.6110593696145262,0.34955175283870976,0.00011022261291821327,0.6825982451167949,0.4442379788453764
2022-04-01,2022-04-14,8,0,False,RD,13,960,50,True,0.018063944955152043,0.6450129135440217,0.36407548515708893,0.045893856516877676,0.6579825052968631,0.2545395496965198,0.025878696122267005,0.7484923113884958,0.5382521690976461,0.000273796073250981,0.5269148863012337,0.2693045556393595,0.00020943110821250685,0.6466619511894942,0.39420566619483033
2022-04-01,2022-04-15,9,0,False,CO,14,960,50,True,0.007096799670419576,0.7425748299900421,0.5453068326989141,0.018117405747904464,0.6767125350327232,0.45082289682617194,0.01014306151023626,0.7965783692303507,0.6314550753863291,8.416794800751266e-05,0.6762566505437297,0.4448576608242537,4.2563475530068195e-05,0.8207517651533649,0.6540916977589013
2022-04-01,2022-04-18,10,0,False,CO,17,960,50,True,0.00815489931179191,0.6499280482292354,0.40399798568658796,0.01778615505162294,0.5946657118557838,0.3414356685996788,0.014685417429792066,0.6738394352236412,0.4230581258297197,7.950046339515044e-05,0.6438756149317721,0.38768867443771204,6.852430235747643e-05,0.6873314309057448,0.46380947387924143
2022-04-01,2022-04-20,11,0,False,CO,19,960,50,True,0.009190567243835353,0.6290859482281435,0.29348955428598,0.026283229075528488,0.39367389657117025,-0.2414866929989714,0.010366304421516648,0.7944894465258572,0.5622396646735615,6.868864958770858e-05,0.6090189763580302,0.3556494856812318,4.404682870856891e-05,0.7191614734575162,0.4975557597880983
2022-04-01,2022-04-21,12,0,False,RD,20,960,50,True,0.012707648959993142,0.6613091730957061,0.42692984683695656,0.027966051365150197,0.6640576021728517,0.4126420080884542,0.02249836320857206,0.803571438681564,0.6294035800301983,0.00016174539066480793,0.5486459353024477,0.29839274281864525,0.00020443587558550594,0.6289617162259612,0.3672810564105288
2022-04-01,2022-04-22,13,0,False,RD,21,960,50,True,0.014377720782551093,0.7065058374640587,0.4687417582491714,0.03124639254643751,0.6997540779114952,0.4681385702742846,0.025972075950110658,0.8091571254500896,0.54655467358712,0.00016429923196066912,0.6476914177487567,0.41529704542578905,0.0001281154016955365,0.6694207287458934,0.4449767437094917
2022-04-01,2022-04-25,14,0,False,CO,24,960,50,True,0.0050322356214526276,0.7534101982437665,0.5487047643594376,0.013165402333564115,0.7674556169455582,0.5437040294976561,0.006835482121323727,0.877244037894773,0.7141957411652486,7.418744649655476e-05,0.6226306346188389,0.3802767493725637,5.3870584426113465e-05,0.7463105035158958,0.5566425374022821
2022-04-01,2022-04-27,15,0,False,CO,26,960,50,True,0.007866119373618093,0.6793597469389392,0.39040137724750973,0.01737112787222875,0.6264774443611001,0.1801911602555034,0.01393301280272927,0.7852686345791285,0.6035440157628364,6.672923703989901e-05,0.5847710545379987,0.26513282301404983,9.360758247445157e-05,0.7209218542775298,0.5127375099576492
2022-04-01,2022-04-28,16,0,False,RD,27,960,50,True,0.012240272448067436,0.6940135939720642,0.4789050569296583,0.025640308783647456,0.7443185723863208,0.5456100546321434,0.022973405295651637,0.7951269139916599,0.6063722855770426,0.0002413757396068283,0.5275232332097819,0.27536905729163275,0.0001059999733638187,0.7090856563004939,0.4882688302178144
2022-04-01,2022-04-29,17,0,False,CO,28,960,50,True,0.0077342016965312585,0.6723535189510349,0.41686303251641044,0.01723422237353397,0.653162304626953,0.3890871256769226,0.013553824670113929,0.7181851118418008,0.4764631267717576,9.080992833608534e-05,0.6205140144514121,0.3683030697583226,5.794981414104916e-05,0.6975526448839737,0.43359880785863913
2022-04-01,2022-05-09,18,0,False,CO,38,960,50,True,0.008361279073908255,0.749422688452378,0.5159855516680214,0.023126866893575144,0.6688879954928357,0.27538621620453774,0.010194461362860568,0.8684625128924541,0.7363855052618891,7.119055970965407e-05,0.6538840900552702,0.41877402433574606,5.259747948765659e-05,0.8064561553689524,0.6333964608699127
2022-04-01,2022-05-10,19,0,False,RD,39,960,50,True,0.015208268572569473,0.755753681386838,0.5437824505209898,0.028434559731004113,0.7645701893954395,0.5604527858418333,0.03217593200840955,0.7262109283695113,0.4798695303226851,0.00011744656002329552,0.7545003290090881,0.5669908388903255,0.00010513599084093515,0.777733278773313,0.5678166470291156
2022-04-01,2022-05-11,20,0,False,RD,40,960,50,True,0.021115289263627622,0.6505412025172709,0.3875037486657028,0.046980713744770225,0.5971120041407052,0.26266455322994253,0.037152089421229946,0.7047623807608646,0.455803552472978,0.00019103295242069453,0.6346418499533911,0.39200989427328503,0.00013732093608963898,0.6656485752141226,0.4395369946866057
2022-04-01,2022-05-13,21,0,False,CO,42,960,50,True,0.007297734388581387,0.674883048147229,0.4205638606281487,0.013513666439009125,0.7234756075571711,0.5164392722633684,0.01554024389683486,0.7114709010417704,0.42181944389996096,7.549039744483901e-05,0.6166890815136366,0.3245831532474116,6.15368210367217e-05,0.6478966024763377,0.4194135731018538
2022-04-01,2022-05-23,22,0,False,RD,52,960,50,True,0.02065666276195876,0.7069273385283095,0.4176903418524994,0.03707639343595346,0.7023835113838903,0.41018578329552724,0.04531171910459302,0.6954577223088875,0.28266167525882524,0.0001401641480401591,0.6650627637333648,0.4415320885659094,9.837435924838938e-05,0.7648053566870954,0.5363818202897358
2022-04-01,2022-05-26,23,0,False,RD,55,960,50,True,0.017894195041849772,0.726319178198767,0.4795148924012044,0.0405815729270437,0.7326265343864343,0.43159448399630096,0.03073243835455973,0.7563472616426463,0.4998517071569354,0.00016567384647347977,0.6536778220659495,0.4162837495557641,9.70950393221722e-05,0.7626250947000377,0.5703296288958171
2022-04-01,2022-06-01,24,0,False,RD,61,960,50,True,0.014627711378392414,0.673053368823313,0.43905447512585627,0.02810763601686434,0.7452567619337416,0.5229549666188333,0.03009861330812941,0.7406903802796816,0.5183344151096245,0.00015613069037216927,0.5510025747821581,0.2896045014410724,0.0001484654982037362,0.6552637582976709,0.4253240173338947
2022-04-01,2022-06-02,25,0,False,RD,62,960,50,True,0.014539984191158284,0.7000713918844885,0.4752960908533853,0.03491250048307245,0.719553028930698,0.4754558687675242,0.02296204641227989,0.7837023201388282,0.6122397255610338,0.00017136324861010918,0.6054729092715048,0.34183212891025816,0.0001140266206706835,0.6915573091969232,0.4716566401747251
2022-04-01,2022-06-08,26,0,False,CO,68,960,50,True,0.006478582505162688,0.7089872983507884,0.48947581924288097,0.01618881785832827,0.6669909916874632,0.4101099879169817,0.009637886353244567,0.704751666959333,0.4928106849761619,5.159817337599059e-05,0.690473086396662,0.45871140123323306,3.602763570192232e-05,0.7737334483596956,0.5962712028451471
2022-04-01,2022-06-10,27,0,False,CO,70,960,50,True,0.007153092367756608,0.7434715895339201,0.5306506936387403,0.018434561353948883,0.6327357902535462,0.3660002116905633,0.010072268599749636,0.8408828897699043,0.6525469234336522,5.99036559734166e-05,0.7325791001191451,0.5149837632015695,4.563586135449301e-05,0.7676885779930851,0.589071876229176
2022-04-01,2022-06-13,28,0,False,CO,73,960,50,True,0.00636027522620281,0.7762281243040562,0.5937346242806962,0.013275478208842048,0.757228251114922,0.5587286250132437,0.012064417051830116,0.7614094205254345,0.5785005698921286,5.328085809314675e-05,0.783727195886952,0.6109898330101083,4.7924786045928024e-05,0.8025476296889162,0.626719469207304
2022-04-01,2022-04-01,0,0,True,CO,0,1920,250,True,0.005090260839060236,0.7963346429246418,0.6347590147563271,0.013474071854541454,0.7516936684817813,0.5634696474267529,0.006785824070544348,0.8521079986814315,0.7238936420831675,7.776441148915564e-05,0.7439648244837362,0.5507765619822208,2.3383019665987063e-05,0.8375720800516182,0.7008962075331675
2022-04-01,2022-04-04,1,0,False,CO,3,1920,250,True,0.006822728875205802,0.6746684760929447,0.4402513751123262,0.014609082781148851,0.583891830648025,0.29870747638408646,0.012548944491095634,0.7531494461435995,0.5527671245855383,8.407165657690136e-05,0.6131186649762095,0.3669855195913556,4.8816572001822774e-05,0.748513962603945,0.5425453798883244
2022-04-01,2022-04-05,2,0,False,RD,4,1920,250,True,0.019510483990978756,0.6538869873839206,0.42042896794031304,0.04776170963062722,0.6420381242072415,0.40654980264494023,0.02989109028822476,0.6582171750637534,0.41589954849334854,0.00030353066881602404,0.592077514009828,0.34118722156201864,8.560537624700392e-05,0.7232151362548591,0.5180792990609446
2022-04-01,2022-04-06,3,0,False,RD,5,1920,250,True,0.012447224590359946,0.6892001912581933,0.42819220057925633,0.028865058544710217,0.7497353252073697,0.528742670142581,0.02063280806122512,0.7305600071787067,0.4355881671853885,0.00022098266645588063,0.5776601505846766,0.3126622109071313,7.004908904856627e-05,0.6988452820620202,0.43577575408192437
2022-04-01,2022-04-07,4,0,False,RD,6,1920,250,True,0.02186381250871447,0.646056530840659,0.3355579771907803,0.038054349146599734,0.6914973819850758,0.2884000514533097,0.04906504448084205,0.6114275268486447,0.2788436944050072,0.00022197936513522262,0.5449176336221441,0.23987113949139216,0.00011387704228086743,0.7363835809067714,0.535117023413412
2022-04-01,2022-04-08,5,0,False,CO,7,1920,250,True,0.008080416801603244,0.6388258754205226,0.39493427087797783,0.0187530097433143,0.6328728945132256,0.39950131281631984,0.01341699698074937,0.6557954310110335,0.4255860666322987,0.00010523398762293592,0.6213340621686088,0.37077909175501134,4.642649472636445e-05,0.6453011139892226,0.38387061230828134
2022-04-01,2022-04-11,6,0,False,CO,10,1920,250,True,0.00915261690465878,0.6514201939705935,0.382376013956373,0.020508883957044723,0.603558031026529,0.32488197870339597,0.01600131546062799,0.6264565462188827,0.24570356290537432,7.516263003330611e-05,0.603907971202716,0.36366769373164387,2.5105570929107824e-05,0.7717582274342463,0.5952508204850777
2022-04-01,2022-04-13,7,0,False,RD,12,1920,250,True,0.012681980303271959,0.7595576257475128,0.5532031545680665,0.03137826402179084,0.7849372063264015,0.5823679189425612,0.019019134225469143,0.8148202040114332,0.6049300097565582,0.00024756302238606757,0.674394934344511,0.44381348163942813,8.295994344178184e-05,0.7640781583077056,0.5817012079337185
2022-04-01,2022-04-14,8,0,False,RD,13,1920,250,True,0.012377468661823354,0.7305846770798262,0.5299928932252662,0.030443020219789483,0.7213289593208554,0.5055096850861427,0.018686909188023567,0.8216095293367861,0.6665736270841427,0.00020958039142573935,0.6649966788239497,0.4406806663668654,0.00017036484805462863,0.7144035408377136,0.5072075943639138
2022-04-01,2022-04-15,9,0,False,CO,14,1920,250,True,0.006562920365684443,0.7520020520063881,0.565224965426735,0.017253253153688104,0.6961061688931653,0.4770171999728451,0.008872073199132269,0.8246422941181164,0.6776360327657116,8.693631847338537e-05,0.6622848576567686,0.4265984577367261,3.94187914440115e-05,0.8249748873575025,0.679648171231657
2022-04-01,2022-04-18,10,0,False,CO,17,1920,250,True,0.006479052206006851,0.7070388498908393,0.49465204959664505,0.015533131746755002,0.6533602670410616,0.42485790247165367,0.010248471265043661,0.7871015065990246,0.5973711848980602,7.852380437010505e-05,0.6358504781495837,0.3952108869721914,5.608200785863693e-05,0.7518431477736875,0.5611682240446749
2022-04-01,2022-04-20,11,0,False,CO,19,1920,250,True,0.005796410886395126,0.699208379634737,0.472467701107181,0.013584850668213395,0.6232324878789148,0.35832042240700235,0.009496593620963284,0.7826048695976309,0.5989668218364381,5.980806572188874e-05,0.6628714480446005,0.43895595357277584,4.439119068193593e-05,0.7281247130178017,0.4936276066125076
2022-04-01,2022-04-21,12,0,False,RD,20,1920,250,True,0.01135183078977757,0.7135411903199435,0.5011442157496089,0.024250309625292635,0.720622506779497,0.4906820065955131,0.020845232045061526,0.814984691989377,0.6566342049986891,0.0001430596179578095,0.6264748801635679,0.3794465130892304,0.00016872187079830725,0.692082682347332,0.4778141383150032
2022-04-01,2022-04-22,13,0,False,RD,21,1920,250,True,0.010319365118828751,0.7619542594820413,0.5688198180164987,0.024736053378579908,0.7765632711398116,0.5789545082316041,0.016278613028784698,0.86971613119429,0.7157924144159609,0.00015387308226331322,0.6744029440754082,0.4524013000234999,0.0001089209856870887,0.7271346915186556,0.52813104939493
2022-04-01,2022-04-25,14,0,False,CO,24,1920,250,True,0.004293934125010328,0.7766055022953993,0.589323968135566,0.011722623889961148,0.7873486121843651,0.5937088811128102,0.005330984270326784,0.8990973061034289,0.7771016029012145,6.799402026960747e-05,0.670049064066646,0.43201340314812187,5.413431948377145e-05,0.7499270268271568,0.5544719853801172
2022-04-01,2022-04-27,15,0,False,CO,26,1920,250,True,0.006281408282729511,0.7144222612580673,0.45657450244110565,0.013845355930332521,0.6738500125213629,0.34658559509877174,0.011128005008321949,0.829774642941979,0.6833589231105734,7.077522291107888e-05,0.5944258154284907,0.22057570911356872,8.149696935249367e-05,0.7596385741404366,0.5757777824415087
2022-04-01,2022-04-28,16,0,False,RD,27,1920,250,True,0.009964800440822553,0.7393198894102291,0.5444718227823032,0.022797896411721134,0.7772557740808674,0.5959824434083751,0.016745022090187918,0.8511885607325855,0.7130897797476201,0.00021676617256641867,0.5909973351854882,0.3492491157978619,9.951708881473872e-05,0.737837887641975,0.5195659521753556
2022-04-01,2022-04-29,17,0,False,CO,28,1920,250,True,0.007245409988618867,0.6853274037564919,0.4485157174386325,0.017110483101112413,0.649972569630627,0.3934733934726653,0.01172675185848093,0.7492058986814745,0.547036563439552,9.403511983234379e-05,0.6023804118230742,0.3458678184046615,5.036987504977913e-05,0.739750734890792,0.5076850944376511
2022-04-01,2022-05-09,18,0,False,CO,38,1920,250,True,0.005747063007357581,0.7995216059277386,0.6290579468965123,0.012879097683699018,0.7796427175211949,0.5964705574947924,0.010001794118146619,0.8733266981293764,0.7413676104031066,6.137667220217686e-05,0.7096403613904704,0.49889822008383977,4.598355538250819e-05,0.8354766466699126,0.67949539960431
2022-04-01,2022-05-10,19,0,False,RD,39,1920,250,True,0.011906758515821944,0.7881586901866459,0.6180081848741523,0.02290035380673641,0.8049280138649446,0.6460016678924713,0.024526595822133873,0.7811504043664556,0.6035226018870886,0.00010616370389408039,0.7812366929875108,0.6085891629831176,9.392073052341246e-05,0.7853196495276723,0.6139193067339315
2022-04-01,2022-05-11,20,0,False,RD,40,1920,250,True,0.016657734132384437,0.7311164847768605,0.5184994862993516,0.03478937799242883,0.6812510100169465,0.4540005989637531,0.031581170606923815,0.7651075144709963,0.537405267892904,0.00016171299928445938,0.7037557739231617,0.48532490187440724,9.867493090064193e-05,0.7743516406963376,0.5972671764663421
2022-04-01,2022-05-13,21,0,False,CO,42,1920,250,True,0.005733221746139584,0.7202974857260415,0.5039466465933206,0.010713342080641047,0.787513272046469,0.6166435277659463,0.0120942868327892,0.7775219213190825,0.5500275585739254,6.33512626173789e-05,0.6677615808403888,0.43319267770326886,6.190680851071465e-05,0.6483931686982255,0.4159228223301418
2022-04-01,2022-05-23,22,0,False,RD,52,1920,250,True,0.013462277476426534,0.7635523144281608,0.5646416250557991,0.027799797964478314,0.75785322292624,0.5577586021335812,0.02584081967847782,0.7977841687969969,0.5909091364353223,0.00012696150791848535,0.7033583379603052,0.49413648817353606,8.15307548315098e-05,0.7952135280291013,0.6157622734807571
2022-04-01,2022-05-26,23,0,False,RD,55,1920,250,True,0.010823022990516608,0.7929803292312956,0.6200133954602045,0.028030133649329256,0.7973552407012958,0.6073961300306775,0.015033953816590917,0.870920363951989,0.7553332329410234,0.00014002946163540372,0.7180933318093115,0.5066362371768379,8.79750345108551e-05,0.7855523804625857,0.6106879816922788
2022-04-01,2022-06-01,24,0,False,RD,61,1920,250,True,0.011135090939751909,0.7246000177492917,0.5219523102946195,0.022787917804706456,0.7877299695406161,0.6132416470986373,0.021473606314333062,0.8127686161384562,0.6563596787927336,0.00015085756313438345,0.5854816798025326,0.31359725932949367,0.0001279820768337339,0.7124198055155619,0.5046106559576133
2022-04-01,2022-06-02,25,0,False,RD,62,1920,250,True,0.01153120328466659,0.7460905724334951,0.5428067780429222,0.02836220130562537,0.7655781225228719,0.5738710766101337,0.017495222834353428,0.8480459905314106,0.704558022145981,0.00016619385281768577,0.6407778920791785,0.36168662076376323,0.00010119514586987211,0.7299602846005193,0.531111392651811
2022-04-01,2022-06-08,26,0,False,CO,68,1920,250,True,0.0051061364342256605,0.7577183780668879,0.5664779477843602,0.012599899186240993,0.7388907535004474,0.5408834203794032,0.007744144600571025,0.7817110681458085,0.5924679694851447,4.845018513414514e-05,0.7040084242194895,0.4917352474834893,3.205176495647905e-05,0.806263266401806,0.6408251537894034
2022-04-01,2022-06-10,27,0,False,CO,70,1920,250,True,0.0069424481324848655,0.7489744442030895,0.5265992901751033,0.020168818568590537,0.6313898241739642,0.3063557923932527,0.007488923615796669,0.879262241731164,0.7416620173787255,7.416792842256528e-05,0.6731937989662906,0.39949158444333477,3.78824171296904e-05,0.8120519119409391,0.6588877664851004
2022-04-01,2022-06-13,28,0,False,CO,73,1920,250,True,0.005288507997713667,0.7983212746720652,0.6179487468105351,0.01122587550286715,0.8042113459904796,0.6268565666221366,0.009820213757474371,0.823040033170217,0.656907210308597,5.901378527814027e-05,0.7678804791649274,0.5691330191112708,4.892894523500555e-05,0.7981532403626365,0.6188981912001366
2022-04-01,2022-04-01,0,0,True,CO,0,3840,250,True,0.005065775614401388,0.7964168394166347,0.6348192913826294,0.013308274820640576,0.7556858837934054,0.5688411074015602,0.0068529413337886,0.8494419006250811,0.7211627279134123,7.876969547731147e-05,0.740599990723469,0.5449693151877593,2.3116607699066263e-05,0.8399395825245832,0.7043040150277857
2022-04-01,2022-04-04,1,0,False,CO,3,3840,250,True,0.006678791246630367,0.6904353150666531,0.4525718474449111,0.014530110914425102,0.6045194999142764,0.30249843167806434,0.012054712728365405,0.7748248530466494,0.5703810914433756,8.624953334569494e-05,0.5999621204638248,0.3505872756727185,4.409181038526541e-05,0.782434786841862,0.5868205909854858
2022-04-01,2022-04-05,2,0,False,RD,4,3840,250,True,0.015999314985348904,0.7184706514164416,0.5053034272744155,0.039945592568266956,0.714308987002379,0.5036668499424584,0.02370383246290116,0.7489011382096609,0.5368044754970738,0.0002714319751485328,0.6555417898944442,0.41085737924920507,7.640293507895772e-05,0.7551306905592818,0.5698850044089245
2022-04-01,2022-04-06,3,0,False,RD,5,3840,250,True,0.010505545966075967,0.7254559980923674,0.5137866186803473,0.025400791879194994,0.7723133041308223,0.5853010539122183,0.01636950721663053,0.7711683600242791,0.5522110445173282,0.0001914294620086393,0.6366091014324917,0.40458360244048897,6.045530646970764e-05,0.7217332267818761,0.5130507738513539
2022-04-01,2022-04-07,4,0,False,RD,6,3840,250,True,0.016620853891511148,0.6994022688767142,0.45988259459513753,0.029155738514075182,0.7425039410647376,0.45480023987454055,0.03703573922621013,0.6913106594160459,0.455650001789321,0.0001836847821428416,0.6145073593032833,0.3710041288839816,0.0001082530436164318,0.7492871157227897,0.5580760078327069
2022-04-01,2022-04-08,5,0,False,CO,7,3840,250,True,0.007280709300645789,0.6777326589857307,0.45496614610249353,0.016613887762014674,0.6868914597511705,0.46799911445342146,0.012370154428733876,0.6871783414392151,0.47040391587104224,9.920987265275994e-05,0.6425315856495429,0.4067988148361902,3.958513918184913e-05,0.6943292491029938,0.47466273924932045
2022-04-01,2022-04-11,6,0,False,CO,10,3840,250,True,0.0067438926193918594,0.7222125281335605,0.5095452034017801,0.015882015205062466,0.7042047757143287,0.47719072856905487,0.011004967247740305,0.7197474886967791,0.4812296772888085,6.635042708146295e-05,0.6635912616062114,0.4382724464547243,2.223759768320252e-05,0.8013065865169227,0.6414879612945328
2022-04-01,2022-04-13,7,0,False,RD,12,3840,250,True,0.010378360943320787,0.7976347202028773,0.6158662576600311,0.02428308893961845,0.8385135498334744,0.6768018472496449,0.016942983965555273,0.8294621531246006,0.6480562979042963,0.00021018610526096488,0.7329728534596569,0.5277861896896772,7.718476284846158e-05,0.7895903243937772,0.6108206957965059
2022-04-01,2022-04-14,8,0,False,RD,13,3840,250,True,0.010980983192110194,0.7629647622985052,0.573429275123539,0.026413483737521143,0.7576652696761246,0.5709620202909946,0.01716038853826057,0.840513151935311,0.6938109962129999,0.00018550704968373744,0.7149803980730477,0.5049265882771228,0.00016455344297532264,0.7387002295095377,0.5240174957130388
2022-04-01,2022-04-15,9,0,False,CO,14,3840,250,True,0.004992459488692464,0.815808880902519,0.6620998583056532,0.012332795615139927,0.7944900302948171,0.6261667335710679,0.007537973593588445,0.85862257544173,0.7261101190222214,6.611837270001342e-05,0.7542676312410983,0.563906344967528,3.295037334147138e-05,0.8558552866324308,0.7322162356617954
2022-04-01,2022-04-18,10,0,False,CO,17,3840,250,True,0.004967567486825815,0.7668097930252501,0.5822054452197962,0.010986734274705704,0.7783491617343745,0.5931964333553734,0.008764917049838509,0.8118451636052207,0.6556551630992709,6.626500826327258e-05,0.7070009248361948,0.48962794284095357,5.2353614495773796e-05,0.7700439219252107,0.590342241583587
2022-04-01,2022-04-20,11,0,False,CO,19,3840,250,True,0.005451741857496864,0.727387449731394,0.510228455191659,0.013775414883104289,0.6524288738537996,0.3493191335520832,0.007936118524961929,0.8229457629473698,0.6648643754406152,5.692661893114664e-05,0.6828998246638172,0.4659860630994752,3.85074029900908e-05,0.7512753374605895,0.5607442486744627
2022-04-01,2022-04-21,12,0,False,RD,20,3840,250,True,0.010675789009277323,0.748979768338483,0.5402378333061333,0.023955195392967508,0.7500667012722105,0.4968801537926182,0.018465760098923305,0.8467145731937402,0.6958292244977707,0.0001274254678022203,0.6764918712440624,0.44726317954222383,0.00015477507741625912,0.7226459276439186,0.5209787753919202
2022-04-01,2022-04-22,13,0,False,RD,21,3840,250,True,0.007448062814114365,0.8060845837403168,0.648152944610591,0.017695340213846757,0.8405249579407335,0.6987982234546781,0.011865044348279681,0.9001456118120486,0.7928487149912999,0.00013635212641752525,0.7179719646452412,0.5147543282619332,9.55145679134989e-05,0.7656958005632444,0.5862105117344529
2022-04-01,2022-04-25,14,0,False,CO,24,3840,250,True,0.003735228212574294,0.8097589253648269,0.6510957959856416,0.010582314692490215,0.8074744407346433,0.6332305363383584,0.004256061149904947,0.9148089281720313,0.8220461437958673,5.6785144161984466e-05,0.7257154060450737,0.525646510436953,4.5751863740029454e-05,0.7910369265075592,0.6234599933713876
2022-04-01,2022-04-27,15,0,False,CO,26,3840,250,True,0.0058323582235574045,0.7401563644943236,0.5053051189060831,0.013195275872817745,0.6914111828400494,0.37726531731440505,0.009998019635338681,0.8515917105163702,0.7155120165988622,6.249220536338083e-05,0.6233261786705313,0.3117938616388619,7.364518070981142e-05,0.7942963859503436,0.6166492800722033
2022-04-01,2022-04-28,16,0,False,RD,27,3840,250,True,0.008307144390660572,0.7717473318152632,0.5977338480032744,0.019456294838193725,0.8098331608708005,0.6552013151173088,0.013483542699410048,0.8796155166187606,0.768972164692636,0.00019758179495474285,0.6408868502340412,0.40684228426071545,9.115823008376965e-05,0.7566537995374503,0.5599196279424374
2022-04-01,2022-04-29,17,0,False,CO,28,3840,250,True,0.006239085220401201,0.7193130144107045,0.5035874370040503,0.014915073373909083,0.6966206157709112,0.47129553349693887,0.00990664529535642,0.7983462206314854,0.6173409182761266,8.57105490159545e-05,0.6400433824220869,0.40377564772075336,4.8911663323347455e-05,0.7422418388183346,0.5219376485223821
2022-04-01,2022-05-09,18,0,False,CO,38,3840,250,True,0.005360436161873886,0.8196588770806719,0.6500801377335717,0.013129927753229131,0.7912749761690727,0.5886115194933074,0.008210478651631837,0.8993682257438569,0.7876885198473456,5.831756057524999e-05,0.7335134250013848,0.5238739352246959,4.30206820593239e-05,0.8544788814083731,0.7001465763689378
2022-04-01,2022-05-10,19,0,False,RD,39,3840,250,True,0.01081019790080472,0.8123413760829217,0.6547376736203887,0.020590504570494408,0.827537289624874,0.681707787717091,0.022469601804573212,0.8026022313418074,0.6367743275619695,0.00010195378195850589,0.7947778789046342,0.6241105606749593,7.873144619275398e-05,0.824448104460371,0.676358018527535
2022-04-01,2022-05-11,20,0,False,RD,40,3840,250,True,0.012033781931443843,0.7856497936824203,0.6136967244897813,0.02730048146626281,0.7632215565166964,0.5715345490849351,0.02060244558215631,0.8393844435957133,0.6982194576175986,0.00014769051125715737,0.7300015775598966,0.529953505841622,8.45101660990898e-05,0.809991597057375,0.6550793854149692
2022-04-01,2022-05-13,21,0,False,CO,42,3840,250,True,0.004143575925317453,0.7674681487913608,0.5902094071845059,0.007919837359919106,0.8468120779542874,0.7166037555682737,0.008541315404733614,0.8280579278777673,0.6822171824767476,6.063052299835851e-05,0.680874253388539,0.4575352886380749,5.2520413618733467e-05,0.7141283359448496,0.5044814020549271
2022-04-01,2022-05-23,22,0,False,RD,52,3840,250,True,0.010996852038477294,0.8018600839823957,0.6322914140716617,0.02260275959501379,0.8043433250950398,0.6404335020092622,0.02120326581369192,0.8359249048511459,0.6643271215835678,0.00010876389305828858,0.7540459359596982,0.5666427895791157,7.26188521451804e-05,0.8131261700236989,0.657762243114701
2022-04-01,2022-05-26,23,0,False,RD,55,3840,250,True,0.00868773034755862,0.8249302786724718,0.6780644752862205,0.02099888214203738,0.8418125065514879,0.7058793048533734,0.013552349301150502,0.8890482500418515,0.779445278998578,0.00012263418661440965,0.7538054879848999,0.5679247563175238,7.70557604321966e-05,0.8150548701116481,0.6590085609754072
2022-04-01,2022-06-01,24,0,False,RD,61,3840,250,True,0.010756717308339124,0.7560457766629296,0.5482964519453128,0.024684359894715402,0.8043542151877972,0.5810550811565224,0.018083173805832027,0.8441391031294034,0.7106164859260183,0.0001393587492412019,0.6397598053009214,0.36591692568728196,0.00011997678356786424,0.7359299830335964,0.5355973150114286
2022-04-01,2022-06-02,25,0,False,RD,62,3840,250,True,0.009035991913060839,0.7852688526016174,0.6170156558299651,0.022487688227096906,0.8155296421874483,0.6621329116707472,0.013424194575230254,0.8798222122235173,0.7733055112270141,0.00013622675584552222,0.6994079250241574,0.47678353084734815,9.585809407066925e-05,0.7463156309713463,0.5558406695747509
2022-04-01,2022-06-08,26,0,False,CO,68,3840,250,True,0.003958245980285117,0.8086329374774744,0.6485443302690429,0.009909602102976528,0.8003444165260865,0.6389127757555506,0.005854976995923009,0.8402658667704662,0.6918845415683057,4.182401763381291e-05,0.7554986817322611,0.5612467957957336,2.6580804607119504e-05,0.838422784881084,0.7021332079565817
2022-04-01,2022-06-10,27,0,False,CO,70,3840,250,True,0.005272890065638788,0.7948988195177139,0.6235438373456376,0.015045094900274142,0.7143541553404023,0.4825704393651914,0.005953948173708496,0.8930169589415013,0.7946125453085091,5.514227326399912e-05,0.7526513750374726,0.5535347979615113,3.737491530851663e-05,0.8195727887514797,0.6634575667473382
2022-04-01,2022-06-13,28,0,False,CO,73,3840,250,True,0.0035873209245346487,0.8417229165795392,0.7041749100010897,0.00771873164054306,0.8634363831616771,0.7434325701421712,0.0065375880013889155,0.8859392322437402,0.7715936373032234,5.281212126913111e-05,0.7856100674566496,0.614412138819558,4.015193493748798e-05,0.8319059834560896,0.6872612937394058
2022-04-01,2022-04-01,0,0,True,CO,0,9600,500,True,0.005162187843434525,0.7985752783428726,0.6381427879167828,0.014001315285620377,0.7401617052234002,0.5463881175562382,0.006548157658517987,0.8567229600308461,0.7335639793541566,7.734229663057911e-05,0.7489896824274584,0.5532150024510281,2.1936132969158062e-05,0.8484267656897854,0.7194040523057085
2022-04-01,2022-04-04,1,0,False,CO,3,9600,500,True,0.005891139135801501,0.7251848252747494,0.5090063863054453,0.013526468946426234,0.6369572860250163,0.3506771311274913,0.009919895699905295,0.8147132206113489,0.646464012903379,7.952942555762175e-05,0.6353180804206244,0.4011860828446232,3.866247131685388e-05,0.813750714042008,0.6376983183462872
2022-04-01,2022-04-05,2,0,False,RD,4,9600,500,True,0.015201164116319719,0.7440366379950625,0.531691608913356,0.03773501745835372,0.7514951830077563,0.5311337527269633,0.02274570908762791,0.7725894173359799,0.5555271212988779,0.0002496886787856708,0.6860751735062071,0.45805116544910995,7.424124051157474e-05,0.7659867781303065,0.5820543961784727
2022-04-01,2022-04-06,3,0,False,RD,5,9600,500,True,0.010124675961294927,0.7478903957232983,0.5389990857278849,0.023789372573595115,0.7882852255865593,0.6116094418914577,0.01647906603137718,0.7643860728544329,0.5492140558743542,0.00017189186337256723,0.6822398965616779,0.4653527571713769,5.83733768348444e-05,0.7566503878905231,0.5298200879743509
2022-04-01,2022-04-07,4,0,False,RD,6,9600,500,True,0.012617661250598019,0.7450399283016016,0.5464637188187748,0.02058304797518613,0.8073673793771279,0.6151058628370931,0.029615333751500602,0.7532168479926697,0.5647148616051079,0.00017857252743812402,0.6298667328917065,0.3885101359894598,9.369074826722061e-05,0.7897087529449023,0.6175240148434381
2022-04-01,2022-04-08,5,0,False,CO,7,9600,500,True,0.0062878788295892786,0.7221481560436235,0.5173409796010088,0.013613800014695443,0.7554825213146054,0.5640662939814074,0.011411997553448391,0.7198128363184559,0.5114249178363643,9.082538682044518e-05,0.6760993535141351,0.4569317985779038,3.489236339283604e-05,0.7371979130272973,0.5369409080083595
2022-04-01,2022-04-11,6,0,False,CO,10,9600,500,True,0.005357172409753398,0.7714638085425873,0.5910982701889425,0.013620707889143447,0.7459254330788292,0.5516291682162002,0.0077271115522911035,0.8134258786652117,0.6357466530006681,6.280160967328137e-05,0.6844721430864049,0.4683169933907855,1.8068587905757765e-05,0.8420317793399036,0.7087002661481161
2022-04-01,2022-04-13,7,0,False,RD,12,9600,500,True,0.00807260360858386,0.8343400746238016,0.6836313309185145,0.019732348642179945,0.8647362228994442,0.7373703713544633,0.01231151677920625,0.8771464559929665,0.7442622384288364,0.00017743912310005393,0.7849781349917131,0.6013570720425735,6.910988984919348e-05,0.8104994846110825,0.6515356418481847
2022-04-01,2022-04-14,8,0,False,RD,13,9600,500,True,0.009013644434299176,0.7994692577081873,0.6335373927383383,0.021382953683374187,0.8094497883010852,0.6526736367041954,0.014360495811457874,0.8668834774707916,0.7437688606761949,0.0001682993546207576,0.7447517596432325,0.5508497611012291,0.0001428288877438816,0.7767920054176402,0.5868573124717342
2022-04-01,2022-04-15,9,0,False,CO,14,9600,500,True,0.003880451041162697,0.8459448194059447,0.7129100799062178,0.009190292174012162,0.8497520558965523,0.7214226968434003,0.006240825616498362,0.8812519723703485,0.7732415795725681,6.137116131983351e-05,0.7790335676036719,0.5952172904347928,2.931521282043193e-05,0.8737416817532055,0.7617587527741099
2022-04-01,2022-04-18,10,0,False,CO,17,9600,500,True,0.00417905555109654,0.7956699133146983,0.6294309260947681,0.009733961841663802,0.8037672196975898,0.6395825824341599,0.0068723860200012275,0.8588870814593579,0.7300064986673462,6.416466236236422e-05,0.7167269672410106,0.5058047741171718,4.5709680358763935e-05,0.8032983848608346,0.6423298491603944
2022-04-01,2022-04-20,11,0,False,CO,19,9600,500,True,0.004415513738407703,0.773733157018353,0.5904944642820587,0.011274152690560374,0.7042096436943894,0.46746609786994686,0.00630563184197878,0.8627338964353195,0.7337184596026127,4.898367524161806e-05,0.7377550935976749,0.5404967702144481,3.328674585004279e-05,0.7902339943460284,0.6202965294412268
2022-04-01,2022-04-21,12,0,False,RD,20,9600,500,True,0.00725313891708214,0.8040794211022295,0.6463325293144127,0.014756713102382135,0.8350384694664618,0.690071606396643,0.01401555353948083,0.8787347082438841,0.7691336957504679,0.0001047594499337254,0.7399898132368756,0.5455821644763541,0.00013552957653187382,0.7625546934616965,0.5805426506341862
2022-04-01,2022-04-22,13,0,False,RD,21,9600,500,True,0.00700501401488936,0.8256037992006859,0.6776380745988113,0.015780961904746503,0.8560114398817984,0.7313838725980396,0.012029856493971088,0.9044182864746072,0.7899712670220501,0.00012367962078503348,0.7483782574291046,0.5598528439199373,8.555804005481658e-05,0.7936072130172336,0.629344314855218
2022-04-01,2022-04-25,14,0,False,CO,24,9600,500,True,0.0028413152520611108,0.8400020803535179,0.7061601192794735,0.008124753440924988,0.8506624498736706,0.71840645940856,0.0031486579080578525,0.9343659260523005,0.86834873915779,5.013051752130589e-05,0.7635160223576598,0.5812357920233571,4.1719141740297144e-05,0.8114639231304408,0.6566494865281876
2022-04-01,2022-04-27,15,0,False,CO,26,9600,500,True,0.0047838641254310645,0.773392978388276,0.5672978111654001,0.012107504843235096,0.7158280106800887,0.42860132222030944,0.006905232169004064,0.901120893672998,0.8035155314425341,5.5813353928506385e-05,0.6656310628167079,0.38534585949131883,6.690613555659156e-05,0.8109919463833097,0.6517285315074379
2022-04-01,2022-04-28,16,0,False,RD,27,9600,500,True,0.0074835986436288015,0.8050504743561931,0.6418170165549676,0.017914353242241027,0.8317251995226251,0.6825271466218116,0.011764653636595568,0.9002069750467426,0.798423713752729,0.00017487202453178425,0.7023139017907676,0.47501898825376887,8.051567114682667e-05,0.7859558210646371,0.611298217591561
2022-04-01,2022-04-29,17,0,False,CO,28,9600,500,True,0.0049374805755287065,0.7713735262599377,0.5876656964401088,0.011888712088848164,0.7713359551029216,0.5785729627493231,0.007743263256824203,0.8454310682378763,0.7009048048998553,7.94955896486752e-05,0.6759706055903256,0.4470084838855082,3.845136679378193e-05,0.792756476108627,0.6241765342257486
2022-04-01,2022-05-09,18,0,False,CO,38,9600,500,True,0.004241654271904968,0.8543449629200631,0.7185464013923082,0.010141946373053356,0.8346299312222021,0.6822313126007364,0.006741958667956025,0.920552278160343,0.8256623901412531,4.78962020031062e-05,0.7822294778896548,0.6089577487042507,3.4815844607385676e-05,0.8799681644080529,0.7573341541229923
2022-04-01,2022-05-10,19,0,False,RD,39,9600,500,True,0.00903173064035868,0.8378350715676044,0.6978528504755976,0.017145515158435747,0.859602668382848,0.7349611355163781,0.01881637697451549,0.8367283315608486,0.6958294482092324,9.204437459317292e-05,0.8178783577951072,0.6606451698581126,7.298605389030596e-05,0.8371309285316135,0.6999756483186674
2022-04-01,2022-05-11,20,0,False,RD,40,9600,500,True,0.009542622554670007,0.8180611572242804,0.6698111967050251,0.021416327083576256,0.8148155873141428,0.6638829885784739,0.016542675705156974,0.8712505340382088,0.7576861627008873,0.0001344540019842922,0.7574413267691633,0.5720806183124553,7.703342796250583e-05,0.8287371807756065,0.6855950172282839
2022-04-01,2022-05-13,21,0,False,CO,42,9600,500,True,0.0034740733669867173,0.7987338176042023,0.6298564019079487,0.007343695983305025,0.8673409720601689,0.7372198736744949,0.0064459658596960736,0.8802340137097204,0.7601754418976642,5.756593187133991e-05,0.7035044921125999,0.48495435842253765,4.906569307443163e-05,0.7438557925343201,0.5370759336370979
2022-04-01,2022-05-23,22,0,False,RD,52,9600,500,True,0.009087462314564462,0.8324348040425193,0.6846775037586804,0.01821195168168635,0.8439062133612775,0.7102828236422476,0.01797786096252651,0.8616860963116121,0.7153891108055244,9.233511008138945e-05,0.7973831542445384,0.6321013839829003,6.77015039635992e-05,0.8267637522526494,0.6809366966040494
2022-04-01,2022-05-26,23,0,False,RD,55,9600,500,True,0.007551547656783979,0.8493316951630272,0.7155126014096449,0.017630142379944876,0.8741218754646125,0.7530635346563126,0.012397393914606984,0.9038220959742388,0.798241345819743,0.00011235029506956521,0.7772899380479379,0.6041578416252444,6.630403751449202e-05,0.8420928711653197,0.7065876835372797
2022-04-01,2022-06-01,24,0,False,RD,61,9600,500,True,0.00841258535141392,0.801063821257792,0.6291113467638527,0.018399417440264108,0.8389965361826252,0.687723624223735,0.015031756111545795,0.8719523366875979,0.7594480674150648,0.00012128021760844089,0.7002312262754863,0.4481743438915755,9.788763623733778e-05,0.7930751858854587,0.6210993515250354
2022-04-01,2022-06-02,25,0,False,RD,62,9600,500,True,0.008538333236271732,0.8093399822932406,0.6541944921287898,0.02131442485308104,0.8302687334897672,0.6797606498365778,0.012634994392820441,0.8880976572509299,0.7866327414670355,0.00012011678691599124,0.7363486427989924,0.5386583146161579,8.379691226944866e-05,0.7826448956332726,0.6117262625953876
2022-04-01,2022-06-08,26,0,False,CO,68,9600,500,True,0.002727300646318156,0.8448450240813103,0.7096992328804835,0.006609332240276754,0.8716209884834093,0.7591683896133388,0.004235123524860163,0.8831540839553688,0.777128581839726,3.920822180780805e-05,0.7791512729598693,0.5886876985385614,2.5538598327897724e-05,0.8454537509265939,0.713812261530308
2022-04-01,2022-06-10,27,0,False,CO,70,9600,500,True,0.0036754564538085377,0.8461920223686725,0.7151648368381807,0.010270647009501184,0.8065504304021754,0.6467728249780217,0.004355925589243802,0.9234341009101352,0.8497379480810847,4.600329981886417e-05,0.7953097370628444,0.6275294554917157,2.924991667030323e-05,0.8594738210995352,0.7366191188019007
2022-04-01,2022-06-13,28,0,False,CO,73,9600,500,True,0.0030287504030257644,0.8708624570916547,0.7549526604005795,0.007374162840030698,0.8716632108254849,0.7548858937805134,0.004664735934658053,0.920595270543382,0.8370262293142612,4.234593875915841e-05,0.8317496517310048,0.6908270381222937,3.3756898655149644e-05,0.8594416952667472,0.7370714803852496
2022-04-21,2022-04-21,0,0,True,RD,0,960,50,True,0.008340274805855759,0.7794752745983246,0.6014074472059784,0.018232094077054117,0.8037961084898485,0.6170797934389269,0.014862964177883776,0.8754264957065363,0.7551750203603932,0.00011525921240904726,0.707592080949649,0.5000370672028706,0.00015078175607609188,0.7310864132472646,0.5333379078217227
2022-04-21,2022-04-22,1,0,False,RD,1,960,50,True,0.010654887262287903,0.7684295771367515,0.5635222013281262,0.023804458823616863,0.7844105017116364,0.5948116735408784,0.01855381357545646,0.8696834401240643,0.6760697886034507,0.00014883227702270537,0.6882582742739729,0.4703403596432194,0.0001124443730555906,0.7313660924373331,0.5128669835249566
2022-04-21,2022-04-25,2,0,False,CO,4,960,50,True,0.0057385589031518636,0.716322146903948,0.480531400949004,0.01485975236401504,0.7290203777849366,0.48498002912705884,0.007946123851602973,0.8391064730400677,0.6677577385606958,7.783519255974522e-05,0.6143747073219548,0.3498053805022414,7.052420442969739e-05,0.6827870294688329,0.4195824556060199
2022-04-21,2022-04-27,3,0,False,CO,6,960,50,True,0.008442768768655443,0.6723369350675168,0.3538891656992351,0.019865239376348,0.5969665008682749,0.06248466051496204,0.013745630687639624,0.7913422175669318,0.6088758676686752,7.264598452774067e-05,0.5629773576555226,0.19997362569355415,8.755902610641139e-05,0.7380616641793378,0.544222508919749
2022-04-21,2022-04-28,4,0,False,RD,7,960,50,True,0.010554636098700939,0.7285269700025665,0.5307898308954802,0.02361911941558146,0.7658072835769831,0.5814289729721336,0.01827676285962407,0.8441542084957461,0.6868448408540493,0.00022600459647352682,0.5695063253497998,0.32151456452998495,9.665752312470522e-05,0.7346400625877367,0.5333709452257531
2022-04-21,2022-04-29,5,0,False,CO,8,960,50,True,0.008087520167172615,0.6595727619870506,0.3883100227804176,0.01805905672362301,0.6346813282039605,0.3598486771567777,0.014135900224586507,0.710837039606789,0.4539795825922971,9.070752104297939e-05,0.6204633406084239,0.36901544090401905,6.441619943796613e-05,0.6723093395290289,0.37039639046857653
2022-04-21,2022-05-09,6,0,False,CO,18,960,50,True,0.009048218619865675,0.7253878352230585,0.4746512038703773,0.023021975469587733,0.6428749386435431,0.2786726869561952,0.013034833723639975,0.838477234736919,0.6629374536087846,7.923118448244595e-05,0.6365968888695908,0.3531273993116366,5.68341017525414e-05,0.7836022786421808,0.6038672756048928
2022-04-21,2022-05-10,7,0,False,RD,19,960,50,True,0.012427732958323497,0.7893000029985835,0.6056443170015049,0.024720232712049206,0.7936859332541067,0.6178696092109632,0.024786210026330566,0.7926604930997613,0.5993258855983907,0.00010847486072476373,0.777591454399639,0.6000682486179068,9.60142341894509e-05,0.793262131240827,0.6053135245787586
2022-04-21,2022-05-11,8,0,False,RD,20,960,50,True,0.019574183995092694,0.6834149000349767,0.4329308490961382,0.042184970484282186,0.6290985270314997,0.33793100232598394,0.03580737091270415,0.7344803111431605,0.4755007228519177,0.00017874613169291363,0.6679026254850863,0.4311144850711993,0.000125648451691517,0.7021781364801603,0.4871771861354518
2022-04-21,2022-05-13,9,0,False,CO,22,960,50,True,0.007679825042282489,0.6496902199221615,0.3942865890879929,0.014212143222567841,0.7052085679546702,0.49144561541315834,0.016364835374861816,0.6668324018687575,0.39114021116165876,7.654604733300042e-05,0.6018388643708024,0.3151381941152558,6.577552436729623e-05,0.6248810454944158,0.37942233566189887
2022-04-21,2022-05-23,10,0,False,RD,32,960,50,True,0.016643610547283423,0.7483526248131447,0.49776208070468436,0.029632417158887234,0.7617560215228218,0.5286051501794407,0.036718955393380916,0.7557936465121557,0.41869532940621,0.0001304612621880594,0.6967086229375511,0.48019212019648694,9.260837467748364e-05,0.7791522082800498,0.5635557230365997
2022-04-21,2022-05-26,11,0,False,RD,35,960,50,True,0.014976194789743694,0.7539329449285401,0.5332472170954006,0.03685717162762151,0.7624935381949776,0.48376028462233234,0.022793224702725795,0.81326063325685,0.6290566894844101,0.00016173587715242682,0.665930744622794,0.430158339512951,9.26469514750363e-05,0.7740468636395388,0.5900135547619088
2022-04-21,2022-06-01,12,0,False,RD,41,960,50,True,0.012770489164226382,0.7056094577809919,0.4892157974502274,0.02537607638676072,0.7710345245415727,0.5693152138535561,0.025420511279516663,0.7780776395404181,0.5931976895974236,0.0001487728715396449,0.5862420281199163,0.32308261753328904,0.00013659611908850032,0.6870836389220604,0.47126766881664084
2022-04-21,2022-06-02,13,0,False,RD,42,960,50,True,0.013564761044948359,0.725332954409989,0.5014111413042601,0.03357388150904866,0.7466848938820481,0.4955679981499803,0.02040904515032897,0.8113679386703458,0.6553522797385961,0.0001691834565708123,0.6321799578921621,0.35020422209569135,0.00010693406384499975,0.7110990271954002,0.5045200652327728
2022-04-21,2022-06-08,14,0,False,CO,48,960,50,True,0.0073167226317428415,0.6811427676948778,0.4433460320991659,0.01821925487896879,0.6258685525016676,0.3361246896005098,0.010956359810644509,0.6567252674606301,0.42342662863577285,5.1252655155942474e-05,0.6855358452430912,0.46233604646660975,4.002318220212637e-05,0.7564414055741226,0.5514967636937711
2022-04-21,2022-06-10,15,0,False,CO,50,960,50,True,0.0075453445930257846,0.7261190310949435,0.5067550168669246,0.019063347012780115,0.6155815885104383,0.34437507144790613,0.01100762786203821,0.817907403832681,0.6202807611328303,6.222364165974151e-05,0.7180548507475477,0.49619975563604,4.817985562507002e-05,0.7529322812891073,0.5661644792509217
2022-04-21,2022-06-13,16,0,False,CO,53,960,50,True,0.00661155273912074,0.762410710123013,0.5728883995263827,0.014661679236502688,0.7306643913596607,0.5126518793125538,0.011676468019671456,0.7695008274215245,0.5920545025242047,5.851810018916492e-05,0.7585710181826196,0.5727520775524768,4.954560011964853e-05,0.790906603528247,0.6140951387162956
2022-04-21,2022-07-18,17,0,False,CO,88,960,50,True,0.007055681677249446,0.7222967829413962,0.46845229302227587,0.014421557818708259,0.7209807585831672,0.4047488533483098,0.013676819462884167,0.7345822748844272,0.4747005083388586,4.563059367761579e-05,0.7067399495253123,0.48975787381628755,7.871883372774334e-05,0.7268841487726785,0.5046019365856476
2022-04-21,2022-07-21,18,0,False,RD,91,960,50,True,0.015533988658941593,0.7389571058512734,0.4844748679595967,0.032719830087404166,0.7939702281093177,0.4905563893762983,0.029129493295938343,0.755254487995987,0.5034826650962767,0.00015112295456269804,0.7400130612121676,0.5046063198695242,0.00013550829786116624,0.6665906460876208,0.43925409749628763
2022-04-21,2022-07-22,19,0,False,RD,92,960,50,True,0.011738214142494928,0.6992073296966157,0.48020599164437394,0.02695229647413983,0.7543407645369542,0.5357372212200918,0.01965210101511707,0.7704487124681261,0.5885013646995636,0.00014936261950537603,0.6517153304571305,0.41464132869405856,0.0001990964612174375,0.6203245113242517,0.38194405196378156
2022-04-21,2022-07-25,20,0,False,CO,95,960,50,True,0.006847851919783338,0.7484307591494874,0.5462463631526461,0.013418412566386189,0.7758142650540834,0.5889778379649968,0.0138056679152243,0.7713063370394517,0.5574147690930684,7.780589148075095e-05,0.7169226719761799,0.507794396685473,8.952130604211446e-05,0.7296797625282345,0.5307984488670462
2022-04-21,2022-07-27,21,0,False,RD,97,960,50,True,0.016792840025112565,0.6882483627950731,0.398178844427025,0.043916135154500865,0.6918913244597582,0.3176543532600318,0.02284608257742107,0.7796406006690058,0.4845440586899178,0.00025385892308015526,0.5874691162708048,0.329680594373882,0.00015528344544817296,0.6939924097807236,0.46083637138426836
2022-04-21,2022-07-29,22,0,False,CO,99,960,50,True,0.008443806416175802,0.6754262923568548,0.4161652381862662,0.02055698326339983,0.5100017609013123,0.15443541001194594,0.01305529876379554,0.7760355986754796,0.5131683602824322,5.142656255253804e-05,0.7478138742023701,0.55468493289628,0.00011151707495529435,0.6678539356482578,0.4423722495544069
2022-04-21,2022-04-21,0,0,True,RD,0,1920,250,True,0.008428960634709777,0.780419879295507,0.599833615994888,0.01848155682428066,0.8075606435617042,0.6118404431869171,0.014967942567087451,0.8743359989185251,0.7534458005566051,0.00011396495301192729,0.7116460813307324,0.5056512104063474,0.00015237819445906658,0.7281367933710665,0.5283970098296824
2022-04-21,2022-04-22,1,0,False,RD,1,1920,250,True,0.008885212063503602,0.7850469773719786,0.6094877816438209,0.021817959824299953,0.801337078248717,0.6286249272262499,0.01347672601604245,0.8905661004273016,0.7647104359674689,0.0001435705218029948,0.7014190216193585,0.48906572911997714,0.00010259189186901443,0.7468657091925374,0.5555500342615878
2022-04-21,2022-04-25,2,0,False,CO,4,1920,250,True,0.004918953135517472,0.7453908345653713,0.5446098072004134,0.013016900395260472,0.7553723330179682,0.5488509163411359,0.006526652393869005,0.8679417694477578,0.727108488180706,7.304584904629984e-05,0.6346184437181583,0.3898130593035549,5.9213903894109596e-05,0.7236307920776008,0.5126667649762569
2022-04-21,2022-04-27,3,0,False,CO,6,1920,250,True,0.007056698940033235,0.7006024601371357,0.4447812106936052,0.014989235547326297,0.6388068959056847,0.2926016149846048,0.013092091013821716,0.7998245532657932,0.627471968762529,6.607671347247908e-05,0.5957947887584949,0.27231885080603524,7.939248551244899e-05,0.7679836026185701,0.5867324082212518
2022-04-21,2022-04-28,4,0,False,RD,7,1920,250,True,0.009973327506664275,0.7463258403098558,0.5533090750371706,0.023743525365883603,0.7632261722031892,0.5792242876292925,0.015844349466070565,0.8619099116042407,0.7285219589092242,0.00020816844630457688,0.6138751415107888,0.3750602370663667,9.726674839835696e-05,0.7462921359212042,0.5304298165437993
2022-04-21,2022-04-29,5,0,False,CO,8,1920,250,True,0.0073002982954931475,0.6758115506454773,0.4391830960225157,0.017119429528001155,0.6412764450193618,0.3931562635640994,0.01193473427604813,0.744402753070498,0.5390029295959864,9.285367152709305e-05,0.599025475331243,0.3540862729430686,5.417570639620838e-05,0.7185415291608065,0.47048691798690845
2022-04-21,2022-05-09,6,0,False,CO,18,1920,250,True,0.006801833782698737,0.7770835347029856,0.5868755683462663,0.01487464899827387,0.7357952295531123,0.5339457029407237,0.012218762701300104,0.8528612432089011,0.6840399074381034,6.399855463273772e-05,0.6951084655472304,0.4774922052976821,4.992487658823667e-05,0.8245692005026987,0.6520244577085561
2022-04-21,2022-05-10,7,0,False,RD,19,1920,250,True,0.012098672953291086,0.7907630582086672,0.6218323548346392,0.023263834650626185,0.8027666872500325,0.6403829069957654,0.024937465059067517,0.7765671209373664,0.5968808173033071,0.00010627461029559076,0.781526409995545,0.6081802664784419,8.711749317505095e-05,0.802192014651725,0.6418854285610425
2022-04-21,2022-05-11,8,0,False,RD,20,1920,250,True,0.01670289507027529,0.7302252309953855,0.5160756221982159,0.036322424747457796,0.666616932195774,0.42994030647480586,0.03022684282057418,0.7825875481603239,0.5572431930702009,0.00016436412576888095,0.6950181487145535,0.4768873069404782,9.794858730030622e-05,0.7766782949108902,0.6002316823073783
2022-04-21,2022-05-13,9,0,False,CO,22,1920,250,True,0.0062458780785474965,0.7058429561518574,0.4818689119835604,0.011887454374129327,0.7599046022623248,0.5746301631734319,0.012969199037740672,0.7607355301881418,0.5174761244680176,6.613429252234668e-05,0.6458574725888335,0.40829275206431603,6.07246097976398e-05,0.6568742195681297,0.42707660822847604
2022-04-21,2022-05-23,10,0,False,RD,32,1920,250,True,0.013901467232336763,0.7602022580135555,0.5583447427427813,0.029498405080117245,0.7474228163662496,0.5307370249909754,0.025899561503609836,0.7970668738388833,0.5899791835828346,0.00012693932576164751,0.7030430065121398,0.4942248704237301,8.096301985832641e-05,0.7932763353369492,0.6184378919735855
2022-04-21,2022-05-26,11,0,False,RD,35,1920,250,True,0.01197740403111165,0.7791620456373269,0.5955625808239863,0.0299890008487209,0.7807650693951984,0.5799592703689138,0.017685389721846207,0.8501133698305877,0.7121830238265721,0.0001452833344208253,0.7063487926474807,0.4881253437081563,8.9942219458668e-05,0.7794209506760408,0.6019826853923028
2022-04-21,2022-06-01,12,0,False,RD,41,1920,250,True,0.01166889960444274,0.721319152680635,0.515529642884219,0.02458080364754464,0.7708419193661742,0.5828126460175005,0.02181745421697323,0.8092410696919071,0.6508571096396965,0.00014432332415595283,0.6077256555020596,0.3433280825630328,0.00013301722909713493,0.6974679661623991,0.4851207333166463
2022-04-21,2022-06-02,13,0,False,RD,42,1920,250,True,0.010885565510692386,0.7576566665971799,0.5585262398179701,0.026677864915711332,0.7823768545644665,0.5991774498611439,0.01660256182218866,0.8573056390795253,0.7196323963042381,0.00016211178373731438,0.6565404726104167,0.3773649341597828,9.97235211322381e-05,0.7344037001343113,0.5379301789467155
2022-04-21,2022-06-08,14,0,False,CO,48,1920,250,True,0.005475762514906077,0.7415267443931222,0.5435421971496668,0.013831189904385956,0.7059179575695933,0.4960175071941124,0.007988203354325507,0.774967604730928,0.5796244903647839,5.02946133191044e-05,0.6879216133149149,0.47238634649648104,3.336218759374444e-05,0.7972998019570524,0.6261404445432894
2022-04-21,2022-06-10,15,0,False,CO,50,1920,250,True,0.007042551577029063,0.7400115475943634,0.5145423504623523,0.019938093144926665,0.6328415490056734,0.3142908805655117,0.00811618203191622,0.8676561814694894,0.7200241048941151,7.463009775178397e-05,0.6662781783614014,0.3957495819698834,4.1301033521582235e-05,0.7932702815408892,0.6281048344198992
2022-04-21,2022-06-13,16,0,False,CO,53,1920,250,True,0.005736955751159915,0.7967514545708707,0.6188838521517437,0.012866375145168505,0.765757892819891,0.572327040722162,0.009981933644195059,0.8217046372622037,0.6512571370562354,5.54696221781764e-05,0.7777220954976083,0.5950093943931039,4.404459309791738e-05,0.8218211927037802,0.6569418364354735
2022-04-21,2022-07-18,17,0,False,CO,88,1920,250,True,0.0051758080798699575,0.7726647176429657,0.5852350149243801,0.011447275148955776,0.7353229504621221,0.5275126484869819,0.009152196831350249,0.8181969901981916,0.6484822837547963,3.724138025658579e-05,0.7669602914667971,0.5835662104598476,6.651895891721672e-05,0.7701786384447522,0.5813789169958945
2022-04-21,2022-07-21,18,0,False,RD,91,1920,250,True,0.011685980182751538,0.7735086905816617,0.5727313116820781,0.023467902141945354,0.8262987681200405,0.6346077357669787,0.023017800056926725,0.8004076935423943,0.607657550939769,0.00013626854393642148,0.748201070526142,0.553300319848643,0.00012194998819765982,0.7191272301380697,0.4953596401729218
2022-04-21,2022-07-22,19,0,False,RD,92,1920,250,True,0.009357136426750217,0.7582315107254111,0.56302204934339,0.021194853631504935,0.8250589926006269,0.6349111975583539,0.015931393055777412,0.820804733896896,0.6664098919578956,0.00013600024059206797,0.6909678638611623,0.467009079019293,0.00016629877912645237,0.6960944525429591,0.4837580288380171
2022-04-21,2022-07-25,20,0,False,CO,95,1920,250,True,0.00634651363262195,0.7915462756376893,0.5925707251940433,0.011692035139952246,0.8249804265927736,0.641858860872195,0.013547829744548576,0.8128100979831363,0.5656806036043632,6.548718296719304e-05,0.7674546616909282,0.5857234228887347,8.070246301978735e-05,0.7609399162839189,0.5770200134108802
2022-04-21,2022-07-27,21,0,False,RD,97,1920,250,True,0.012675050958232709,0.7411012495720688,0.5088340303706604,0.032662583541407865,0.7518968621969744,0.49250607749630193,0.01768159704606085,0.8148505724151285,0.6010657749153734,0.0002139494526414236,0.678746632211211,0.4350623244259584,0.000142073792820697,0.7189109314649612,0.5067019446450082
2022-04-21,2022-07-29,22,0,False,CO,99,1920,250,True,0.00485093600936482,0.7722049958101413,0.582356368958368,0.011237349494294974,0.763847756284275,0.5377772751990597,0.008019745498663241,0.84517048718573,0.7009439675131012,4.810096768051095e-05,0.7654845626426579,0.5834820647692024,9.854807682055458e-05,0.7143171771279029,0.5072221683521084
2022-04-21,2022-04-21,0,0,True,RD,0,3840,250,True,0.008394929308317933,0.7780902710406653,0.5979282529244796,0.018274408080603793,0.8044793573970914,0.616191092069178,0.015036854889834143,0.8748650585422746,0.7523106664197362,0.00011742749966830092,0.7018385204802607,0.4906316302349705,0.0001510267631654973,0.7311781477430345,0.5325796229740337
2022-04-21,2022-04-22,1,0,False,RD,1,3840,250,True,0.008271772547726094,0.7953489459268329,0.6274610394903766,0.019539117263179112,0.8220838922409519,0.6674143158213096,0.01330911494060369,0.891257627008454,0.7676367503275044,0.0001416738045790857,0.7061285525869312,0.4958157068987955,9.718418254248529e-05,0.7619257118709943,0.5789773849138968
2022-04-21,2022-04-25,2,0,False,CO,4,3840,250,True,0.004742420962541142,0.7745039841444066,0.5837069766343068,0.013191446103669282,0.765434756267928,0.5428013858066706,0.00566117214916526,0.8896310746378671,0.7632958317335512,6.33056585987896e-05,0.6903111739977014,0.47117753228270876,5.3759938731236676e-05,0.7526389316741298,0.5575531567142968
2022-04-21,2022-04-27,3,0,False,CO,6,3840,250,True,0.006509226970491681,0.7237768644896972,0.48788163209103513,0.014419790581116722,0.6559286675626285,0.319475864053541,0.011482235984705623,0.8284738123562138,0.6732794814005958,5.839568245236723e-05,0.6294136082476309,0.35690752336520293,7.648563369201097e-05,0.7812913697923158,0.6018636595448008
2022-04-21,2022-04-28,4,0,False,RD,7,3840,250,True,0.00847391831568001,0.7692796913386251,0.590809071550406,0.019927522956932578,0.8046596526915754,0.6468503501996747,0.01367662495932267,0.8779333994241174,0.7656638815849763,0.00019616125518951493,0.6480998148231273,0.41110686806233754,9.536409127528229e-05,0.7464258984156802,0.539615186354635
2022-04-21,2022-04-29,5,0,False,CO,8,3840,250,True,0.006695740586026922,0.703414654613777,0.48076610405473386,0.015085303762683215,0.6883069749471088,0.46526126436374937,0.01156085397698195,0.7616808240580157,0.5534446187500709,8.570200540211089e-05,0.6365167311666552,0.4038350792690111,5.110259904041132e-05,0.7271540882833285,0.500523453836104
2022-04-21,2022-05-09,6,0,False,CO,18,3840,250,True,0.006852850296980352,0.786803150417696,0.5950701393093772,0.016110732395692762,0.734634280769641,0.49521658879775765,0.011192656032680968,0.8590811899952976,0.7105735889507812,6.083673227174915e-05,0.719540657788156,0.5033064887383195,4.7176027275930657e-05,0.8339564731176895,0.6711838907506505
2022-04-21,2022-05-10,7,0,False,RD,19,3840,250,True,0.010721890039078875,0.8081053902580009,0.6492705073740608,0.01971926551813963,0.8345413329934095,0.695175578389819,0.022980805443076287,0.796253299642786,0.6285106170181425,0.00010406864026385801,0.7884265826374193,0.6163133717195339,8.342055483572558e-05,0.8132003457583887,0.6570824623687475
2022-04-21,2022-05-11,8,0,False,RD,20,3840,250,True,0.012218690880003599,0.7792896345281853,0.6043162389083678,0.027338052140072056,0.7589140214360586,0.5709448988359183,0.021297407623040047,0.8370928357875282,0.6880397912863977,0.00015018054299465854,0.7233701680567445,0.5220286183279105,8.912321390763403e-05,0.79778151283241,0.6362516471832449
2022-04-21,2022-05-13,9,0,False,CO,22,3840,250,True,0.004474154820630353,0.758871224191105,0.5767488505207563,0.009489217810508505,0.8174237814049002,0.6604464753654706,0.008293545843555173,0.8336246004807331,0.691435541185776,6.010831834779718e-05,0.6809355043401131,0.4622074831208155,5.374731010993614e-05,0.7035010105386736,0.4929059024109633
2022-04-21,2022-05-23,10,0,False,RD,32,3840,250,True,0.0110021855892499,0.8020095722081357,0.6315961552514006,0.022010400164543763,0.8082468733213402,0.6498568029593321,0.021816465920643846,0.8353355964063887,0.6546194356660098,0.000108529463800765,0.7533834232085601,0.5675768459669925,7.334680801121994e-05,0.8110723958962536,0.6543315364132677
2022-04-21,2022-05-26,11,0,False,RD,35,3840,250,True,0.009278938575183544,0.8135614912988127,0.6595449143135165,0.022412565602931173,0.8298882845735381,0.6860785573934407,0.014494249977423872,0.8789356923905594,0.7641165240904612,0.0001248287656311465,0.749166279048366,0.5601926280291987,8.410995474797883e-05,0.7962557091827873,0.6277919477409654
2022-04-21,2022-06-01,12,0,False,RD,41,3840,250,True,0.011021784769245051,0.7534097132600001,0.5397244051326031,0.025895699379046712,0.8006208575543804,0.5604961311120562,0.01792786371698845,0.8451168616992626,0.7131019002544589,0.00013906554668554057,0.645065422862947,0.36725099892561375,0.00012451043425950795,0.7228357109234104,0.5180485902382836
2022-04-21,2022-06-02,13,0,False,RD,42,3840,250,True,0.009201397725086224,0.7861247940863187,0.6158582226423692,0.022626538695415938,0.8161528369890634,0.660046747767622,0.013949105802495624,0.8755006040468056,0.7644413308362079,0.00013170076174352685,0.7136589379794471,0.49416686086026484,9.824564068980421e-05,0.7391867973299586,0.5447779511053824
2022-04-21,2022-06-08,14,0,False,CO,48,3840,250,True,0.00453243821900313,0.78795710457179,0.6184837362943125,0.011656223192054853,0.75920742120045,0.575269195084166,0.006402655154502763,0.820290567923069,0.6630632315919673,4.1681858272148904e-05,0.7517128466124152,0.5627381129614784,2.919267118275226e-05,0.820617582551226,0.6728644055396384
2022-04-21,2022-06-10,15,0,False,CO,50,3840,250,True,0.005833809006462897,0.7822452537403731,0.5989683746829457,0.01644832736815232,0.7003746082306106,0.4343105936057956,0.0067918333910331,0.8772777919843289,0.7657088486203436,5.7230516913377424e-05,0.7387266447385787,0.53662711411682,3.7844749752789894e-05,0.8126019700079743,0.6592269423888235
2022-04-21,2022-06-13,16,0,False,CO,53,3840,250,True,0.0041182301346306465,0.8286958731245752,0.6835073313025728,0.00910532924146447,0.8367037136064037,0.6973426425112104,0.007273143067009555,0.8674205866542173,0.7458952517417737,5.420226509398304e-05,0.7786156375006053,0.6042625259792352,4.024596495457677e-05,0.832043554737074,0.6865289049780723
2022-04-21,2022-07-18,17,0,False,CO,88,3840,250,True,0.004317661734017638,0.8109020524386221,0.6505165934728506,0.009501601921397118,0.7808453817621043,0.6078204927762698,0.007680049024610633,0.8465976637310904,0.7050245592910787,3.082659998894165e-05,0.810748953892967,0.6552963997685546,5.8169390073859035e-05,0.8054162103683271,0.6339249220554996
2022-04-21,2022-07-21,18,0,False,RD,91,3840,250,True,0.009931218777466966,0.7984457932416847,0.6258672938315624,0.019078681069018114,0.8530417954653796,0.7029473519949518,0.020415822293595003,0.8154888960855818,0.6520087194068277,0.00011838567062159194,0.7827709297524972,0.6119218737242658,0.00011198607663315317,0.7424815516632806,0.536591230200204
2022-04-21,2022-07-22,19,0,False,RD,92,3840,250,True,0.008557926060840002,0.7823694582939029,0.5947003732035129,0.019434008517893564,0.8427151921786301,0.6652423734650381,0.014512834134480289,0.8576125321844698,0.6961133348497266,0.00012059950235030175,0.7278591807914341,0.5273652491519841,0.00016426208863585422,0.701290928021078,0.4900805353473028
2022-04-21,2022-07-25,20,0,False,CO,95,3840,250,True,0.0050443916574454345,0.8139534089775261,0.6490490142339443,0.010404936842594349,0.8334495011138199,0.6812842342026328,0.009637209746704154,0.8495566948760438,0.6910481457880053,6.117846365818355e-05,0.7885058696407423,0.6129806876876175,7.424157682505068e-05,0.7843015702794983,0.6108829892575218
2022-04-21,2022-07-27,21,0,False,RD,97,3840,250,True,0.008390633185592751,0.7825841548264382,0.597235104499755,0.019819315714740524,0.8470891700311991,0.6920579702257285,0.013406550416144301,0.845543426142245,0.6975198684038544,0.00020239307664949747,0.7032761447669605,0.4655771591700336,0.0001342735348366865,0.7344278783653482,0.5337854201994039
2022-04-21,2022-07-29,22,0,False,CO,99,3840,250,True,0.004316480113182746,0.7954699463653063,0.6232163011471933,0.010025713367255714,0.7864907972192967,0.5876151620060572,0.0071053923708258426,0.8599118205586249,0.735040164050587,4.2544732614651064e-05,0.7978224529477616,0.6315948506212548,9.226998203477963e-05,0.7376547147355417,0.5386150279108741
2022-04-21,2022-04-21,0,0,True,RD,0,9600,500,True,0.008194632511081065,0.7809407822887053,0.6032665967868076,0.01808532475047265,0.8082626045320684,0.6201623214586861,0.01442652944734257,0.8788407215421105,0.762364038832076,0.00011595928399359963,0.7057496680606474,0.49700034818262806,0.0001507165625154465,0.7309101350199947,0.5335396786738407
2022-04-21,2022-04-22,1,0,False,RD,1,9600,500,True,0.00808476574645934,0.8064641113859943,0.6425387056998657,0.018311479495520963,0.8324733341921313,0.6883105897614639,0.013801592039197532,0.8944389226635961,0.7590386144237089,0.00013168207250457007,0.7295198139874278,0.5313739696828952,9.430937861428941e-05,0.7694243747008216,0.5914316489313949
2022-04-21,2022-04-25,2,0,False,CO,4,9600,500,True,0.0037044631027250015,0.7973314220536538,0.6365144513086235,0.010557668501533926,0.8016607601825354,0.634084741727351,0.004149976568621254,0.912003797529907,0.8264817380362497,6.073856360424773e-05,0.7033970459525352,0.49262170551976425,4.946877714057737e-05,0.7722640845496374,0.592869619951129
2022-04-21,2022-04-27,3,0,False,CO,6,9600,500,True,0.0057779915982173625,0.7453094925180354,0.5222217109953233,0.013366504229582538,0.6891759420523556,0.36918440733992264,0.009614867091490753,0.8552083400918924,0.7264144051227892,5.6293957325016085e-05,0.6515752585668468,0.38005313209160696,7.430111447113922e-05,0.7852784293610465,0.6132348994269745
2022-04-21,2022-04-28,4,0,False,RD,7,9600,500,True,0.00815268724652422,0.7848931566399523,0.6134998629267775,0.019481574491691453,0.8161637593083191,0.6547533165979198,0.012854430317777582,0.8904985908564857,0.779751414251431,0.000189455934566737,0.6617570631885737,0.4312368231769649,8.528824206111097e-05,0.7711532132064307,0.5882578976807943
2022-04-21,2022-04-29,5,0,False,CO,8,9600,500,True,0.005530918172063583,0.7466765370926843,0.5485533169710504,0.012826483801005945,0.7459080611319955,0.5453311488910453,0.009171641139471855,0.8196347184855941,0.645731559807004,8.171567925319704e-05,0.6611349553581966,0.4315649766200077,4.383206852333325e-05,0.7600284133949514,0.5715855825661446
2022-04-21,2022-05-09,6,0,False,CO,18,9600,500,True,0.005101462824778436,0.8279057527047667,0.6733852044951005,0.011771256158284202,0.8023272334424181,0.6311815818315814,0.00854061267018729,0.8980842667807138,0.779151716440114,5.168871151616363e-05,0.760684077532989,0.577994302835404,4.22937591260865e-05,0.8505274330629459,0.7052132168733027
2022-04-21,2022-05-10,7,0,False,RD,19,9600,500,True,0.009017679824149135,0.8349784065814755,0.6940384005794733,0.0171899868466654,0.8580259176808995,0.7342736831044127,0.018711520745564106,0.8363440406432607,0.6975244704264232,9.422118624012208e-05,0.8135384842755116,0.6526195675335127,7.499051812692025e-05,0.8320051837262298,0.6917358812535446
2022-04-21,2022-05-11,8,0,False,RD,20,9600,500,True,0.010128086573337658,0.8029585187012347,0.644575977273326,0.023340515257013465,0.7969640319553402,0.6336839551146853,0.016942510663511354,0.8682074898118608,0.7518294594219264,0.0001432420718522841,0.7392124586993559,0.5441113100833304,8.607830097352603e-05,0.807450094338382,0.6486791844733621
2022-04-21,2022-05-13,9,0,False,CO,22,9600,500,True,0.00391756434746445,0.7855971429683335,0.6100040204135648,0.008254786189852224,0.8481948003722437,0.70461825180525,0.007307198849503833,0.8643041569579986,0.7281329480806804,5.9030848881847304e-05,0.6932800390661733,0.4718476632469809,4.924150161989512e-05,0.736609575476918,0.535417218521348
2022-04-21,2022-05-23,10,0,False,RD,32,9600,500,True,0.00924178401068648,0.8286053007242574,0.6789019634565574,0.019083633983804926,0.8352869556983207,0.6964160322261047,0.01772028628404398,0.8628832777615314,0.7194668238565765,9.462729464619801e-05,0.7918096817735615,0.6229684384727308,6.85884802508188e-05,0.8244412876636161,0.676756559270818
2022-04-21,2022-05-26,11,0,False,RD,35,9600,500,True,0.008091291721348667,0.833706717842839,0.6915881267295125,0.019585919772965314,0.858118409574973,0.7256699523457726,0.012584325650806394,0.89724477617769,0.7951991664892359,0.00011980516163222211,0.7604269744915088,0.5778922188359965,7.511629999074248e-05,0.8190367111271843,0.6675911692470449
2022-04-21,2022-06-01,12,0,False,RD,41,9600,500,True,0.00871049824322196,0.79543181506953,0.6198779651586395,0.018919131469465847,0.8372067463957297,0.6789029963964623,0.01569887274967144,0.8660529377154439,0.748772255795328,0.00011947890411584889,0.700662854029692,0.4563703301744806,0.00010450984963470398,0.7778047221372542,0.5954662782682867
2022-04-21,2022-06-02,13,0,False,RD,42,9600,500,True,0.00828904366646726,0.809136927310655,0.6542343712352839,0.020900987120360787,0.8362793849026313,0.685972360064369,0.012047983010795387,0.8937599609654404,0.7965456077031695,0.00011921239086959389,0.7368165776664898,0.5421318973435351,8.799214384326408e-05,0.7696917857080587,0.5922876198300621
2022-04-21,2022-06-08,14,0,False,CO,48,9600,500,True,0.003184793771710381,0.8312578634845749,0.6877108544387147,0.007552822008433969,0.8522084065533054,0.7247894006340944,0.005121038528731405,0.8573169713850657,0.7305077142019236,3.83814897064282e-05,0.7790416971822798,0.5973604989776489,2.6933059969721735e-05,0.8364643788176485,0.6981858039411926
2022-04-21,2022-06-10,15,0,False,CO,50,9600,500,True,0.0043034690034707375,0.8240446259302615,0.6796089427825021,0.011974366347243805,0.7692374474458762,0.588178661616704,0.005157549992655736,0.907510122693558,0.8220851047858748,5.086259197894213e-05,0.7693590725037658,0.5881856865900141,3.109708200446445e-05,0.8500718610778463,0.7199863181374153
2022-04-21,2022-06-13,16,0,False,CO,53,9600,500,True,0.0034768813353532957,0.8561344234060264,0.7286036169666232,0.00816946466374876,0.8578145419364595,0.7284503918904346,0.005656059582336101,0.9006229716898837,0.8023919530990363,4.5655862314003686e-05,0.8175899552691172,0.6666608748720109,3.634523301431746e-05,0.8485102247286455,0.7169112480050108
2022-04-21,2022-07-18,17,0,False,CO,88,9600,500,True,0.004177183267669774,0.8213104060386032,0.6672402208387596,0.009794935758540367,0.787908992196035,0.5957131112363401,0.006829774743937601,0.8594210805042829,0.7376819069019169,2.774902759084924e-05,0.8327345114219298,0.6897098701472513,5.6273540610274274e-05,0.8051770400321645,0.64585599506953
2022-04-21,2022-07-21,18,0,False,RD,91,9600,500,True,0.007651410871021275,0.8289882414683435,0.6790358817741016,0.01465294462539962,0.8825673454402874,0.7718555079200604,0.015739708229772418,0.8662135200380006,0.7317139057994363,0.00010924196526902493,0.8014212308791054,0.6418957043560485,0.00010374866364403936,0.7657508695159808,0.570678409020861
2022-04-21,2022-07-22,19,0,False,RD,92,9600,500,True,0.008526000307092472,0.805366221891173,0.6154440378734776,0.018422506543912014,0.8590891087284023,0.6826658504452877,0.015420946588451693,0.8745305728346707,0.6770982160478687,0.00010944278880086164,0.7580986949490232,0.5710888999627963,0.00015110530720532215,0.729746511052596,0.5309231850379574
2022-04-21,2022-07-25,20,0,False,CO,95,9600,500,True,0.00483776665472381,0.8413435069762494,0.6758128053842896,0.010545941929793889,0.8580837089408024,0.6769650783030838,0.008683686752135563,0.8791519730439712,0.7216164020518568,5.424412120327027e-05,0.8179531710170109,0.6568478312503196,6.719381576251496e-05,0.8101851749032127,0.6478219099318977
2022-04-21,2022-07-27,21,0,False,RD,97,9600,500,True,0.007196831405145128,0.800234013078337,0.6371000938686416,0.017521735080853595,0.8599418951467968,0.7277565611434251,0.01095218554773883,0.87459050536033,0.7528955306984773,0.00018750434675091402,0.7123186753018735,0.5048911389783977,0.00012590064523717605,0.7540849765043476,0.5628571446542665
2022-04-21,2022-07-29,22,0,False,CO,99,9600,500,True,0.003393229894234131,0.8254615010792566,0.6780544306414877,0.007409181228790962,0.8423941140735144,0.6952402398933664,0.006040406102075672,0.880246762827021,0.7747534652069066,3.855512287951906e-05,0.8172893008779266,0.6661418481014564,8.477712319037163e-05,0.7619158265385644,0.5760821693642217
2022-06-01,2022-06-01,0,0,True,RD,0,960,50,True,0.009084937445704537,0.7828135015145011,0.6080090311121945,0.0191489599359641,0.8284363429211519,0.6750023293888627,0.016960031382979683,0.8545654950557405,0.7285900399392942,0.00011534020516764934,0.6968054564262529,0.47520143311576124,0.00011541825870671607,0.7514467116548594,0.55324232200486
2022-06-01,2022-06-02,1,0,False,RD,1,960,50,True,0.013150857206240468,0.7310495965513707,0.5281269680518865,0.03273533085361323,0.7225681111328227,0.5081668329215852,0.019611290988463686,0.8191236767707895,0.6688239611029486,0.00015823051428042408,0.6450353555983626,0.3922720211593952,9.857646860452922e-05,0.7374712427035077,0.543245057023617
2022-06-01,2022-06-08,2,0,False,CO,7,960,50,True,0.007960363174756216,0.6303305285047254,0.3660977930283441,0.01886243301459044,0.6095042485676752,0.3126884905207725,0.012870510390821186,0.5728749355953318,0.32269533901172986,6.284269371940762e-05,0.594101015136287,0.34075120492665667,4.566659989383155e-05,0.7448419147196077,0.48825613765421727
2022-06-01,2022-06-10,3,0,False,CO,9,960,50,True,0.008471555203825665,0.6895838452843666,0.4551470236658181,0.02150009761821315,0.572241236117995,0.26057056217074337,0.012266387827582909,0.7735950979352924,0.5768585649954152,6.7536565074911e-05,0.6837538438577362,0.45318311367403186,5.2198804431688136e-05,0.7287452032264429,0.5299758538230821
2022-06-01,2022-06-13,4,0,False,CO,12,960,50,True,0.006459185543955646,0.7577084204010791,0.5635979250323613,0.014633262988733459,0.7276824292416197,0.5135964235713619,0.011087542522016193,0.7916456973704421,0.6126300314180796,6.392985225276347e-05,0.7355895524444418,0.5332402031324371,5.2006812820173307e-05,0.7759160025478128,0.5949250420075661
2022-06-01,2022-07-18,5,0,False,CO,47,960,50,True,0.006949668146024787,0.735023760689508,0.47745095135693516,0.015440820709354448,0.7297974023605425,0.362678682287483,0.012235389889354641,0.761786772444068,0.5300629575029511,4.3416495231569605e-05,0.7255780616190484,0.5145159628008902,7.904549015849102e-05,0.7229328063343734,0.5025462028364163
2022-06-01,2022-07-21,6,0,False,RD,50,960,50,True,0.014380266232530903,0.7636543614905718,0.5240965207993771,0.0322021800866532,0.8070938895719262,0.4986161343296638,0.025053622152121167,0.7986182437592149,0.5729566053800671,0.00014243448726070296,0.7474979581549209,0.5330878421100314,0.00012282820408854138,0.7014073544762252,0.49172550137774607
2022-06-01,2022-07-22,7,0,False,RD,51,960,50,True,0.011596847190653585,0.7201154129383617,0.5015807025812935,0.026236001702438252,0.7729623195513877,0.5480756503945693,0.01982725312192732,0.7734722293868426,0.5848338253933605,0.00014774821974874322,0.6549105564740664,0.4209682323037345,0.0001763857185000274,0.67911654634115,0.45244510223350975
2022-06-01,2022-07-25,8,0,False,CO,54,960,50,True,0.008791327315762877,0.7280436152088042,0.4862829355567594,0.016532842284576767,0.754128232940096,0.493579099109443,0.018465615164284063,0.7027975935800503,0.4080251240643855,7.555387869943086e-05,0.7317469869397368,0.5220407897105555,9.129793549124697e-05,0.723501647375334,0.5214867293426538
2022-06-01,2022-07-27,9,0,False,RD,56,960,50,True,0.017921484217444907,0.6898929104086126,0.38081482450690196,0.046410103670069404,0.6894382132470893,0.27890439145857016,0.024875634542524908,0.7638930825458823,0.438753073952594,0.0002346565389840232,0.6240424206654198,0.38038486168009533,0.00016554211820128868,0.6821979251760588,0.42521697093634836
2022-06-01,2022-07-29,10,0,False,CO,58,960,50,True,0.008874987407815747,0.6580341123873382,0.3961200741099961,0.021797306218328635,0.48261030826631635,0.10341755601075076,0.013542011847362203,0.7389503166434142,0.4950188462167836,5.759638377949594e-05,0.7141880544063023,0.5012589557877806,0.00010303518179265818,0.6963877702333203,0.48478493842466963
2022-06-01,2022-08-01,11,0,False,CO,61,960,50,True,0.007899433969370147,0.6811022419883319,0.41876324840701407,0.017507434773352017,0.6346663123376348,0.29688825562813426,0.013977692345198706,0.6892732121210742,0.4356801235140969,4.480610548523277e-05,0.7006805642994909,0.4822055986508581,6.780265344463282e-05,0.6997888791951276,0.460279015834967
2022-06-01,2022-08-05,12,0,False,RD,65,960,50,True,0.013502250139927502,0.6973255833105751,0.47071310515771847,0.03643652844730731,0.6384839704130488,0.3224944980039818,0.01720808539320101,0.8437202116584299,0.6981968461734661,0.00027731097349542437,0.5304619152998759,0.2663742943136449,8.707574570625743e-05,0.7766362358709463,0.5957867821397811
2022-06-01,2022-08-08,13,0,False,CO,68,960,50,True,0.009121438472726314,0.6486911090684241,0.37853579147834293,0.02703009597750813,0.40633495494957744,-0.06202130768488323,0.009332496200569135,0.7745771077224166,0.5841941315073876,7.493165690137304e-05,0.6823523885905987,0.46452162510254125,4.8230055926614404e-05,0.7314999850111037,0.527448716988326
2022-06-01,2022-08-10,14,0,False,CO,70,960,50,True,0.008700909152454849,0.7043818084666076,0.4548433597587399,0.019366617880373155,0.6419842107063142,0.3898226696234832,0.015297817986826258,0.7489886677876656,0.4221761239352071,9.154838601640364e-05,0.661619614143214,0.42487973522964917,4.7652356603578125e-05,0.7649347412292365,0.5824949102466201
2022-06-01,2022-08-11,15,0,False,RD,71,960,50,True,0.01742394782354336,0.7214687927757006,0.475764868039847,0.047385608017255075,0.6843235481857444,0.321866257912121,0.022026370729705418,0.7665743603816024,0.5555815274219891,0.0001738311900974194,0.6934598591794858,0.4781074941090193,0.00010998135711552036,0.7415174033559697,0.5475041927162587
2022-06-01,2022-08-17,16,0,False,RD,77,960,50,True,0.013141273620127392,0.7253909391823191,0.49849786000384233,0.0323089139524165,0.7752739788988288,0.5542367534342567,0.019754010218621155,0.8342781849598819,0.6330726307782932,0.0003437743412803138,0.5984337148705737,0.3301124371401659,0.00015839596819160437,0.693577877999992,0.47656961866265357
2022-06-01,2022-08-18,17,0,False,RD,78,960,50,True,0.011508563458096557,0.7853406876074122,0.6156698425896915,0.033893777222073415,0.7286341105849664,0.5275099729006667,0.011893828284464825,0.9043260924147947,0.8095370566706164,0.0001508914287421283,0.7299863745388333,0.5282146694907983,9.575689710586614e-05,0.7784161728910538,0.5974176712966844
2022-06-01,2022-08-19,18,0,False,RD,79,960,50,True,0.007866282270785143,0.795362349130528,0.6313837365970358,0.02155982040645232,0.7901959424595806,0.6212975258010316,0.00962733307579708,0.9177831697384949,0.8376249044334544,0.00017774188151850205,0.7027522111073659,0.480308359647195,0.00010023371937266943,0.7707180732166705,0.5863041565064622
2022-06-01,2022-08-22,19,0,False,CO,82,960,50,True,0.005574339873334316,0.7879969682467152,0.6053287880659344,0.012932748903720445,0.6996134988106071,0.47211024623610753,0.009253997917155542,0.8486477752765136,0.7008434326498764,6.29980578865173e-05,0.7646572939631098,0.5752508892265298,4.7614614574760395e-05,0.8390693049366298,0.6731105841512239
2022-06-01,2022-08-25,20,0,False,RD,85,960,50,True,0.01618069924608468,0.6722936699828896,0.4128795607285264,0.022604375335253044,0.8170642593666195,0.6630828195164993,0.041617012552551645,0.6286315424478117,0.23135165165534932,0.0001870637953196642,0.6836524244271859,0.45558776015056257,0.0003143453012143861,0.5598264536899411,0.3014960115916945
2022-06-01,2022-08-26,21,0,False,CO,86,960,50,True,0.005422202181968474,0.7220346431769055,0.50496155648286,0.013014607939726452,0.7055349324727687,0.4844422170239364,0.0085353410542247,0.7898179590453124,0.5907059080089352,8.344304883833054e-05,0.6617734697092459,0.4329286648420819,5.5416685084414124e-05,0.7310122114802948,0.5117694360564864
2022-06-01,2022-08-29,22,0,False,CO,89,960,50,True,0.00934985466276789,0.6816392784628226,0.42926042952199267,0.022188231184573422,0.6281002828980464,0.3040876037894136,0.015005581798422816,0.7501046344121378,0.5364433195815302,0.00011435446857819221,0.6902157235129953,0.4716800568530698,9.125119949712636e-05,0.6581364730281107,0.40483073786395707
2022-06-01,2022-08-31,23,0,False,RD,91,960,50,True,0.014824794827913526,0.7346931756208759,0.5262641594383043,0.03463752882937538,0.7158743562803087,0.5123433809119895,0.02440010019102623,0.8167939805453601,0.6018890955083116,0.00015492797150703006,0.6476477603640318,0.4180026574440522,0.00010662231974546684,0.7584566052938027,0.5728215038888638
2022-06-01,2022-09-01,24,0,False,CO,92,960,50,True,0.012332001116368611,0.6249984859277662,0.3216962102594968,0.038485050481419016,0.3389360991240466,-0.2547395237999399,0.010670585438396721,0.862541221275859,0.6710404017570573,0.00011998765242129117,0.5266030798273342,0.276770887053598,5.2380893237414214e-05,0.771913543483825,0.593713076027272
2022-06-01,2022-09-02,25,0,False,CO,93,960,50,True,0.0061734021769891045,0.6884547140255529,0.4630169995829535,0.015893657353031474,0.5883368126271316,0.33207117143228115,0.008681694024917735,0.7783769124577486,0.5871084648014844,7.868664643343284e-05,0.6355494274361277,0.4000229071542918,3.9570683573775216e-05,0.7515557035812037,0.5328654549437566
2022-06-01,2022-09-06,26,0,False,RD,97,960,50,True,0.012187640256375738,0.7877192755629052,0.6138545583136701,0.03134395288807149,0.7165243143457939,0.5103850453327227,0.017138085967641846,0.8704657902027768,0.7402245462796047,0.00018994023631810545,0.7290467770485458,0.5088496590429417,7.858193347150682e-05,0.8348402206545043,0.6959589825994115
2022-06-01,2022-09-07,27,0,False,CO,98,960,50,True,0.0075257679075886865,0.70931491309473,0.4579708984406291,0.01710063638072915,0.703383662885798,0.48020257151506374,0.012874642526708533,0.7431796235451625,0.4117893314555253,8.138956579123182e-05,0.6916449935139211,0.4721751929058189,4.640315712583236e-05,0.6990513724340388,0.4677164978861087
2022-06-01,2022-09-09,28,0,False,CO,100,960,50,True,0.009434423519036252,0.7154998970082515,0.4813013885038475,0.022880754980404327,0.6401052814487483,0.3174384779165925,0.014666416357744396,0.7940250226678806,0.6016190399825563,0.00011658388790814925,0.667983129654659,0.44360043835420016,7.393885008814279e-05,0.7598861542617179,0.5625475977620411
2022-06-01,2022-06-01,0,0,True,RD,0,1920,250,True,0.009068872647996539,0.7825307723408621,0.6071768979340515,0.019333366613844948,0.8263674257954006,0.6718725645892688,0.016710906827831405,0.8562904958165651,0.7325767593053203,0.00011888834346489271,0.6904782409741057,0.4590573843792962,0.00011232880684491186,0.7569869267773769,0.565200883462321
2022-06-01,2022-06-02,1,0,False,RD,1,1920,250,True,0.012325089781469884,0.746344541104645,0.5437625369983833,0.03228810324094472,0.7326516296153323,0.5148862204276194,0.016757081928382808,0.8563807094199981,0.7170230139474402,0.00015830266143602333,0.6539223269784871,0.3919949200878933,9.687129511598466e-05,0.7424234984047626,0.55114599353058
2022-06-01,2022-06-08,2,0,False,CO,7,1920,250,True,0.006010269545469027,0.708207650701608,0.4959606799551387,0.014557932345628874,0.687342269058621,0.46953638230916683,0.009391255719222984,0.7191472814901865,0.5057895081069401,5.3443311301641586e-05,0.6629673729816076,0.4393550547395453,3.8446805722609906e-05,0.7633736792760167,0.5691617746649026
2022-06-01,2022-06-10,3,0,False,CO,9,1920,250,True,0.007985698711172235,0.7162185058103646,0.483960705971785,0.022979848116833693,0.5578799114186241,0.20967911512932813,0.008848381851133503,0.8565591969996467,0.6947661327373069,6.938799564622077e-05,0.6802078834046366,0.4381928117667705,4.5176881075529236e-05,0.7702270314185511,0.5932047642537344
2022-06-01,2022-06-13,4,0,False,CO,12,1920,250,True,0.006136044915077116,0.77453078470935,0.5871255729684569,0.014236874869554246,0.7382953823067113,0.5267721998128629,0.010198036098708547,0.807631445163594,0.6437070779832585,5.966895085303436e-05,0.7607063643445101,0.564349573821219,4.9599741192635395e-05,0.7914899470225848,0.6136734402564872
2022-06-01,2022-07-18,5,0,False,CO,47,1920,250,True,0.005052402255503421,0.7678348983890686,0.5810668396378877,0.011131416762920336,0.7435295005490137,0.5405497328873403,0.008969587502738142,0.8169746400432925,0.6554959456483995,3.85170153945814e-05,0.7567061527825327,0.5693020352083906,7.008774096062147e-05,0.7541293001814355,0.5589196448074203
2022-06-01,2022-07-21,6,0,False,RD,50,1920,250,True,0.011607128824188588,0.7687310329412185,0.5615977882536675,0.023609784491754705,0.8225384025526108,0.632398645549286,0.02254703388405744,0.8011686165958554,0.6156818431284861,0.00014257722942503468,0.7422443235498234,0.5326199213609785,0.00012911969151717202,0.7089727890665842,0.4656907429759193
2022-06-01,2022-07-22,7,0,False,RD,51,1920,250,True,0.009618970915157664,0.7612521376930325,0.5660787675106931,0.02264054693443245,0.8102991887903959,0.6100086223464563,0.015541233217065761,0.8254229931384145,0.67457951418075,0.00013168172252075866,0.7037101644983317,0.48393354116787857,0.00016242178661168987,0.7055762043449877,0.4957933923476876
2022-06-01,2022-07-25,8,0,False,CO,54,1920,250,True,0.0067331895843871555,0.7839283804384007,0.5800281845873778,0.013256535789742632,0.8006485091720361,0.5939363188873948,0.013529403639863593,0.809186630399944,0.5662713118443989,6.506336463083698e-05,0.767405746951884,0.5884045278278575,8.175554331155828e-05,0.7584726352297387,0.5715005797898602
2022-06-01,2022-07-27,9,0,False,RD,56,1920,250,True,0.013998523115115803,0.7222558001215816,0.47437668829610297,0.03632892556775416,0.7263572343903666,0.4355403970616293,0.01929304662876144,0.7966802633689776,0.564708064191453,0.00022763969756910967,0.6504267533497485,0.3989129674072769,0.00014448056637850383,0.7155589493772339,0.49834532452405256
2022-06-01,2022-07-29,10,0,False,CO,58,1920,250,True,0.005058233141144804,0.7668653678880415,0.577727768919853,0.011297829634633563,0.748428699253713,0.5352895626581409,0.00879129045149873,0.830908509771445,0.67217308288606,4.8494453687948294e-05,0.7628794668094567,0.5800747740791563,9.531802475897548e-05,0.7252447957175512,0.5233736560560548
2022-06-01,2022-08-01,11,0,False,CO,61,1920,250,True,0.005740405807765818,0.7492561494241469,0.5508400896250103,0.012712479359379403,0.7079173644361316,0.4894572703895189,0.010155873461784412,0.7737420718457639,0.589978008098792,3.715799825348392e-05,0.7620776301013403,0.5705896941358501,5.611241164597362e-05,0.7532875313133514,0.55333538587588
2022-06-01,2022-08-05,12,0,False,RD,65,1920,250,True,0.011553294681249986,0.7198155289877637,0.5166085378945708,0.028238334358927347,0.7036942038923877,0.47493277459065053,0.017626512838369853,0.8441074043061019,0.6908582771395496,0.000259256392986478,0.5642594606917779,0.3141376561445659,8.907513471626578e-05,0.7672010470607873,0.5865054437035172
2022-06-01,2022-08-08,13,0,False,CO,68,1920,250,True,0.006813823970955206,0.7179680977617907,0.49525423154662945,0.02021623227797988,0.5594603692810638,0.20569762467040875,0.0069273621940848,0.8371780639644338,0.6913539752313365,6.727923626886936e-05,0.7209856656126592,0.5192075340197612,4.44221754872752e-05,0.7542482921890062,0.5647577922650113
2022-06-01,2022-08-10,14,0,False,CO,70,1920,250,True,0.007242709025383658,0.747388537509869,0.5364629696194398,0.019055230737779566,0.673872020005946,0.3996334366120693,0.009791582492100158,0.8202221116398387,0.6301557416053903,8.17503747471691e-05,0.6998368884094031,0.48643226587039,4.2272496907737306e-05,0.7956231299842881,0.62963043438991
2022-06-01,2022-08-11,15,0,False,RD,71,1920,250,True,0.013333295251481381,0.7593874630076703,0.5610383232566284,0.03118660663337985,0.7554087643857919,0.5536895875301331,0.02189401198668457,0.7757556948560864,0.5582520840528344,0.00015407178954426854,0.7346619201640483,0.5374310427990344,9.849059631683317e-05,0.7717234726247546,0.5947805786445115
2022-06-01,2022-08-17,16,0,False,RD,77,1920,250,True,0.009154074312842608,0.7790386494998471,0.6006281178905762,0.020977093231570883,0.8483914156133195,0.7105808881044751,0.015215180264891714,0.860224798153495,0.7173806227168978,0.00027712569606841057,0.6830831123225123,0.45998570907382186,0.00014689805883942445,0.7244552719100613,0.5145652516671101
2022-06-01,2022-08-18,17,0,False,RD,78,1920,250,True,0.008521058358822109,0.8219868207856211,0.6758098308475253,0.022733080070507748,0.8286675241442794,0.6830936384520072,0.01112572959636575,0.9082680832962693,0.8218370776061692,0.00013552679990539728,0.7595200906009032,0.5762545519037119,8.989696850954186e-05,0.7914915851010325,0.622054055428213
2022-06-01,2022-08-19,18,0,False,RD,79,1920,250,True,0.007052876906404338,0.827053712101812,0.6830273757045684,0.01859649353609658,0.8273199271614053,0.6733489435080248,0.009383600599967096,0.9189483502633737,0.8417357089256203,0.00014303847503231086,0.7640936951495523,0.5817761177724037,8.83750145213698e-05,0.7978528758329166,0.6352487326122251
2022-06-01,2022-08-22,19,0,False,CO,82,1920,250,True,0.005470079602420931,0.7918802735795272,0.6208833553523356,0.012490758491448631,0.7013755249693565,0.49015143853305587,0.009285540397313103,0.8478745112169686,0.699823750111138,6.245104678216109e-05,0.7689996912332246,0.5789389787955297,4.156847413983055e-05,0.849271366898559,0.7146192539696192
2022-06-01,2022-08-25,20,0,False,RD,85,1920,250,True,0.016185027135531275,0.6902782763563534,0.4394119928632801,0.02422026617435476,0.8190856981664286,0.6389980404679844,0.04005713393827666,0.6296180070876538,0.2601619397308469,0.00016467560777663924,0.7278176425308804,0.520744159365276,0.0002980328217170391,0.584591757640451,0.33774383188901314
2022-06-01,2022-08-26,21,0,False,CO,86,1920,250,True,0.005050766226751555,0.7424726224161993,0.5352536258601313,0.010834962036005974,0.7583132778040551,0.5707862248495466,0.009238639995632153,0.7805072178801653,0.5569807059586712,7.637422650938849e-05,0.69825409739311,0.4809677354641744,5.3088648858704536e-05,0.7328158965874667,0.5322798371681328
2022-06-01,2022-08-29,22,0,False,CO,89,1920,250,True,0.007176703043613203,0.7259028453523397,0.5094226763857036,0.020606110099262814,0.6524269826724238,0.3537093003732896,0.007903820005333462,0.8803502234589069,0.7558329551285663,0.00011158917024685713,0.6986484435820504,0.4844557907212771,8.529289960967788e-05,0.672185731695978,0.4436926593196816
2022-06-01,2022-08-31,23,0,False,RD,91,1920,250,True,0.014374725541632941,0.7422676096504985,0.5344636130412493,0.03188386094970074,0.7493232045834994,0.5511118616228463,0.025356234563392095,0.8036096216752039,0.5862888513774223,0.00014947488744220845,0.6662159599102002,0.4384875344071276,0.00010933176599672447,0.7499216524330901,0.561966204757601
2022-06-01,2022-09-01,24,0,False,CO,92,1920,250,True,0.008677079287812537,0.7179297951361489,0.4778411685875537,0.027245421964603035,0.5549849965161588,0.11170942082823165,0.007314649869723484,0.8917946365877968,0.7744993190557714,0.00010122545159247978,0.6247191487840317,0.3898606057748195,4.701986533114403e-05,0.8002203986566081,0.6352953286913923
2022-06-01,2022-09-02,25,0,False,CO,93,1920,250,True,0.00528442392874683,0.7312523707393026,0.5170509122867478,0.013248176848011746,0.6874626642732492,0.4432471365023686,0.0077775757599017805,0.7959894637448994,0.6301073055083812,7.567744843953099e-05,0.6572792118827037,0.4229677134970775,3.626565863426396e-05,0.7842781430563581,0.5718814936391637
2022-06-01,2022-09-06,26,0,False,RD,97,1920,250,True,0.010304769109393867,0.8047040890931983,0.6422496541285817,0.025269703995475314,0.788958809232336,0.6052691560511911,0.015678908336808153,0.8808177866769861,0.7623424497505155,0.00019312886364711922,0.7084408973951875,0.5006044581829865,7.733524164488241e-05,0.8405988630682839,0.7007825525296336
2022-06-01,2022-09-07,27,0,False,CO,98,1920,250,True,0.006291258022202463,0.7546591187997345,0.5365124562919376,0.013274986633747633,0.7762089178876542,0.5964884720214312,0.011780040907112311,0.7643859740047052,0.4617989801985388,7.012234990473499e-05,0.740951653967535,0.5452449530644284,3.988219804517214e-05,0.7370899293390429,0.5425174198833518
2022-06-01,2022-09-09,28,0,False,CO,100,1920,250,True,0.007196617041169265,0.7649904900989698,0.5809690937486206,0.01833323296497734,0.6918671150834014,0.4530967440540502,0.010289212170957334,0.8489682489380913,0.720516169560077,0.00010550961706920813,0.7084896851390526,0.4964526767800469,5.851341167317624e-05,0.810636911235334,0.6538107846003083
2022-06-01,2022-06-01,0,0,True,RD,0,3840,250,True,0.00887497758356513,0.7839322939409984,0.6107585772944847,0.01891653405050495,0.8287937800801455,0.6789470799975934,0.016352127537410385,0.8594061775012991,0.7383182742049625,0.00011648418291226402,0.6964388075251421,0.46999632809580216,0.00011476456343292037,0.7510904106574067,0.5557726268795805
2022-06-01,2022-06-02,1,0,False,RD,1,3840,250,True,0.010633166128130324,0.7606785980607998,0.5792084981928503,0.026926090878178804,0.7770340154224493,0.5954479698745994,0.015362161263346453,0.8610409350634594,0.7405790511657003,0.0001429155795059292,0.6756931503451167,0.45109325674031864,0.00010149679149011167,0.7289462914121742,0.5297137149907827
2022-06-01,2022-06-08,2,0,False,CO,7,3840,250,True,0.005057397169799576,0.755942619725844,0.5672973171771674,0.01265053307600917,0.7374343458533597,0.5390384168647213,0.007497953517343852,0.7847133086095717,0.6054236614585131,4.6901837289524616e-05,0.7143668212346572,0.5079781293605476,3.4200248555762565e-05,0.7872560032057874,0.6167490610248876
2022-06-01,2022-06-10,3,0,False,CO,9,3840,250,True,0.006313844743562379,0.7665378872238975,0.5812483653696097,0.01757114798213805,0.6621633246014746,0.3956946472912425,0.00758880984085306,0.8602855513974845,0.7382163411779037,5.540534430187396e-05,0.7427427193002545,0.5514048156970343,4.001580695653375e-05,0.8009599535963761,0.6396776573122582
2022-06-01,2022-06-13,4,0,False,CO,12,3840,250,True,0.0045276079997804836,0.8112647045205055,0.6556540435029236,0.009977504987305446,0.8192876511628703,0.6683518834181775,0.008031172929799199,0.8525809348492217,0.7194116550791306,5.6181990823651495e-05,0.7684992803587494,0.5898083023752132,4.557209119363934e-05,0.8046909517111805,0.645044333139173
2022-06-01,2022-07-18,5,0,False,CO,47,3840,250,True,0.004316792659635973,0.8025991519494627,0.6384059606592511,0.00944602924527746,0.7812776131901191,0.6101142601763365,0.007725454606090782,0.845629510967059,0.7032806210213055,3.223502232651735e-05,0.8019789716386064,0.639547395642803,6.345176484913318e-05,0.7815105120020663,0.6006815657965595
2022-06-01,2022-07-21,6,0,False,RD,50,3840,250,True,0.010266857515001612,0.7944141084730332,0.616936213667906,0.01979253459706348,0.8472459054594295,0.691832742970014,0.021040856773175156,0.8103699902686439,0.641354896806098,0.00011980223597989035,0.7798168583319284,0.6072782540436986,0.00011423645378792309,0.740223679832131,0.5272789608518129
2022-06-01,2022-07-22,7,0,False,RD,51,3840,250,True,0.008895973294553501,0.7797218435838273,0.5901478432082419,0.020710371751661936,0.8327888984271126,0.6432565682031239,0.01459096426874273,0.8534649379442705,0.6944773548799461,0.00012273760300709336,0.7224389903041127,0.5189859386945048,0.00015981955480224167,0.7101945476598137,0.5038715110553929
2022-06-01,2022-07-25,8,0,False,CO,54,3840,250,True,0.005403149025181913,0.8046953723893663,0.629701923871554,0.01114972563309939,0.8243803103223512,0.6584704551942518,0.010321818579108329,0.8436610628538395,0.669100800680827,6.404471999377178e-05,0.7755341929682222,0.5948485462512416,7.70071685261606e-05,0.7752059234130524,0.5963878933598955
2022-06-01,2022-07-27,9,0,False,RD,56,3840,250,True,0.008297237222555591,0.7797906143975226,0.5962122230530522,0.01998898057343093,0.8439801427462656,0.6894218075186764,0.012858455119165528,0.8493801191839478,0.7098860574988302,0.00020600825360778368,0.6951476641589966,0.4560312143574241,0.00013550494401812387,0.7306545315008803,0.5295098128372779
2022-06-01,2022-07-29,10,0,False,CO,58,3840,250,True,0.004292786332964863,0.7983214595859494,0.629604175803498,0.009614641621215675,0.7934365110056316,0.6045236601033863,0.007425119426032594,0.852651469325482,0.7231175532115288,4.1612159227841674e-05,0.8011970444633847,0.6396702295638372,8.977212538334145e-05,0.7460008135492988,0.5511052603352397
2022-06-01,2022-08-01,11,0,False,CO,61,3840,250,True,0.004744762878433305,0.7852059326478626,0.6123913361515005,0.010496557528325751,0.7622871873283497,0.578450357280542,0.008397895570129552,0.8139002844216153,0.6609526612949892,3.237327023528203e-05,0.7949074717360891,0.6258836178762174,5.222514504263435e-05,0.7697287871053968,0.5842787081542535
2022-06-01,2022-08-05,12,0,False,RD,65,3840,250,True,0.009811869997855254,0.7595671708546194,0.5698797658084884,0.022580148023576982,0.770978361666782,0.5801418199326707,0.01635020612195964,0.8636624626023621,0.7132427193050204,0.00022952164295245002,0.6303740084747967,0.3928008864601924,8.760420293193701e-05,0.773253850674537,0.59333363753607
2022-06-01,2022-08-08,13,0,False,CO,68,3840,250,True,0.004581482990082011,0.7893680563242724,0.6211966720244916,0.012427844105298633,0.7160941679014164,0.5117059421692114,0.005804733484159061,0.8691355586034658,0.7413722764117802,5.520420670778794e-05,0.7806941890100283,0.6054983952336972,3.815016416255755e-05,0.7915483097821789,0.6262100742832777
2022-06-01,2022-08-10,14,0,False,CO,70,3840,250,True,0.005701873109315618,0.7868515863941268,0.6086613567688199,0.014117891324077902,0.7523277775231689,0.5551924816257251,0.008577624000328061,0.8451092762494785,0.6760089607835491,7.442688484013233e-05,0.7306348459080083,0.532439493716256,3.755022801637909e-05,0.8193344458958511,0.6710044909497499
2022-06-01,2022-08-11,15,0,False,RD,71,3840,250,True,0.011124890498625221,0.7953478066051817,0.6192795921133991,0.02526153874396863,0.800785704591681,0.6384830222478652,0.019012824719063074,0.8118797694126374,0.6163848041636741,0.0001337983617245186,0.7752223216695109,0.5982978529607759,9.14001697446641e-05,0.7935034307468977,0.623952689081281
2022-06-01,2022-08-17,16,0,False,RD,77,3840,250,True,0.008518632627513404,0.7906234764666631,0.6171574647094644,0.01984295824498792,0.8618234723786664,0.7262284488490914,0.013815966187654889,0.8665236591357391,0.7433707854563358,0.00027466458157026925,0.6990775269547975,0.46478150036801424,0.0001409414958405306,0.7350692473974496,0.5342491241644165
2022-06-01,2022-08-18,17,0,False,RD,78,3840,250,True,0.0070047207314492925,0.8413476588032059,0.7080641191341148,0.017455689973378354,0.8733543672300217,0.7566621337444857,0.010350761599667383,0.9140074075582123,0.8342471008642012,0.000124776344752248,0.7824076817157524,0.6098675084502412,8.765500799918191e-05,0.7956211787088371,0.6314797334775312
2022-06-01,2022-08-19,18,0,False,RD,79,3840,250,True,0.005984109148771055,0.8398690310162409,0.7068379442494006,0.014996815851607557,0.8582815318445385,0.7365779880796035,0.008715503567006209,0.9243551465383701,0.8530038678976488,0.0001352533223546431,0.7807792337390105,0.6045387819846255,8.886385411581015e-05,0.7960602119430444,0.6332311390357248
2022-06-01,2022-08-22,19,0,False,CO,82,3840,250,True,0.005013689102651771,0.815775536654735,0.655594860231837,0.010102665341500967,0.7666482255671867,0.5876287741154742,0.00985690857287478,0.850160058196513,0.6813529720080591,5.571031065557554e-05,0.7923750595328053,0.6243867556283228,3.9472185575761807e-05,0.8539188033224351,0.7290109391754918
2022-06-01,2022-08-25,20,0,False,RD,85,3840,250,True,0.013469804186097268,0.723804981940481,0.5104428207793723,0.022587221433356775,0.8403685459392027,0.6633384976396707,0.0308595397648737,0.6870487247615957,0.4300375539692145,0.00013171687342200132,0.7890659204482158,0.6166640478821794,0.00030073867273659657,0.5787367366129098,0.3317311836264246
2022-06-01,2022-08-26,21,0,False,CO,86,3840,250,True,0.0044333775574574835,0.764158567695855,0.5744917452724322,0.009784885269129127,0.7838933882519068,0.6123837322345502,0.007824619214599569,0.8152083051437311,0.6247870593255078,7.611128472432045e-05,0.6970138211054884,0.48275466380875387,4.7894461376918616e-05,0.7605187562822935,0.5780415257209168
2022-06-01,2022-08-29,22,0,False,CO,89,3840,250,True,0.005853058591500826,0.7688525626038041,0.5816918892511439,0.01572738078224405,0.7231854929967523,0.5067259235203339,0.007510778405208195,0.8926824551232576,0.7679749074945574,9.85336371017334e-05,0.7405115466214687,0.5447726162440885,7.554154144932467e-05,0.7190307556737379,0.507294109745596
2022-06-01,2022-08-31,23,0,False,RD,91,3840,250,True,0.011327224349150653,0.788215095038622,0.617627447566977,0.025597538391444116,0.7999067603150806,0.6396160623802709,0.01949097348435647,0.8377640972868369,0.6819861794610805,0.0001275495245941733,0.7224478282031003,0.5208516342401416,9.28359962078568e-05,0.7927416943494702,0.628055914186415
2022-06-01,2022-09-01,24,0,False,CO,92,3840,250,True,0.008053579330646345,0.7437819125890737,0.5108423629406603,0.025323260741215634,0.6098637135878472,0.17437821372131268,0.006750729756152059,0.9003321492143199,0.7918842071739105,9.574911222962496e-05,0.654791191421799,0.4228694027607347,4.4577712988062244e-05,0.8101405961323291,0.6542376281066833
2022-06-01,2022-09-02,25,0,False,CO,93,3840,250,True,0.0038190383962069907,0.7921123618089165,0.6184408213876059,0.009391387647154737,0.7871739593817944,0.605328187813677,0.005789631041216068,0.8579801759273451,0.724651704842439,6.383874545754784e-05,0.7216139576096159,0.513236531907111,3.129615099960853e-05,0.8016813543169106,0.6305468609871967
2022-06-01,2022-09-06,26,0,False,RD,97,3840,250,True,0.009211669693938055,0.8288836810133752,0.6783918429142597,0.021073688720027423,0.8213352228845644,0.6708139147549816,0.015529961429781,0.8860409063108471,0.7646001552157746,0.0001702311395030199,0.751086434146653,0.5598137402104146,7.279748644077506e-05,0.8570721607114362,0.7183395614758676
2022-06-01,2022-09-07,27,0,False,CO,98,3840,250,True,0.005180316174461778,0.7791965762882902,0.5903914186454913,0.011531365722295671,0.8096399027400253,0.6494882344774437,0.009085176087236801,0.8021677757909655,0.5849207083589565,6.587202813084753e-05,0.7590326024421385,0.5728089933511753,3.8850860183795255e-05,0.7459460241800313,0.5543477383943898
2022-06-01,2022-09-09,28,0,False,CO,100,3840,250,True,0.006068016967768323,0.8000728372923869,0.6376223066304905,0.015078376113138465,0.7488428981636011,0.5501931925260267,0.009048202365683839,0.8704347054601295,0.7542254728797565,9.340570463762016e-05,0.7453803801578708,0.5542189058188363,5.208368761336774e-05,0.8356333653879462,0.6918516552973424
2022-06-01,2022-06-01,0,0,True,RD,0,9600,500,True,0.008900410655327312,0.780742647385589,0.6033886268302824,0.01897892112237333,0.8341468842758017,0.6778882416533034,0.016385507319849696,0.8594504184186591,0.7377841003456038,0.00012354502263139648,0.6771194236053464,0.4378694686003297,0.00011366915645482286,0.7522538632425484,0.5600126967218926
2022-06-01,2022-06-02,1,0,False,RD,1,9600,500,True,0.009393683198693572,0.7845432628221978,0.6156949593489375,0.022996821610964807,0.8126746525151713,0.6544834186574373,0.014351106254808827,0.8721308542752639,0.7576527457547757,0.00012809654083976047,0.7139550334816305,0.5080098663962204,9.8708388160891e-05,0.7394125110167256,0.5426338065873164
2022-06-01,2022-06-08,2,0,False,CO,7,9600,500,True,0.0037748990628678324,0.8061315583159836,0.6470702132664237,0.00896653951580322,0.8222103444932317,0.6732761990648392,0.006062046564972992,0.8271487051789433,0.6809876011978285,4.159038834704282e-05,0.7562210187008052,0.5636976745961352,2.941978234807365e-05,0.8189461648909542,0.6703193782068915
2022-06-01,2022-06-10,3,0,False,CO,9,9600,500,True,0.004731586902268008,0.8080193214128418,0.6543586302044326,0.013079486078660697,0.743016944538075,0.5501714824751831,0.005760200904895912,0.8975733912195043,0.8012960529968299,5.0999942333705754e-05,0.7667848298653492,0.5870736150293077,3.566068318171724e-05,0.8247021200284385,0.67889337031641
2022-06-01,2022-06-13,4,0,False,CO,12,9600,500,True,0.004027980553567798,0.8375206780121993,0.6962716195581776,0.009030413092408585,0.8413746233462365,0.6998328241515663,0.006992354055037553,0.8752019069970386,0.7557052913001125,4.913644657636365e-05,0.8019754933032739,0.641248696585468,4.001862024868895e-05,0.8315306884022482,0.6882996661955639
2022-06-01,2022-07-18,5,0,False,CO,47,9600,500,True,0.004162495073538841,0.8142515322195258,0.6579515904606053,0.009471263417478023,0.7909704776024236,0.6090727173606425,0.007089918137811975,0.8538493431846168,0.7276903154407545,2.9889622992033627e-05,0.8168612113543913,0.6657736935435445,5.890911587333044e-05,0.7953250967366716,0.6292696354974796
2022-06-01,2022-07-21,6,0,False,RD,50,9600,500,True,0.008005079566620592,0.8215007147229239,0.6664952430963077,0.014726945432984149,0.8798047887613537,0.7707033247178792,0.017072600260303872,0.8553524083159281,0.7089945267841423,0.00011611563022429434,0.7873059851715684,0.619363255939934,0.00010465694297005097,0.7635396766428456,0.5669198649432751
2022-06-01,2022-07-22,7,0,False,RD,51,9600,500,True,0.008834639108080787,0.7970706269342015,0.6062893588147731,0.01913012036762066,0.8490971642226421,0.6704769536507877,0.015944643212258792,0.8620163370335592,0.6661324447116488,0.00011360526754213865,0.7463559065093399,0.5547759628075568,0.00015018758490156368,0.7308130999712651,0.5337720740890992
2022-06-01,2022-07-25,8,0,False,CO,54,9600,500,True,0.005194287910072667,0.8321667287445814,0.6553475479787528,0.011324276476537727,0.8552372125345897,0.653123752318624,0.009324890633191618,0.8734087705559788,0.7010605427121819,5.7149292999379456e-05,0.8028707751272366,0.6384695078428945,7.083523756193954e-05,0.7971501567605208,0.6287363890413111
2022-06-01,2022-07-27,9,0,False,RD,56,9600,500,True,0.007388982312647791,0.7957622554005388,0.629584010276835,0.018043245530748514,0.8575475909846516,0.7196536080041454,0.011193475411762806,0.8712650857916651,0.7474515210496642,0.00019187236458606343,0.7041744216411058,0.49335730324201454,0.00012733594349378078,0.750061923184733,0.5578736088115156
2022-06-01,2022-07-29,10,0,False,CO,58,9600,500,True,0.00359779236973165,0.814925662765918,0.6587925517989284,0.007804103816698837,0.8345147752835435,0.6789960005590917,0.006456629217610344,0.8718326254773552,0.7592325196130741,4.1222246502605714e-05,0.8055284423126912,0.6430465783374046,8.921419811481339e-05,0.7478268079900823,0.5538951086861428
2022-06-01,2022-08-01,11,0,False,CO,61,9600,500,True,0.003932229567993065,0.8178504034656138,0.6684229223857461,0.00911342136468145,0.7965804222645682,0.6339981455952521,0.006541269866980899,0.8583138714121405,0.7359100120225787,2.929686541520988e-05,0.8133139796161588,0.661435585066088,4.493017489470306e-05,0.8031933405695872,0.6423479468590653
2022-06-01,2022-08-05,12,0,False,RD,65,9600,500,True,0.007163799833108562,0.8040447289237492,0.6461843433458878,0.01586377513491607,0.8403059856294239,0.7050269223129698,0.012510478153944054,0.8954297757795722,0.780585598196179,0.000201994960158148,0.6829840783664611,0.46562267867285245,7.895108341597558e-05,0.7974590759195395,0.6335021742015502
2022-06-01,2022-08-08,13,0,False,CO,68,9600,500,True,0.0038605443491467922,0.8155826619476587,0.665888653102604,0.011096961101555043,0.7510664089201797,0.5639967704810114,0.0042585291594436055,0.903503072553496,0.8102628302666143,5.228597416626009e-05,0.7934607146822035,0.6263527374907624,3.44011614222598e-05,0.8143004516347556,0.6629422741720277
2022-06-01,2022-08-10,14,0,False,CO,70,9600,500,True,0.004302532757091487,0.8251652712074979,0.6774971545593066,0.01110268641588869,0.8085617285561059,0.6501914996670526,0.0060072281737629084,0.889123083996042,0.7730970605900481,6.644698934041984e-05,0.7634048753230277,0.5825703568841991,3.3769449373928315e-05,0.8395713969548158,0.7041297010959265
2022-06-01,2022-08-11,15,0,False,RD,71,9600,500,True,0.009281057095583918,0.8262207039822658,0.6767602019568246,0.021982067201685312,0.8348992319394926,0.6854154222337316,0.014947414026310035,0.8404981936797861,0.6984111911997821,0.00011192578970672095,0.8156765201829197,0.6639657656883596,8.282136463360316e-05,0.8138088701268644,0.659248428705425
2022-06-01,2022-08-17,16,0,False,RD,77,9600,500,True,0.00783876857726699,0.8213924395513861,0.6637898992330795,0.020009326593073806,0.874511132464606,0.7239330793706321,0.010991359180577857,0.893820538522007,0.795837378655472,0.00022603490675268396,0.7562760867851661,0.559542541069582,0.00012835362866361785,0.7609620004337653,0.5758465978366318
2022-06-01,2022-08-18,17,0,False,RD,78,9600,500,True,0.005855937931235117,0.8607166281605036,0.7411892472722885,0.014394194738416778,0.8987809066056405,0.7993403503697316,0.008836965721446682,0.9266372330412338,0.8584884142302598,0.000108228782788906,0.8139268637392638,0.6616060137787227,8.436248228810232e-05,0.8035215092558767,0.6453222107104402
2022-06-01,2022-08-19,18,0,False,RD,79,9600,500,True,0.00558741599600631,0.852581076316808,0.7276229190488674,0.014819356858363057,0.8614285590677337,0.7396950901028856,0.007321297573961787,0.9381615474973788,0.8765186179927883,0.0001303957834823077,0.7881490313855122,0.6187415254408926,7.861376821808341e-05,0.8225851673166076,0.6755364426589037
2022-06-01,2022-08-22,19,0,False,CO,82,9600,500,True,0.003662267733233199,0.852361212193447,0.7208939718421106,0.007633856396225758,0.8305228496776534,0.6884007720807721,0.006929753510219483,0.8934316487371764,0.775979928755274,4.804347197018438e-05,0.8229374442246695,0.6760785541267726,3.7417554517369716e-05,0.8625529061342885,0.7431166324056238
2022-06-01,2022-08-25,20,0,False,RD,85,9600,500,True,0.011794115441801603,0.7579739512398574,0.5626567353631208,0.01960014113654407,0.8520591999292344,0.7078607928393266,0.027182580438645996,0.7387075379747319,0.4979494135594844,0.00011661620516528584,0.8172502891938707,0.6606115611613435,0.00027712398685106034,0.623878777861593,0.38420517389232867
2022-06-01,2022-08-26,21,0,False,CO,86,9600,500,True,0.0038358291519750504,0.7899845675723955,0.6195907080923005,0.008939823860862717,0.8072414944786115,0.6458598068225965,0.0062895176081196125,0.8449450218127502,0.698399585661201,6.863255773272142e-05,0.7324263325647582,0.5335794090625428,4.5342581185150516e-05,0.7753254214334626,0.6005240308228619
2022-06-01,2022-08-29,22,0,False,CO,89,9600,500,True,0.0042572050807013085,0.8101330916449927,0.652560495958691,0.009852560009215241,0.8334415707173108,0.6909839911173886,0.0070189164801506545,0.8950096915865211,0.7831696453105798,8.533616214739987e-05,0.7799218909329738,0.6057452157782197,7.200767129193627e-05,0.7321592133431654,0.530343131628576
2022-06-01,2022-08-31,23,0,False,RD,91,9600,500,True,0.009441591195112039,0.8138917053320626,0.66040908317229,0.020850879946970994,0.8408724766804505,0.7064435609700154,0.016710192651250736,0.8622563815474849,0.7273572707268461,0.00012137511096416011,0.7376057958677841,0.5440462342181438,8.391707126226146e-05,0.814832167232531,0.663789266774155
2022-06-01,2022-09-01,24,0,False,CO,92,9600,500,True,0.005576005163939774,0.8006082601961626,0.6194525617188912,0.017479756908227742,0.7322023222759226,0.43010229726065585,0.0047015678057757936,0.9249478102529171,0.8550570757875546,8.348196026200503e-05,0.7110134985249675,0.4968100229569691,3.921398149355785e-05,0.8342694097308434,0.6958408508703852
2022-06-01,2022-09-02,25,0,False,CO,93,9600,500,True,0.003162756337053994,0.8138246513111183,0.6543910189403558,0.0074910460030533565,0.8288607054713284,0.6851897917245597,0.005068669728202931,0.8779196455288111,0.7589398083501587,6.01291893402719e-05,0.737122091585726,0.5415214925182369,3.118042761941688e-05,0.8113961626586075,0.6319129831684678
2022-06-01,2022-09-06,26,0,False,RD,97,9600,500,True,0.008076344525068016,0.8531232525267707,0.7155335123932014,0.0184576638037651,0.860584970031996,0.7116780943738739,0.013631781136291283,0.9028943304762891,0.793372367463713,0.00015004485707775995,0.7849910765834858,0.61201173515877,6.588830313792136e-05,0.8640226330153118,0.7450718525764486
2022-06-01,2022-09-07,27,0,False,CO,98,9600,500,True,0.0036483893294889424,0.8265705762451336,0.6744267680841736,0.008805968250378196,0.862577937297471,0.7323304495834553,0.005694439591526208,0.8739599452480424,0.7398350973885968,5.897787602721233e-05,0.7888850756409156,0.6175187109765667,3.417160002415378e-05,0.7808593467941058,0.608022814388075
2022-06-01,2022-09-09,28,0,False,CO,100,9600,500,True,0.004416668879708248,0.8449983689674713,0.7108079492538971,0.010805653490233194,0.8292022621938575,0.6776538492844295,0.006735819001210223,0.9068424746899594,0.8170362837961488,7.806207776549181e-05,0.7921847258760712,0.6274467541852844,4.7140949624085854e-05,0.8517640131099972,0.7210949097497257
2022-08-05,2022-08-05,0,0,True,RD,0,960,50,True,0.007730507892106828,0.7981397391712951,0.6375029286981377,0.01811199723759137,0.8170302068017212,0.6632231910251682,0.012534334303543077,0.8892593537522842,0.780167198297374,0.00019355256530789245,0.6987258352110947,0.48795701979766826,8.21474619849692e-05,0.7875435609200805,0.6186643056723404
2022-08-05,2022-08-08,1,0,False,CO,3,960,50,True,0.009103326256188263,0.6307289085852199,0.35679590667598515,0.0256873346930455,0.427131379701146,-0.009263777840362808,0.010592543302609374,0.7350604240961798,0.5280532053987341,8.134354071319347e-05,0.6565667575974377,0.41870086968932396,5.208348838498794e-05,0.7041570729461161,0.48969332945624544
2022-08-05,2022-08-10,2,0,False,CO,5,960,50,True,0.010820358238981392,0.6471998633874836,0.36485113764548255,0.022982290836022972,0.5635038332691,0.275904912520999,0.020151713733374484,0.6500356787554321,0.23883645701668477,9.53295881938405e-05,0.6369350591973539,0.4011256736665315,5.2098798334276326e-05,0.7383248823280482,0.5435375073777149
2022-08-05,2022-08-11,3,0,False,RD,6,960,50,True,0.02081111808317387,0.690135164176129,0.4149177369065287,0.058796747325349216,0.6097905711165479,0.15856185127316558,0.024151366267344432,0.7459962217622982,0.5127062265990991,0.00018678975164857837,0.6635708696101341,0.4392020700773094,0.00010956898835324708,0.7411829942155354,0.5492007996765407
2022-08-05,2022-08-17,4,0,False,RD,12,960,50,True,0.012475347796843868,0.7163629330215903,0.5005000451316505,0.03036884941285187,0.7793839565013019,0.5810036533980583,0.01902106585726803,0.8136332588849085,0.6466869472295256,0.0003425785282205681,0.6025700836361794,0.33244262936232427,0.00016889738903500144,0.6698644330639715,0.441866950536694
2022-08-05,2022-08-18,5,0,False,RD,13,960,50,True,0.012489883506901257,0.7732739955598046,0.5954101037007252,0.03527790652689252,0.7169572861139852,0.5082147704669571,0.0144296490478908,0.8856274741763699,0.7689294512128578,0.00015207265320016044,0.7264760796476781,0.5245213889911443,9.990579962154626e-05,0.7640351423011852,0.5799748041319418
2022-08-05,2022-08-19,6,0,False,RD,14,960,50,True,0.009056706151242301,0.7721115408700878,0.5961973571059869,0.023771909675406076,0.7646903000695668,0.582441743910981,0.012161088769126933,0.8956586297888568,0.7948904503943589,0.0001829476580055725,0.6887235509510085,0.46508741960333655,0.00011087850243062811,0.7393736826709196,0.5423698145152711
2022-08-05,2022-08-22,7,0,False,CO,17,960,50,True,0.006197389555038422,0.757657574178527,0.5524335820908033,0.014914055231926094,0.6438148807946619,0.3912371605902214,0.009747947218271243,0.8411271251737895,0.684875396057516,7.583761460890115e-05,0.7163649573790302,0.4886832951844723,5.1718155347447954e-05,0.8293233333666261,0.6449384765310033
2022-08-05,2022-08-25,8,0,False,RD,20,960,50,True,0.017207306911333004,0.6541377302925939,0.37912687360425024,0.022479135486909513,0.8247449933805339,0.6649495137277865,0.045820978744063746,0.5955672019017704,0.15370620159998716,0.00018367888425329802,0.6980201483004935,0.46543887544618934,0.0003454345301054493,0.4982185775875781,0.2324129036430379
2022-08-05,2022-08-26,9,0,False,CO,21,960,50,True,0.00548596647626275,0.7129161144747476,0.4891413292131712,0.012135600705481642,0.7320904676855091,0.5192630140088282,0.009663295159415875,0.7610884325218764,0.536617272492337,8.831817055764226e-05,0.6371749370381669,0.39979778310999525,5.6651869595840266e-05,0.7213106206534379,0.5008872472415244
2022-08-05,2022-08-29,10,0,False,CO,24,960,50,True,0.010174079852666378,0.6597742065605953,0.38940043305310734,0.021701549745201686,0.6574674841504955,0.31935189610036974,0.018778159384069276,0.6740621340006536,0.41989978493449576,0.00012151151830062118,0.6651977846246728,0.4386143432918377,9.509876309392796e-05,0.6423694234665591,0.3797357078857262
2022-08-05,2022-08-31,11,0,False,RD,26,960,50,True,0.014985312948727937,0.7214920848226614,0.5058968003192527,0.033145995360259,0.731066269557555,0.533342458888622,0.02651663779030507,0.7941491844788833,0.5673557660775799,0.0001567229475336199,0.6417729208591696,0.41125970930328015,0.00012189569681406496,0.7189799643950379,0.5116292670075286
2022-08-05,2022-09-01,12,0,False,CO,27,960,50,True,0.012441810014717551,0.6322236477636338,0.32279137186820417,0.037789342988219114,0.36684469078437165,-0.2320571659024715,0.01180904316532075,0.8378361032794228,0.6359433024809586,0.00011393423210998585,0.5608911576169618,0.31325805647220917,5.491967322035838e-05,0.7633226393737791,0.5740212944221204
2022-08-05,2022-09-02,13,0,False,CO,28,960,50,True,0.006462476798298805,0.6783573011761502,0.4495965373400087,0.015928312001455808,0.584739190240339,0.3306148144584047,0.009803577187770408,0.7485498062880154,0.5337529721874729,7.828109906899252e-05,0.6363713208219168,0.403115161555221,3.973690490001263e-05,0.7437688873543294,0.5309032011589364
2022-08-05,2022-09-06,14,0,False,RD,32,960,50,True,0.011792445718982818,0.7827540989237666,0.6103127188614654,0.03009248393210313,0.7299456626153201,0.5299338852104505,0.01679546419825839,0.8716782059674475,0.7454179340222102,0.000199757297862002,0.7029625771383577,0.48346455255920495,8.207744770774941e-05,0.826429949973941,0.6824345036539959
2022-08-05,2022-09-07,15,0,False,CO,33,960,50,True,0.00744122464257337,0.7153066363232905,0.46820501689300287,0.015955883146617233,0.7224015015690901,0.5149989249426907,0.013686841323747524,0.7202904666372323,0.3746819712778551,7.713681040660143e-05,0.7122973681905779,0.4997550155610849,4.503728952212414e-05,0.7062372088962621,0.48338415579038063
2022-08-05,2022-09-09,16,0,False,CO,35,960,50,True,0.009478059704340167,0.7171982414248452,0.4826156678521737,0.02330124087270594,0.6350445164725433,0.3048948581405061,0.01442264119585892,0.7984508533554714,0.6082406563782388,0.00011515388540266742,0.671866818783915,0.4504251615769267,7.320286339313519e-05,0.7634307770874511,0.5669019953130232
2022-08-05,2022-09-12,17,0,False,CO,38,960,50,True,0.0066601975584348804,0.6966647906354704,0.4764726269481554,0.01476061000808535,0.6260783986294052,0.37565917766875223,0.011736634561064111,0.7678740513870248,0.5580549640802301,0.00010130153692879334,0.6244351957619241,0.3848841568607554,4.224412766126704e-05,0.7682715167635275,0.5872922091828838
2022-08-05,2022-09-13,18,0,False,CO,39,960,50,True,0.005968814962650805,0.7426001457641398,0.524479382434736,0.015707049273597687,0.7086610289748513,0.442603219579109,0.00798090524503844,0.8386138836866294,0.6702075996367485,0.0001337541117882248,0.6681998854458926,0.44548948635453833,5.3551220178871076e-05,0.7549257849491855,0.5396172241685486
2022-08-05,2022-09-19,19,0,False,CO,45,960,50,True,0.0053739575225899465,0.7167768176953813,0.5082421977551022,0.01082958426454297,0.6907338421354596,0.4552075635831927,0.010496330929763275,0.8227150511405897,0.656652595293594,0.0001114694912827799,0.5905626442657324,0.34165835640033915,5.844540477075871e-05,0.7630957332397437,0.5794502757432829
2022-08-05,2022-09-21,20,0,False,CO,47,960,50,True,0.008601008173850082,0.6889994956908598,0.4501628050186872,0.01979694834420196,0.734176871652872,0.4732862473329348,0.014342161640480942,0.7699322624695646,0.5567675073283103,0.00014317322441193738,0.6222481076749216,0.3816310815767898,0.00012174948630548822,0.6296407409660811,0.3889663838367138
2022-08-05,2022-09-23,21,0,False,CO,49,960,50,True,0.008844620778896323,0.6606742231097821,0.36314876493717296,0.020781836196008818,0.5410863666125736,0.04247361469839461,0.014425479548541975,0.7395399883870866,0.5240165579107838,0.00011056136623149838,0.5864192205765975,0.3031752640173583,6.0606004803000624e-05,0.7756513168628708,0.582929623122155
2022-08-05,2022-09-26,22,0,False,CO,52,960,50,True,0.008197371010144623,0.730664605154058,0.5167683944825641,0.018178569136532867,0.6937266722749463,0.4589839611918288,0.014456276563483837,0.7340465516102359,0.5147846149202451,8.920493311553179e-05,0.7321898094129393,0.5140211241996884,6.543340744625567e-05,0.7626953873181102,0.5792838776184943
2022-08-05,2022-09-27,23,0,False,CO,53,960,50,True,0.005393982904921957,0.7880673684125936,0.584158297378591,0.012868766008696766,0.7960373871180839,0.5994297408636454,0.008569401468446335,0.8204652255461777,0.5635237947648363,8.334616355223775e-05,0.7772322237524478,0.5990304153300218,5.4417978992489354e-05,0.7585346372336652,0.5746492385558606
2022-08-05,2022-09-30,24,0,False,RD,56,960,50,True,0.010931056127753665,0.7659390933772656,0.5648627225247184,0.02553389593025626,0.7560449353873875,0.5440039960582581,0.017905231149417528,0.8235334137986798,0.6233114973502764,0.0001807792542029214,0.7284521374005622,0.5297102926594062,0.00010431817713795167,0.7557258869224326,0.5624251040309329
2022-08-05,2022-10-03,25,0,False,CO,59,960,50,True,0.005760642166754435,0.7677280165630268,0.5695460600632436,0.012416034945950867,0.7575540754494227,0.5587956016855287,0.010492270792395574,0.7841266788945536,0.5774111588994961,8.830500142695453e-05,0.7288871507883854,0.5293245051599423,4.595792724433835e-05,0.8003441611197455,0.6126529745080074
2022-08-05,2022-10-10,26,0,False,CO,66,960,50,True,0.008830346869333679,0.6997163977857237,0.46789570701669203,0.022178949558768146,0.6469771903356865,0.38177164252566775,0.012991722664640146,0.720025372289463,0.4703569941557516,0.00011224490290815935,0.6487476492773356,0.4141769081683294,3.8470351018263856e-05,0.7831153792404097,0.6052772832170192
2022-08-05,2022-10-12,27,0,False,RD,68,960,50,True,0.013281483078819574,0.7409684573311887,0.5335719874472622,0.035082136909184,0.7176352736535221,0.46644660169962515,0.017682164389109366,0.8347744246177236,0.6842520732574378,0.0002401194633408748,0.6640510022793817,0.43726818867237194,0.00012151155364405777,0.7474131287741274,0.5463210861596139
2022-08-05,2022-10-25,28,0,False,RD,81,960,50,True,0.015140351031282652,0.7135935232192716,0.4776656444551125,0.040491170977704875,0.6101139837916217,0.31222627709400186,0.019689888037036248,0.8379979662225225,0.6203107838785817,0.0002143686166829791,0.6741167142416056,0.44371210099250025,0.00016597649370650664,0.7321454286213369,0.5344134158553662
2022-08-05,2022-10-27,29,0,False,CO,83,960,50,True,0.006374992900473545,0.7302868777481638,0.5230571720893188,0.01641833914484152,0.699978239537073,0.4836973482040047,0.008899056239689958,0.8205397377041247,0.64597375052419,0.00010970287498875262,0.6986619992675784,0.4754668783939202,7.287334237395111e-05,0.7019675344838792,0.48709071123516023
2022-08-05,2022-11-01,30,0,False,RD,88,960,50,True,0.011324249002235538,0.7616892461344175,0.5517269845105106,0.02649688194916571,0.7815010162580039,0.545797774309836,0.018482413669795986,0.8325211181230023,0.6776832123441826,0.00021475634525299625,0.6873876170193459,0.4296655680537007,0.00010294404472746013,0.7453472331373177,0.5537613833343231
2022-08-05,2022-11-02,31,0,False,CO,89,960,50,True,0.004962655598511627,0.7631840466644753,0.57127830075191,0.012399525064974163,0.7402647389143608,0.49539528153644696,0.007321830385660654,0.8740237164297864,0.7550084120510716,7.809321525902866e-05,0.6605194042128458,0.43518828107576035,5.1173728152666106e-05,0.7779283271009076,0.599521228344361
2022-08-05,2022-11-04,32,0,False,RD,91,960,50,True,0.013031684927113082,0.7231641104219984,0.5191500943022475,0.03892699770438885,0.7550036403295144,0.5343060051506812,0.01274710876950717,0.8817480911689499,0.7598365708838739,0.0002919788996384625,0.7000571420192261,0.48373243279639544,0.0001606543349178561,0.555847568170303,0.2987253683780392
2022-08-05,2022-11-07,33,0,False,CO,94,960,50,True,0.007541454952082661,0.748847370776338,0.487045671945031,0.019838526008660942,0.7238382934140514,0.33083216137096205,0.010141594835617884,0.8611937165130114,0.6658198613045281,0.00011556432741881325,0.6485518994690692,0.37606912067696163,7.01346366330059e-05,0.76180557370922,0.5754615444276723
2022-08-05,2022-11-09,34,0,False,RD,96,960,50,True,0.01103832270148363,0.7555537156654396,0.5587904991682251,0.027325218369445983,0.7298520751656734,0.5122647998378933,0.016529808840625465,0.8622165724927349,0.7027779285369237,0.00020893292318415613,0.6860922793926572,0.4683803469835788,8.9330672678908e-05,0.744053935610693,0.5517389213145045
2022-08-05,2022-08-05,0,0,True,RD,0,1920,250,True,0.007494257405351154,0.803819488994832,0.6476282238044393,0.017667241936816788,0.8209785165297976,0.6714930283603149,0.012041260021168905,0.8921041500910919,0.788814957190416,0.00018868869241403735,0.707862623234448,0.5008243872124745,7.983897100488548e-05,0.7943326661239907,0.6293805224545514
2022-08-05,2022-08-08,1,0,False,CO,3,1920,250,True,0.007358625992852502,0.6811650456290121,0.44503801434867407,0.020873014771228254,0.514981822558284,0.17989242579414189,0.00843604487466744,0.8084554961040764,0.624135184160072,7.739007279712575e-05,0.6714693073684201,0.44695323541095255,4.805425271719106e-05,0.7297535564852684,0.5291712120295298
2022-08-05,2022-08-10,2,0,False,CO,5,1920,250,True,0.00707318645841627,0.73930590462727,0.5292065420384955,0.01694364196191907,0.7061543876471487,0.4661625337454067,0.011220140072042504,0.7816838740395415,0.5761967600869236,8.24336262838573e-05,0.6956214946239399,0.48213998042677275,4.653017341964582e-05,0.7737638621984496,0.5923268938948791
2022-08-05,2022-08-11,3,0,False,RD,6,1920,250,True,0.0135401551732091,0.7579754194298143,0.5529369123513653,0.029786261757992823,0.7733342935967862,0.5737298729732152,0.024119144205257965,0.7584965858757947,0.5133563600137914,0.0001570954578681876,0.7269278481280367,0.5283530986299303,9.811927171741716e-05,0.7731429501186398,0.5963083177885246
2022-08-05,2022-08-17,4,0,False,RD,12,1920,250,True,0.009663888391949994,0.7614517398738223,0.5725343999490649,0.021461670832309706,0.8507843168194308,0.7038952135306871,0.016738026161965253,0.8485329566764837,0.6890940200190551,0.0002976215029941389,0.6493563981116188,0.4200470501873329,0.00015823507053088157,0.6971332878877559,0.47710131605918416
2022-08-05,2022-08-18,5,0,False,RD,13,1920,250,True,0.00892344186755877,0.8166465989728384,0.6663465101274264,0.02359769834034133,0.8213822808586421,0.6710405849647083,0.011866861401236665,0.9017389192028915,0.8099688934038543,0.00013736106500891566,0.7577406717552341,0.5705194390790872,9.184666364816843e-05,0.7857245240745859,0.6138571230620562
2022-08-05,2022-08-19,6,0,False,RD,14,1920,250,True,0.0072248158363111825,0.8161062053336374,0.663941687757451,0.019230850453006702,0.8237157861758608,0.6622063398392486,0.009417598372690189,0.9204338954561709,0.8411623007396254,0.0001558743101364031,0.7399147299521885,0.544245986193092,9.49402094114345e-05,0.7803604097503294,0.6081521242578378
2022-08-05,2022-08-22,7,0,False,CO,17,1920,250,True,0.0060043091462764,0.7715245526419676,0.5913321973158939,0.01380258948165135,0.6628241447286705,0.436605039112996,0.010104979875918341,0.8317412257695171,0.6733335019216216,6.73698886220779e-05,0.7455736952228899,0.5457748818752158,4.229733891382988e-05,0.8459591448467931,0.7096153663537423
2022-08-05,2022-08-25,8,0,False,RD,20,1920,250,True,0.015700316170667483,0.6713554137860552,0.41602166842287847,0.02350503002615148,0.8205008882035123,0.6496586025431819,0.03878555993025194,0.6371850596843466,0.2836473655487618,0.00019536646527083451,0.6737102737356596,0.4314244786501359,0.00031530826099567227,0.5540254335207023,0.2993562269494344
2022-08-05,2022-08-26,9,0,False,CO,21,1920,250,True,0.0051648132050268435,0.7324885237732869,0.5219605965682051,0.011462927109202993,0.7398384531324056,0.5459101561717019,0.009061493911254895,0.7828276982035547,0.5654753689480401,8.159223082624573e-05,0.6758029704697466,0.445506654930636,5.3239568823240656e-05,0.7314849732874404,0.5309502062224425
2022-08-05,2022-08-29,10,0,False,CO,24,1920,250,True,0.00798939152595266,0.7168100247386011,0.4868086322973208,0.0223315780891154,0.6365207918758597,0.2995916668668466,0.009430439948820483,0.8544050294123384,0.7086721797071257,0.00011270436703423095,0.6941640501057394,0.47930355915019407,8.284369884053327e-05,0.6821502275604667,0.45966712346511707
2022-08-05,2022-08-31,11,0,False,RD,26,1920,250,True,0.0144747012101385,0.7372793950036738,0.5267148821577206,0.030927237149903003,0.7549767590264312,0.5645800258861369,0.02670704771416676,0.7953729329369319,0.5642490465797374,0.00015134342099761938,0.6586756364941366,0.43146826246322023,0.00011317655548661562,0.740092251557195,0.5465621937017879
2022-08-05,2022-09-01,12,0,False,CO,27,1920,250,True,0.009200062842364406,0.7090710764638511,0.4589037628753452,0.028331943225785652,0.5406363415968486,0.0762852456536921,0.00831923179460417,0.8762368533063669,0.7435294281984497,9.954241609983691e-05,0.6326965573573249,0.40000515183300567,4.953393296796236e-05,0.786714553594864,0.6157952258162331
2022-08-05,2022-09-02,13,0,False,CO,28,1920,250,True,0.005551677881919657,0.7216409035179541,0.5090470451129603,0.014131176481186516,0.6573554359266405,0.4061391947925481,0.007965472417821225,0.7891339285581915,0.6211711532638583,7.37228541605284e-05,0.6650817005275445,0.43787128159107325,3.633977451035897e-05,0.77499254905944,0.5710065508043618
2022-08-05,2022-09-06,14,0,False,RD,32,1920,250,True,0.010450397559625105,0.8061590295529312,0.640423797762376,0.025045520341283916,0.7978557997999318,0.6087710650183221,0.016487386939950607,0.8763900605354105,0.7500877034298876,0.00018888815385377346,0.7167491722611163,0.5115701498198731,7.979480341211922e-05,0.8336410856152661,0.6912662727814213
2022-08-05,2022-09-07,15,0,False,CO,33,1920,250,True,0.006518863252957018,0.7528887480256142,0.5306882848187185,0.0138746072118154,0.7640523915355493,0.5782621775370043,0.012091177002888257,0.7613662850623553,0.44758393923526363,7.118405102895263e-05,0.7385511580812201,0.5383596455236648,3.848474609546312e-05,0.7475851574233325,0.5585473769789416
2022-08-05,2022-09-09,16,0,False,CO,35,1920,250,True,0.007215671919212545,0.7654154722213327,0.5817624032619031,0.01787216249520193,0.6979377298432774,0.4668510525070335,0.010827463360527204,0.8416905686696139,0.7058957592020859,0.00010406929753136494,0.7128535311112738,0.5033266383013613,5.8992523589682116e-05,0.8091800592611653,0.6509761630371318
2022-08-05,2022-09-12,17,0,False,CO,38,1920,250,True,0.004538970999818233,0.7614131561490298,0.5800295623173775,0.011541286511869388,0.7219525143026976,0.5118293683232575,0.0064815369771731735,0.8707859686849388,0.7559365866519402,9.528126521443183e-05,0.6557116006659248,0.42144001399557696,3.777924501593766e-05,0.7972025409425582,0.630912280298735
2022-08-05,2022-09-13,18,0,False,CO,39,1920,250,True,0.004852529702841933,0.7744335717759279,0.5875057127947562,0.013003185738661814,0.7624298552161819,0.538555349276955,0.006233550586954946,0.8654242091840623,0.7424129785107196,0.00012572329272835892,0.6926934362143681,0.4787832187291421,4.765919302260903e-05,0.7771867864890991,0.5902713046622079
2022-08-05,2022-09-19,19,0,False,CO,45,1920,250,True,0.005678975857414562,0.7137051449752679,0.4920152453815223,0.013472428462557,0.6324967087826903,0.3222567970038951,0.00907824513270209,0.8404516320658686,0.7030398596938938,0.00010212056404541769,0.6420184462856946,0.39687335785508693,6.310927035374099e-05,0.7398537927668181,0.5458909669732133
2022-08-05,2022-09-21,20,0,False,CO,47,1920,250,True,0.007211591534652455,0.7115759866942797,0.49388266209636444,0.01669720088914874,0.7597425004747979,0.5557575245209384,0.011887200508535577,0.8055917891334079,0.6326360248642602,0.00014559442755824036,0.629053110258778,0.37117384156552546,0.00011637031336726028,0.6519165469101349,0.4159632574347335
2022-08-05,2022-09-23,21,0,False,CO,49,1920,250,True,0.0075998274972661544,0.7103723644579294,0.4410153917630485,0.018925491686049623,0.6152522176193015,0.12800498121147874,0.011321432971044076,0.801443781389247,0.626437747403374,0.00010065257844984974,0.6213284079789136,0.3656264498628551,5.173275352106556e-05,0.8034650508442551,0.6439923885744863
2022-08-05,2022-09-26,22,0,False,CO,52,1920,250,True,0.008200151705164568,0.7489301026681107,0.5308381114717794,0.019520441427807407,0.7056599745506927,0.4190482310384127,0.01313434988649904,0.7718493599110998,0.5591542116697004,8.423133800884545e-05,0.7391198822332019,0.5411167351061273,6.158416834298308e-05,0.779091193977448,0.6040332680728772
2022-08-05,2022-09-27,23,0,False,CO,53,1920,250,True,0.004507025068067678,0.811430067973921,0.616253531244588,0.009545267483724766,0.8389778086882964,0.7028813588733,0.008347562630522266,0.856715723364487,0.5748229939571494,8.139512977722483e-05,0.7888516316303839,0.608416632632678,5.387502824645385e-05,0.7611751082125169,0.5788931395152244
2022-08-05,2022-09-30,24,0,False,RD,56,1920,250,True,0.01130166841289178,0.7776059052794968,0.5700337888126503,0.024112435675131164,0.7650525798604123,0.5693890840945494,0.020827473079920812,0.7991124095541372,0.5618336572712708,0.00016814965776233473,0.7621888695563845,0.5625656622650704,9.861523875280674e-05,0.7840697621470529,0.5863467516197108
2022-08-05,2022-10-03,25,0,False,CO,59,1920,250,True,0.0051551931492991145,0.785847599115605,0.5898714582804896,0.01121795804559228,0.780153046040854,0.6013693218996107,0.009268403284108618,0.831568694018399,0.6267038965938367,8.529852442162743e-05,0.7425848084205677,0.5453493625218226,4.9112743073929e-05,0.789083847982599,0.586063252106688
2022-08-05,2022-10-10,26,0,False,CO,66,1920,250,True,0.006697018407713115,0.7727482349049362,0.576243564441965,0.01860281453162517,0.7194574759192618,0.48145481634230114,0.00805615717255384,0.8467426606697448,0.6715687818645946,9.453796778342621e-05,0.7150694122828829,0.5065920754754938,3.4563958890025285e-05,0.8097233907478552,0.6453585840854708
2022-08-05,2022-10-12,27,0,False,RD,68,1920,250,True,0.012247884828355825,0.7616175924204419,0.5685639047577686,0.033675515157124254,0.7301414999386966,0.487839478019489,0.014982600731328554,0.8619560700438528,0.7324578024485344,0.00021497873414804824,0.705129909574598,0.49618672813575904,0.00011844469082244988,0.7492428901246204,0.5577716104272918
2022-08-05,2022-10-25,28,0,False,RD,81,1920,250,True,0.013832139135266345,0.741150226554925,0.49995568122284934,0.03269000724540529,0.7153908406016618,0.444735051071352,0.022260569218551584,0.8266115671172813,0.570739149907292,0.00021241157446826346,0.6876110137981026,0.44879063776126216,0.00016556850264024556,0.7349874847026544,0.5355578861514909
2022-08-05,2022-10-27,29,0,False,CO,83,1920,250,True,0.008059468265797157,0.7143006255496966,0.47866889680044766,0.02541550690008437,0.5641827862046144,0.20076607667251134,0.00664203230905261,0.8652125589221414,0.7357636895490647,0.00010961676683857096,0.7167447955070908,0.47587859574239577,7.071708721307827e-05,0.7110623615649396,0.5022672252378189
2022-08-05,2022-11-01,30,0,False,RD,88,1920,250,True,0.010054871529363926,0.784846456616556,0.5908511083345868,0.02394460803057246,0.8065310069911258,0.5895481482828956,0.015977743742310164,0.8579039341796512,0.7213624189450307,0.0002027958643304845,0.7011408616268491,0.4614293517254203,9.433848024259103e-05,0.7738100236685981,0.5910645143850007
2022-08-05,2022-11-02,31,0,False,CO,89,1920,250,True,0.005352542420029646,0.7561300671778055,0.5649900827042078,0.01374388071486304,0.6928620519288267,0.44068607286334227,0.007542082402562523,0.8696514442251223,0.7476386850118575,7.358344406094506e-05,0.6842671939322951,0.46780534792203987,5.06231186320731e-05,0.7777395786249776,0.6038302250195915
2022-08-05,2022-11-04,32,0,False,RD,91,1920,250,True,0.008650701762052727,0.7655921895064574,0.5945030468786142,0.023185636258468548,0.852193811519748,0.7226240858767263,0.01099921831564361,0.894152972048242,0.7927679102730367,0.0002645531955702811,0.7312177746462686,0.5322256682173733,0.0001533992785284611,0.5848041998115711,0.33039452314732054
2022-08-05,2022-11-07,33,0,False,CO,94,1920,250,True,0.007858923626330816,0.7662287376249786,0.5013557269828441,0.018751402647781114,0.7377534871064938,0.3675016190416327,0.012516264221388256,0.8497801926607051,0.5875710890398762,0.00010310879628290019,0.6930598539541447,0.44331643364666073,6.491883987099369e-05,0.7843214167785707,0.607033766203207
2022-08-05,2022-11-09,34,0,False,RD,96,1920,250,True,0.009097545278739044,0.7667112835652085,0.5880199087653124,0.02370187104888511,0.7658797076098657,0.5769389044235183,0.012380903101412077,0.883992436811927,0.777379296889311,0.00021844298104892906,0.6718788768993751,0.4441824676585454,8.896398361006187e-05,0.7450941129396661,0.5535789660898749
2022-08-05,2022-08-05,0,0,True,RD,0,3840,250,True,0.007662303086552371,0.7971386358124701,0.6362609704155919,0.01768532381917925,0.8215914519702454,0.6711568115112061,0.012683847277704956,0.8884102031608062,0.7775449724012922,0.00019849755090732657,0.6892764392543013,0.47487506885910014,8.154369841794673e-05,0.7892764488645272,0.6214670288907691
2022-08-05,2022-08-08,1,0,False,CO,3,3840,250,True,0.005469217258616999,0.7460506636814478,0.5551722025974585,0.014384790076226272,0.6637828748810712,0.43481689520309585,0.007384161374106585,0.8265726939803348,0.6710014590670023,6.49530191961199e-05,0.7328832173579791,0.5358312013625792,4.296456493901857e-05,0.7609638685064062,0.5790392547571567
2022-08-05,2022-08-10,2,0,False,CO,5,3840,250,True,0.006254080880161053,0.7554297847470548,0.5622129481388086,0.014428424406269307,0.7422891503030853,0.5454086232227993,0.010462129592523949,0.7955576888577083,0.6048280690585903,8.088547998104534e-05,0.704603063335747,0.4918656604777232,4.488404186991201e-05,0.779269236491679,0.6067494397961217
2022-08-05,2022-08-11,3,0,False,RD,6,3840,250,True,0.012114698824069785,0.7765755560103809,0.5887308889486746,0.027123687694695163,0.783988261844141,0.611833875194157,0.021093608495310355,0.7836106487121903,0.5744015487761767,0.00014594131582795124,0.7527013386464554,0.5618411230585758,9.555779044567168e-05,0.7860019748387366,0.6068470087657892
2022-08-05,2022-08-17,4,0,False,RD,12,3840,250,True,0.009652520666165698,0.7676238393229639,0.5803243898783373,0.023064450338514588,0.8460492432018707,0.6817818055322888,0.015097877271483238,0.858762426368511,0.7195595058042736,0.00029469796944418266,0.6595333291595639,0.42574392319252974,0.0001530570852207867,0.7061503585619099,0.49421232498425716
2022-08-05,2022-08-18,5,0,False,RD,13,3840,250,True,0.007180563421900884,0.835720441613623,0.696888008500117,0.017989290209995536,0.8712840040036451,0.7492235768492905,0.01051099177816482,0.9147259878468156,0.8316812397573382,0.00012979660206862803,0.7717764979118342,0.5941708994579749,9.217509737455154e-05,0.7850952766921973,0.6124763179358642
2022-08-05,2022-08-19,6,0,False,RD,14,3840,250,True,0.006632581849285102,0.825609711311408,0.683948427627712,0.017309542217096345,0.8343794640817335,0.695954495849878,0.008982504242046408,0.9214644312923459,0.8485006207590434,0.00014524698623682457,0.7617070547092568,0.5753187493637554,9.303395176083298e-05,0.784887895162296,0.6160198445381714
2022-08-05,2022-08-22,7,0,False,CO,17,3840,250,True,0.005286197951586776,0.7983918866436495,0.6288719989057264,0.011010904155885739,0.7421300055657747,0.550556225374776,0.010029275482387202,0.845112522079229,0.6757808189304263,5.969977110745449e-05,0.7744441911312661,0.5974887870837373,4.491239696670785e-05,0.8318808277983278,0.6916621642339662
2022-08-05,2022-08-25,8,0,False,RD,20,3840,250,True,0.01375404331070524,0.7148628768102356,0.49567831525219475,0.02231220703715631,0.8376433737093248,0.6674375746363143,0.03226001710276654,0.6746416636239998,0.40417133900949975,0.00014879179379377486,0.7582120188259929,0.5669708636454174,0.00029515730910433,0.5889544510816247,0.3441334837175475
2022-08-05,2022-08-26,9,0,False,CO,21,3840,250,True,0.0045369146344223146,0.7632166047072789,0.5749496008465932,0.010652481570783636,0.763864795346225,0.5780149653941846,0.007372789760624761,0.8203773948237432,0.6464535779712862,7.624734196821892e-05,0.697830737940403,0.4818300312116768,4.613986431264446e-05,0.7707934907187445,0.5934998288092251
2022-08-05,2022-08-29,10,0,False,CO,24,3840,250,True,0.00612844238625784,0.7593711033343065,0.5648913517910752,0.01605687407148465,0.717969945101889,0.49639168540359047,0.008275757491149649,0.8786841023628028,0.7443429570355724,0.00010527805452615039,0.7201335332870851,0.5136132721928262,7.585992787090913e-05,0.7206968325854486,0.5052174925323119
2022-08-05,2022-08-31,11,0,False,RD,26,3840,250,True,0.01173737454747259,0.7762515640333723,0.6003135824529922,0.02719337274742345,0.7856529693482119,0.6171485477231229,0.01952391950995631,0.8337753089593967,0.6814486336334702,0.00013198197396012924,0.7112098993637584,0.5042008401523671,0.00010022395855046335,0.7743680784621221,0.5984563083030084
2022-08-05,2022-09-01,12,0,False,CO,27,3840,250,True,0.008325336330336247,0.722741386638893,0.48511126557645495,0.026230922815909493,0.5714367787029402,0.14478543769202046,0.006919986809331255,0.8948384257190745,0.786666243029857,0.00010170373869550952,0.6329838172646604,0.3869777161584499,4.873195740872858e-05,0.791706524868897,0.6220156654254925
2022-08-05,2022-09-02,13,0,False,CO,28,3840,250,True,0.0043695349655635774,0.7734446604136773,0.5849890062666443,0.011121542714798953,0.7546653418153293,0.5326186520596747,0.006256404123168424,0.8445664739312132,0.7024525057179942,6.881772521235252e-05,0.6954774517696829,0.47527235457808337,3.137529907457603e-05,0.7990693741384842,0.6296125127108245
2022-08-05,2022-09-06,14,0,False,RD,32,3840,250,True,0.009872957283355818,0.8136427668921238,0.6530282169865924,0.022687059180170457,0.8079433061120928,0.6456119146267503,0.01654101623565562,0.8794219462218731,0.7492748019979086,0.00018523971452016522,0.7228628399947579,0.5210043395281652,7.851400307703429e-05,0.8443429752397712,0.6962218117935459
2022-08-05,2022-09-07,15,0,False,CO,33,3840,250,True,0.004964492434566408,0.7807500554699638,0.5955591607274824,0.01120541497229483,0.8157207101477533,0.6593959570844283,0.008546026425581495,0.812171072942486,0.609553126872317,6.724413576447396e-05,0.7532952306469443,0.5639106482133107,3.9284204624834504e-05,0.7418132081426715,0.5493769107398734
2022-08-05,2022-09-09,16,0,False,CO,35,3840,250,True,0.00625992311717159,0.7857438345520538,0.6165940074364213,0.015356357520359383,0.7379531886184407,0.5419006596709659,0.009525218287607185,0.8639320224968724,0.7412683839574116,0.00010376034830272754,0.7139555402808933,0.504801106330083,5.4356312417061526e-05,0.827134586812009,0.6784058797872248
2022-08-05,2022-09-12,17,0,False,CO,38,3840,250,True,0.004058915081428292,0.787904373003284,0.6217357709387951,0.010045015313297892,0.7595357048178015,0.5751182967642214,0.006069466535993215,0.8826819032613484,0.771453171494149,8.7691390960676e-05,0.686731089175278,0.46752669779585876,3.348708546138786e-05,0.8226687947587081,0.672844917700951
2022-08-05,2022-09-13,18,0,False,CO,39,3840,250,True,0.00432102141218418,0.7886569560033905,0.6175146289788063,0.011629097324568856,0.7673792567031634,0.5873176880643238,0.00548804571347704,0.8917920733614462,0.7732192384722231,0.00012237666097382726,0.7025347462112104,0.49265750243060913,4.45659497169987e-05,0.7929217477377418,0.6168640869480693
2022-08-05,2022-09-19,19,0,False,CO,45,3840,250,True,0.004550984790829309,0.763074755435822,0.5694689989086685,0.010473346812794769,0.73143920350318,0.4731284241204008,0.0075821400406458845,0.8699329497278756,0.7519792275513744,9.380748802146741e-05,0.6718883168741118,0.4459705957629253,5.464482185511566e-05,0.779038551638121,0.6067977481999738
2022-08-05,2022-09-21,20,0,False,CO,47,3840,250,True,0.0064697890500268074,0.7337335767138291,0.5369625826966041,0.01498989264433943,0.7853453363474046,0.6011818352251841,0.010647083877627112,0.8217431060888336,0.6709607906352548,0.00013026580376039785,0.6618391971250193,0.4373785705413564,0.00011191387438028824,0.6660066672940588,0.4383291343846213
2022-08-05,2022-09-23,21,0,False,CO,49,3840,250,True,0.005731599449784334,0.7551623085183169,0.5366245090911776,0.014902816710930241,0.6733628835744032,0.3133503660869996,0.007884118404653284,0.8603747157033456,0.7398554548250629,9.157583392830325e-05,0.6673738877268678,0.42283359482129534,4.788684962550887e-05,0.8195377470686515,0.670458620631353
2022-08-05,2022-09-26,22,0,False,CO,52,3840,250,True,0.006522198852951757,0.7929834791241579,0.6029705289722727,0.013108773884059404,0.7952429299946654,0.6098671536180946,0.012849808995104024,0.8018708801271867,0.5687046389586963,7.18439132603079e-05,0.7810234620918922,0.6086020920600812,5.836861938328951e-05,0.7937966442828872,0.6247082312522183
2022-08-05,2022-09-27,23,0,False,CO,53,3840,250,True,0.0037888981558906534,0.8443759916436872,0.6860182957295233,0.008790298458721198,0.8533108051407561,0.7263815249172878,0.006253665662850035,0.8863825716484833,0.6814741067528594,6.945555954300682e-05,0.8188253558712437,0.6658566432331887,4.2172942448375046e-05,0.8189852339142659,0.6703609080147575
2022-08-05,2022-09-30,24,0,False,RD,56,3840,250,True,0.009459196463210301,0.800508021047528,0.620908172400898,0.018735853299884885,0.8247508073359567,0.6654065537620266,0.018852411811215317,0.8107994846517346,0.6033848031761556,0.00016149725437983876,0.7640672882068946,0.579871612849167,8.702348736116065e-05,0.8024145039955264,0.634969719816243
2022-08-05,2022-10-03,25,0,False,CO,59,3840,250,True,0.004145843381136257,0.8148287081848463,0.6447035217710495,0.009088126222261766,0.826482821388546,0.6770529980662927,0.00736988872944135,0.86684267318499,0.7031688565003951,8.235513178743064e-05,0.7537873118332628,0.5610379731579387,4.30034410544802e-05,0.8122020263325864,0.6375542593595713
2022-08-05,2022-10-10,26,0,False,CO,66,3840,250,True,0.005754262736422932,0.7979783327754162,0.6287516040158931,0.017173454500971592,0.7475978069538947,0.5212975916571977,0.00572397364887135,0.8795659160608077,0.7666466036091708,9.014454973221096e-05,0.7294685593819726,0.5295219874785171,2.947824611657618e-05,0.8352810487049901,0.6975402333186869
2022-08-05,2022-10-12,27,0,False,RD,68,3840,250,True,0.009790509192895253,0.7938522857212419,0.6232067499009811,0.025480585271975217,0.7998813749135636,0.6124736387142422,0.013370275807559458,0.8772886378983373,0.7612488622256397,0.00020208838690454522,0.72747647875277,0.5263958929908421,0.00010908730514179426,0.7707626513202968,0.5927086056732005
2022-08-05,2022-10-25,28,0,False,RD,81,3840,250,True,0.010377503534476137,0.7941021611271091,0.6019537063345368,0.02357099537470085,0.8002217866337931,0.5996284906063991,0.017622555216238206,0.859737433543551,0.6601761186491212,0.00017005424649355115,0.747585655165834,0.558708168373826,0.00014640930047193882,0.7688637691652582,0.5893020477088012
2022-08-05,2022-10-27,29,0,False,CO,83,3840,250,True,0.003874480579600069,0.8063432965225561,0.6466507667496909,0.01036306408288192,0.8245572349606215,0.6741157909139162,0.004979046319816518,0.8987592649874816,0.8019213445680631,9.181665977120568e-05,0.7586142604239099,0.5609879944334037,6.399525593063163e-05,0.7434424257182116,0.5495779370833804
2022-08-05,2022-11-01,30,0,False,RD,88,3840,250,True,0.008062547386896888,0.816189226555514,0.659509801382675,0.018957140883997612,0.840730323140993,0.6750419313958249,0.013041855575370832,0.8805034428602155,0.7725616865185639,0.00016634469506726673,0.748069037088312,0.5582337413280863,8.484839315183923e-05,0.7954541031325351,0.6322018462882248
2022-08-05,2022-11-02,31,0,False,CO,89,3840,250,True,0.003865551919240598,0.8015751357479746,0.6426298315758501,0.009208111563019932,0.7910047585188833,0.6252714101152275,0.006140484247648506,0.8968467741725041,0.7945367609781022,6.711643216506396e-05,0.7202939451551391,0.5145782217639043,4.649543412889098e-05,0.7981550651453718,0.6361329334461665
2022-08-05,2022-11-04,32,0,False,RD,91,3840,250,True,0.007616995503447602,0.7857387668068136,0.6254861186963381,0.020867993179075943,0.8664418896397403,0.7503506645477429,0.009208616517123633,0.91322552604993,0.8265039578654734,0.0002439306085128677,0.7580318239584469,0.5686898540292882,0.00014744170907796304,0.6052558275791375,0.35639999834284797
2022-08-05,2022-11-07,33,0,False,CO,94,3840,250,True,0.004950615336364078,0.802151950129136,0.6165514648330912,0.012253322396932989,0.8151077757909948,0.5866865683064988,0.007394168671149371,0.8797034492502992,0.7563515056444411,9.359929473296125e-05,0.7203810529067693,0.49465815644728417,6.137098264099606e-05,0.7934155225684806,0.6285096289341403
2022-08-05,2022-11-09,34,0,False,RD,96,3840,250,True,0.007442339110119333,0.7990050814502502,0.6406334353558273,0.018433938486126806,0.8198309509858938,0.6709676550156949,0.011059028130369327,0.8987053391666961,0.8011478970526057,0.0001929786583920582,0.7144738157137149,0.5089751971567678,8.341116558913937e-05,0.7630102199346962,0.5814429921982408
2022-08-05,2022-08-05,0,0,True,RD,0,9600,500,True,0.007550193567594064,0.802078791971596,0.6447488404139532,0.017519780669184713,0.8219371731491099,0.6742349421597186,0.012410616131185789,0.8883518685418031,0.7823370233389116,0.00018909210554795842,0.7072778212236692,0.49975715845724134,8.128536445779339e-05,0.7907483049718018,0.622666237699941
2022-08-05,2022-08-08,1,0,False,CO,3,9600,500,True,0.004684552709807906,0.7856452930279023,0.6172271415878416,0.013042713800549121,0.6992184223712918,0.48754751082849035,0.005601871092357222,0.8713444986023846,0.7504107342042954,5.592176759807729e-05,0.777601666608795,0.6003705446654405,3.77041787272034e-05,0.794416584529138,0.6305797766531402
2022-08-05,2022-08-10,2,0,False,CO,5,9600,500,True,0.0047759145907460745,0.7950605078768938,0.629209330106251,0.011607237310566931,0.7974349333412984,0.6342947891595428,0.007378898568857185,0.8601879917264372,0.7212868020904872,7.700717144750423e-05,0.7192387478500338,0.5162297582813875,4.051531211267302e-05,0.8033803585898055,0.6450259708935863
2022-08-05,2022-08-11,3,0,False,RD,6,9600,500,True,0.009757764236512244,0.8069266076685699,0.6443181545793362,0.022154532885159586,0.8313110879272145,0.6829472720039496,0.016653493416281223,0.8235669907928456,0.6639882167619067,0.000133049495445332,0.776185574212557,0.6005461704163655,8.998114916283174e-05,0.7966427777416627,0.6297909591351232
2022-08-05,2022-08-17,4,0,False,RD,12,9600,500,True,0.008888009442536973,0.7976171127260298,0.6229536529276489,0.0229809204375821,0.8567565592510057,0.6829342602350319,0.012169411741292243,0.8838909060793545,0.7739552533490694,0.0002672596687244707,0.7026738305323422,0.47921090484592643,0.00013444592254907255,0.7471471550414166,0.5557141932805683
2022-08-05,2022-08-18,5,0,False,RD,13,9600,500,True,0.006100963690539944,0.8561528497398669,0.7331042588889296,0.01552460624072843,0.8910506644050261,0.7835820547433359,0.008680377032987834,0.9282839886441137,0.8609959619922294,0.0001150165254937928,0.8003558885117095,0.6403830890431552,8.385496294971678e-05,0.8049208573986191,0.6474559297769982
2022-08-05,2022-08-19,6,0,False,RD,14,9600,500,True,0.005844338123224037,0.8505519173754991,0.7229910073846895,0.015824937572748977,0.85301301948744,0.7220318676193278,0.007344008033178441,0.9378875821251218,0.8761355822178097,0.00012792891040041106,0.7938969235936609,0.625954306736558,8.047797656831841e-05,0.8174101442957737,0.6678422729650626
2022-08-05,2022-08-22,7,0,False,CO,17,9600,500,True,0.004068962704022352,0.8373730038895677,0.6947519347685045,0.008743296392055053,0.8020811330179204,0.6431155809296736,0.007440787505406994,0.8872207333944111,0.7594595905005939,5.234487192618674e-05,0.8049721528085008,0.6470774092076044,3.9422046701174215e-05,0.8552179963374384,0.7293551584361458
2022-08-05,2022-08-25,8,0,False,RD,20,9600,500,True,0.012053771766781305,0.7373293803869306,0.5307838351845445,0.02054528136644074,0.8445111065206978,0.6937735209419388,0.027232670144949615,0.7317280672666093,0.4970242781963746,0.000139938595613332,0.7789367666441974,0.5927363488533357,0.0002971969601215312,0.5941415811162178,0.339601192746529
2022-08-05,2022-08-26,9,0,False,CO,21,9600,500,True,0.00415164879648713,0.7717132083996177,0.5927023007972229,0.009684873543297777,0.78536885615566,0.6163455744875028,0.0068000099687622224,0.8322927566472067,0.6739200123330592,7.588105400711149e-05,0.696647040944772,0.4843192907251912,4.583061988140907e-05,0.7725441798508317,0.5962243256431382
2022-08-05,2022-08-29,10,0,False,CO,24,9600,500,True,0.004609498953219932,0.7969593012672715,0.6279764024938516,0.010592535461263979,0.8190698062375519,0.6677753772495884,0.007677550212637645,0.8899504153357025,0.7628229456127789,9.276703918920634e-05,0.7585910682772188,0.5714144144980353,7.514309978889525e-05,0.720225915218613,0.5098928726150036
2022-08-05,2022-08-31,11,0,False,RD,26,9600,500,True,0.009772166395479908,0.810607032773071,0.6516856666976812,0.02092982340764263,0.8399828634951763,0.7053321277231497,0.017950135473766227,0.8563140105858353,0.7071264210694678,0.00012189037124385231,0.7378020945550012,0.542110624330604,8.681632926691998e-05,0.8083291624562711,0.6521734936675034
2022-08-05,2022-09-01,12,0,False,CO,27,9600,500,True,0.006316328144329821,0.7802886775063633,0.5829153296106876,0.019471426102743203,0.695386689523557,0.36516731535385283,0.005663270405309072,0.9119524207707967,0.8254090960587878,8.918840280114445e-05,0.6896802280889851,0.46241427229113563,4.1427666465863625e-05,0.8241353716421146,0.6786706347389742
2022-08-05,2022-09-02,13,0,False,CO,28,9600,500,True,0.0033694080546675846,0.803341024099677,0.6395476337355553,0.007974739205928432,0.8171437840270475,0.6648626494434349,0.005408587740389387,0.8687008190507842,0.7427736926715285,6.31155778082131e-05,0.7221939312277517,0.5187506063219482,3.118969454430536e-05,0.8053255620931246,0.6318035865053099
2022-08-05,2022-09-06,14,0,False,RD,32,9600,500,True,0.008624121282147406,0.8441346229544402,0.6970441247036325,0.019725971685225052,0.8543028364963194,0.6918662184403348,0.014540892278224105,0.8975892948792921,0.7795922545722405,0.0001598592650852151,0.7687548091450755,0.5866334902297687,6.976190005525312e-05,0.8558915512970735,0.7300845355721861
2022-08-05,2022-09-07,15,0,False,CO,33,9600,500,True,0.003754087467083053,0.8215407030856527,0.6653278007076708,0.009131574682042237,0.8567629129713652,0.7224331930072115,0.005789195876890036,0.8724680754878513,0.7355059163766173,6.012171450227934e-05,0.7850602195645371,0.6101007291188212,3.545759489765926e-05,0.7718716043188569,0.593271364328033
2022-08-05,2022-09-09,16,0,False,CO,35,9600,500,True,0.004750753981127302,0.8361267027653527,0.6952395533285366,0.01185850930556137,0.8122648164336952,0.6462458442400056,0.007014909067216144,0.9025309222017538,0.8094554156607598,8.043565028525963e-05,0.7852754303870256,0.616118819140145,4.916190144643488e-05,0.8444356420389364,0.7091381342732359
2022-08-05,2022-09-12,17,0,False,CO,38,9600,500,True,0.0038704706989949756,0.8085386845956443,0.6530077420560624,0.009606964843245127,0.779285502345274,0.5936468528703391,0.005768033112087101,0.8849447827059349,0.7828037000176791,7.567391686661629e-05,0.7359174957155639,0.5404983321252336,3.121092378105889e-05,0.8340069576158046,0.6950820832109977
2022-08-05,2022-09-13,18,0,False,CO,39,9600,500,True,0.0037012298022789923,0.8170801910256188,0.6629989986282685,0.009607555188668461,0.8173017927907525,0.6590562468737187,0.005048312538892664,0.8993080448528612,0.7913901921062974,0.00010849691277332085,0.7420950003996005,0.5501994067581444,4.055456878152337e-05,0.8096159260592608,0.6513501487749134
2022-08-05,2022-09-19,19,0,False,CO,45,9600,500,True,0.0035005140182268624,0.8077493712223931,0.6453826592779884,0.007893882068273584,0.7936254272970296,0.6028908275969537,0.00597907190544189,0.8973808455490422,0.8044174831163828,8.00181420763869e-05,0.735734719625172,0.5274108227629657,4.9083957115590204e-05,0.8042564924183288,0.6468115036356517
2022-08-05,2022-09-21,20,0,False,CO,47,9600,500,True,0.005043511359378498,0.7784135161838691,0.6070023628626057,0.012016873000747068,0.8294008536791673,0.6802814169386483,0.007940630585990389,0.8707875590016805,0.7546014627195654,0.00011418625072330265,0.7150663987595853,0.5068265826338199,0.00010235560005323275,0.6983992532950434,0.4862999891583891
2022-08-05,2022-09-23,21,0,False,CO,49,9600,500,True,0.004483313792903818,0.7955788221137532,0.6034177987714043,0.012438674081502515,0.7403539280174598,0.4268861269586336,0.005365827361125123,0.9091662000998655,0.8229490417694311,8.613314042108269e-05,0.6895748642878843,0.45713674786177305,4.262058856655418e-05,0.8432202960498028,0.7066992784957797
2022-08-05,2022-09-26,22,0,False,CO,52,9600,500,True,0.00431997127100033,0.842988496749755,0.6988116592065168,0.011229780578442707,0.8409272057852661,0.6657882499110289,0.005934948799592523,0.8951337850899911,0.8007973592247791,7.035690624943006e-05,0.7896345162723019,0.6167031462306802,4.479879971665801e-05,0.8462584798514607,0.7119578814595788
2022-08-05,2022-09-27,23,0,False,CO,53,9600,500,True,0.0030977604797870193,0.8675478332225257,0.7297370145948612,0.007214221941207696,0.8818118955912676,0.775440570564124,0.0050748718672337,0.913416724901221,0.7415151078145888,6.616468067852694e-05,0.8260148686708116,0.6816887136639131,3.578343002815613e-05,0.8489478437268028,0.7203036663368187
2022-08-05,2022-09-30,24,0,False,RD,56,9600,500,True,0.006857945098798281,0.8435340268489284,0.6963424924006577,0.014074014352579108,0.8683849240946158,0.7486598080557625,0.013140207635230966,0.8757670799058038,0.7235575962512699,0.0001416850953503405,0.8008087939046536,0.6314121201537795,7.587331203270941e-05,0.8291753094906407,0.6817404451418189
2022-08-05,2022-10-03,25,0,False,CO,59,9600,500,True,0.003425292243129929,0.8418904341681521,0.7000008442320214,0.008059745873668698,0.8462129119626043,0.7135965431605662,0.005534812129353303,0.8962121834875366,0.7770787763934179,6.709634886218809e-05,0.8016754146507088,0.6423689859877887,3.951462063552397e-05,0.8234612265717588,0.6669590713863127
2022-08-05,2022-10-10,26,0,False,CO,66,9600,500,True,0.0038190426495977813,0.8482273240819054,0.7159744896267823,0.010822952839884367,0.8417873794558581,0.6983150018221376,0.004352758430059165,0.9127815228326814,0.822547931623794,7.414610142492424e-05,0.7831791794319929,0.6130203041865141,2.6313227022668016e-05,0.8551612146070892,0.7300147208746837
2022-08-05,2022-10-12,27,0,False,RD,68,9600,500,True,0.007878278307950288,0.8247469242139658,0.6776460300105278,0.020050167896689966,0.8404893692025368,0.6950631814286241,0.011185269256739579,0.8962358894346858,0.8002662174067293,0.0001812803050344529,0.7609613552697129,0.5751606596536258,9.639577333714855e-05,0.801301082948928,0.6400940615531316
2022-08-05,2022-10-25,28,0,False,RD,81,9600,500,True,0.008549478045691603,0.8235703727408852,0.6529777291483964,0.018700084827296067,0.8446689100868258,0.6823646575346238,0.015209598672227941,0.8802695569008786,0.706706275499531,0.00014924394852854165,0.78551498607014,0.6127110215517014,0.00013898473471385828,0.783828037905696,0.6101289620077289
2022-08-05,2022-10-27,29,0,False,CO,83,9600,500,True,0.0031023291327716847,0.8355855711605567,0.6938736304727038,0.008086647963508517,0.8726409207948017,0.7457015748750735,0.004183445276100031,0.9186089085827387,0.8335723023774724,7.803618139570465e-05,0.7961775936371329,0.6268779480036062,6.118711008248768e-05,0.7549148616275534,0.5693426966346632
2022-08-05,2022-11-01,30,0,False,RD,88,9600,500,True,0.0067595772481682005,0.838713377251522,0.7016030209577206,0.015420676620849661,0.8583091697821923,0.7356630241899567,0.011390513158911568,0.9001853606899467,0.801359623438608,0.00015121651412187956,0.7769276812660396,0.5984100745381891,7.590269878969586e-05,0.8194312972679092,0.6709793616641286
2022-08-05,2022-11-02,31,0,False,CO,89,9600,500,True,0.00285257930250798,0.8435054094891579,0.7109222234043862,0.007101688318952608,0.8492519355483004,0.71099333111365,0.004211751630908897,0.9275071278556527,0.8590729823346276,5.3546724070874824e-05,0.7835341484673295,0.6127215768371611,4.333053609954136e-05,0.8137284260853492,0.6609010033321058
2022-08-05,2022-11-04,32,0,False,RD,91,9600,500,True,0.0060778802878331895,0.8106005006824408,0.6640839023853071,0.015641074722203215,0.9021071110338411,0.8128816759403389,0.008304520553539124,0.9216017646658643,0.8435376861242226,0.00022997181733988147,0.7704241499788324,0.5933713333036605,0.0001359540582505355,0.6482689770512253,0.4065449141730063
2022-08-05,2022-11-07,33,0,False,CO,94,9600,500,True,0.003788185294254477,0.8348512122862348,0.6928050150679953,0.008988100473861022,0.844604129086074,0.6968248666837229,0.006036646273709976,0.8970819880647772,0.801083821459823,7.350390572405095e-05,0.7783796089598186,0.6031530009612738,5.449052372285921e-05,0.8193391230342694,0.6701583711671614
2022-08-05,2022-11-09,34,0,False,RD,96,9600,500,True,0.006772054257212075,0.8152578460829255,0.6667845249229096,0.017439354188679482,0.8305871325815055,0.6887202586668326,0.009389347663078643,0.914144211560625,0.8311703789793111,0.000181720464531068,0.7354252693351392,0.537621123431852,7.779471255910292e-05,0.7808747708544321,0.6096263386136429
2022-09-01,2022-09-01,0,0,True,CO,0,960,50,True,0.0067290881777452415,0.7316668828744042,0.5206215452851034,0.020334250570676452,0.6467971019180292,0.3370363931262673,0.0064213885830464,0.8955959618618426,0.802037346438402,0.00010988147824123787,0.6045949566067583,0.3376861499163025,5.08320790168784e-05,0.7796795111109869,0.6057262916594417
2022-09-01,2022-09-02,1,0,False,CO,1,960,50,True,0.005527055528117978,0.7173530392808225,0.5082617835454708,0.01406783903755244,0.6545622333437071,0.40880094240615916,0.007928939916754958,0.8013942241274276,0.6229085976389537,7.581774325728883e-05,0.6503328369351633,0.4218979808205061,3.5625414907225424e-05,0.7631228627169919,0.579439613316264
2022-09-01,2022-09-06,2,0,False,RD,5,960,50,True,0.014662970410991395,0.7397296115142611,0.5395050076912167,0.03723586619445312,0.6724807376280109,0.41834914683871305,0.021098212735275988,0.8320009975785814,0.6801977889278912,0.0002252681273260782,0.649554694575887,0.4174982632028299,9.253458691038401e-05,0.8048820162745651,0.6419748317954328
2022-09-01,2022-09-07,3,0,False,CO,6,960,50,True,0.007585434376064354,0.7135545497951585,0.47199227529222665,0.01734248540986655,0.7034230765183148,0.472851236709251,0.012878614713478106,0.7250931869443444,0.41160785203732264,7.768706075615234e-05,0.7106292733116557,0.49618655095776953,4.295032015660594e-05,0.7150726624063195,0.5073234614645634
2022-09-01,2022-09-09,4,0,False,CO,8,960,50,True,0.008910844729656963,0.7259955318408233,0.4960747335717101,0.023058153340620845,0.6509702768233382,0.312146463082808,0.012393264434431004,0.829025635895572,0.6633642150400548,0.00012633175377943956,0.637852090463974,0.39707850127451505,6.562938979655928e-05,0.786134124180409,0.6117097548894626
2022-09-01,2022-09-12,5,0,False,CO,11,960,50,True,0.005783507375667919,0.7323020602715011,0.5321233342407123,0.013735853450896507,0.6478715104996426,0.4190040903284704,0.009266205621607624,0.8327652057565306,0.6510793997227375,9.403931004634912e-05,0.6551082692017263,0.42898132406368905,3.7931120121191016e-05,0.7934632556281052,0.6294285228479521
2022-09-01,2022-09-13,6,0,False,CO,12,960,50,True,0.005729826988115037,0.7453750077909898,0.5294767623175904,0.01632565676045231,0.7183142804473527,0.42065066722437583,0.006395076927540959,0.8720297554112619,0.7357382770892398,0.00015021916070152193,0.6169572639661318,0.37722958310337096,4.835510376535902e-05,0.7741987313392124,0.5842885218533752
2022-09-01,2022-09-19,7,0,False,CO,18,960,50,True,0.005152598156920496,0.7202877642737795,0.5180014787771625,0.010266949373871955,0.7068166228263038,0.4835114416836048,0.010173957544774119,0.8234637361640533,0.6671978101713553,0.00010922051098153066,0.5979308548805103,0.3549408911182169,6.026519805437869e-05,0.7529398432242507,0.5663557721354731
2022-09-01,2022-09-21,8,0,False,CO,20,960,50,True,0.008452897162907435,0.6708856667241578,0.42527911466558,0.017735014950416798,0.7620799767634154,0.5281456456961273,0.01578746635959396,0.7560728455693491,0.5121015755545042,0.00015982064869124975,0.5683258403525915,0.3097304186671377,0.00012928669292772997,0.5970640042112751,0.3511388187445509
2022-09-01,2022-09-23,9,0,False,CO,22,960,50,True,0.008956304227253435,0.6591442814311864,0.36892609133165877,0.021278974857224735,0.5295858632543627,0.01956787235791857,0.014381592486139133,0.7491538612817215,0.5254646563920438,0.00011006673758578077,0.5672556323038096,0.306292713513595,5.4582828064084716e-05,0.7905817688848519,0.6243791230630777
2022-09-01,2022-09-26,10,0,False,CO,25,960,50,True,0.0072499666758911304,0.7503974592382713,0.5399408984508676,0.014463733675294898,0.7748825424307071,0.5695419237557852,0.014378243949803238,0.7445273726710626,0.5174037281150944,8.96267712587877e-05,0.7320086917606561,0.5117229953914566,6.826230720759525e-05,0.7501712300906592,0.5610949465411343
2022-09-01,2022-09-27,11,0,False,CO,26,960,50,True,0.005817346003610878,0.7677337783838096,0.5482815720327432,0.01363020913345625,0.7806896567696937,0.575728053413864,0.009490054312836295,0.805666167149584,0.5166310145236575,8.862105485344381e-05,0.7579655410036996,0.5736534707403858,6.049951329752037e-05,0.7266137486122616,0.5271137494530658
2022-09-01,2022-09-30,12,0,False,RD,29,960,50,True,0.011695581250974394,0.7481103604714628,0.5362117256080393,0.02570950210720504,0.7547724029917124,0.5408679405509103,0.020770200390900263,0.7946772459951438,0.5630385545043666,0.00019478664116975527,0.7027674310580085,0.4932706583314297,0.00010783586462251363,0.7402243618409865,0.5476697490454507
2022-09-01,2022-10-03,13,0,False,CO,32,960,50,True,0.005242995741174593,0.7695815875020107,0.574660636097516,0.011732520852261827,0.7813051843720309,0.5830843078431964,0.00909517264276674,0.8108609625334592,0.6336809692806014,9.618266098134691e-05,0.6987035871419738,0.4873357021586511,4.8106808688460465e-05,0.7874566159605789,0.5945415651076154
2022-09-01,2022-10-10,14,0,False,CO,39,960,50,True,0.008344129021867198,0.7138610665605696,0.4805989409806821,0.021328553700368517,0.6753846972936073,0.40547604896513034,0.01189479816976437,0.75973015898962,0.5150761127551234,0.00011373596056839546,0.6432854477304257,0.4063948531619339,3.94282567675091e-05,0.7770439622286253,0.5954487490405409
2022-09-01,2022-10-12,15,0,False,RD,41,960,50,True,0.014204245474746491,0.7115086418340675,0.4955591906031647,0.03799707714827429,0.6863240989778083,0.4221141747885956,0.01842853786801185,0.822456724143207,0.6709241868430209,0.00025208409790329893,0.6415967153774467,0.40922847716582056,0.00013928278479652663,0.6956570288378079,0.4799699236152217
2022-09-01,2022-10-25,16,0,False,RD,54,960,50,True,0.015272341439175096,0.707802074755843,0.4665317025688839,0.04095466854949633,0.6123597087621567,0.30435341387934145,0.019741258533167345,0.8331075081370607,0.6193201828466666,0.0002193984652967654,0.6692796479757077,0.4306596124287153,0.0001740402087399402,0.7164614341484468,0.5117936011208122
2022-09-01,2022-10-27,17,0,False,CO,56,960,50,True,0.006203986633738604,0.7375635306420922,0.5345280791078597,0.01796740640379557,0.6782251736836744,0.43498428858496196,0.006667193731357826,0.8664069042346733,0.7347627065537596,0.00010844092772089357,0.7052799264762339,0.48150075070383225,7.290547208012263e-05,0.7003421181737874,0.4868645705888852
2022-09-01,2022-11-01,18,0,False,RD,61,960,50,True,0.01144260286969893,0.7495720525954382,0.5305066477793879,0.028608542620330905,0.7686863862410567,0.5096002708229845,0.01681784215401132,0.8449042532863699,0.7067118529414802,0.0002364389637310641,0.6522640351153668,0.37208243178720835,0.00010758774072242566,0.7324335357389598,0.5336320355658786
2022-09-01,2022-11-02,19,0,False,CO,62,960,50,True,0.004879441832347397,0.7600516686937736,0.5665753376829793,0.012944894823707741,0.7344527583133722,0.4732011932853042,0.006439901874925356,0.8881917696907797,0.7845181186301292,8.290853354648435e-05,0.6357061747889945,0.4003613349693157,5.0062097210004684e-05,0.781855971981948,0.6082207038471684
2022-09-01,2022-11-04,20,0,False,RD,64,960,50,True,0.013678662444811104,0.7098328946253954,0.49706446498188445,0.04113067736283429,0.7460040837950477,0.5079428011013245,0.013107513644059137,0.8848730365367781,0.7530463196898446,0.0003107748697951945,0.674677597840172,0.4504980114116204,0.00016568390255579732,0.533776860329584,0.2767707277247484
2022-09-01,2022-11-07,21,0,False,CO,67,960,50,True,0.007501979029851541,0.7498804077465369,0.4845013970950346,0.02139210983745512,0.7083859031316844,0.2784286545585426,0.008427328149489715,0.8898602572635703,0.7223074146151152,0.0001194800925280939,0.6310628229546181,0.35492793617456975,6.899803993323507e-05,0.7702126476362748,0.5823415830319106
2022-09-01,2022-11-09,22,0,False,RD,69,960,50,True,0.011601878852647523,0.7455442076777947,0.5407400117687639,0.02996052187832141,0.705204736655936,0.4652265560071883,0.01613853515230702,0.8588861766240321,0.7098134107540675,0.00021659730921305123,0.6794501554168095,0.44887868980495504,9.186107074861547e-05,0.7386357620144015,0.5390413905088445
2022-09-01,2022-12-09,23,0,False,CO,99,960,50,True,0.008265120380591512,0.657961559894854,0.42758275353863456,0.0184107215406436,0.6464005433670905,0.3994809666527004,0.01443987489741076,0.6982514163697665,0.47879091519701233,0.00011832688705595619,0.5901438594745465,0.3479059128166623,9.155819725573346e-05,0.6970504203680126,0.48415321948816326
2022-09-01,2022-09-01,0,0,True,CO,0,1920,250,True,0.006774195275643301,0.7310408627720317,0.5196792152246283,0.020293029699799583,0.6429156704042887,0.33838032941445373,0.00664265622772969,0.8926631916021982,0.7952159666819306,0.00011258157280792014,0.5972223461495956,0.3214112503001608,4.851360223601211e-05,0.7913622429320446,0.6237093145019681
2022-09-01,2022-09-02,1,0,False,CO,1,1920,250,True,0.005239130010877024,0.723521104241162,0.5057599278701728,0.014353736169399504,0.668639934995814,0.3967861536055778,0.006484853846776499,0.8342695313300854,0.6915876955985074,7.818754546665268e-05,0.6406704887679626,0.4038284975645855,3.9742481865441774e-05,0.7505044618707857,0.5308373647120204
2022-09-01,2022-09-06,2,0,False,RD,5,1920,250,True,0.011309563380373044,0.7864554741392153,0.6150703749743798,0.02812605861158948,0.7586664533608314,0.5606508546877204,0.016825926800354163,0.8674066247443536,0.7449561883934466,0.00020437710615361376,0.6887732680580252,0.47151858228157884,8.189100339491883e-05,0.830975550393651,0.6831558745347737
2022-09-01,2022-09-07,3,0,False,CO,6,1920,250,True,0.006479555185487911,0.7544813074224175,0.5285756904267205,0.013156015766372773,0.7772608049979888,0.600104755623354,0.01265207012249188,0.7602121292502946,0.4219581157469908,7.13202258693217e-05,0.7351447162079542,0.5374765291419746,3.881462721766929e-05,0.7453075792334323,0.5547633611945628
2022-09-01,2022-09-09,4,0,False,CO,8,1920,250,True,0.0066604662005251775,0.76975974351312,0.5885915810279055,0.01709285105976819,0.7190356134122499,0.4900988867678442,0.009378738791426366,0.8641492398871378,0.7452471774737004,0.0001105326155511718,0.6888979318002176,0.47248028914005,5.974233535498296e-05,0.8069561889528746,0.6465399707300277
2022-09-01,2022-09-12,5,0,False,CO,11,1920,250,True,0.0048054661131106124,0.7522226454258814,0.5630034134514046,0.01222243875397661,0.7095374358146801,0.48301815044425067,0.006863316301008369,0.8633816753468944,0.7415606191539394,9.659810543732029e-05,0.6498200589040939,0.4134439923305644,3.951129202014891e-05,0.7861514116378576,0.6139908918768635
2022-09-01,2022-09-13,6,0,False,CO,12,1920,250,True,0.004598815349266687,0.7715966227992911,0.587335621400175,0.012831334067163028,0.7589848538049493,0.5446538574521593,0.005379654517508562,0.8875052452930603,0.7776982532705645,0.00013730653341445103,0.6582917360244287,0.4307620502084043,4.6966278980705166e-05,0.7816046560747262,0.596228324669572
2022-09-01,2022-09-19,7,0,False,CO,18,1920,250,True,0.005425475676485464,0.701945485488934,0.47385893288959263,0.013167779619056671,0.6499278081280592,0.33758244401377235,0.008350730629802006,0.8542816937941002,0.7268377199298656,0.00011680929034535491,0.5790341570370896,0.3101213676611556,6.658316673782515e-05,0.7245382829964868,0.520894199953577
2022-09-01,2022-09-21,8,0,False,CO,20,1920,250,True,0.00675225594400851,0.7242309929356304,0.5173405700578664,0.015383413266401207,0.778449858612789,0.5907119021832694,0.011372937170671608,0.815800533407129,0.6485289025799701,0.00014038242697495405,0.6382835202085155,0.393684609041397,0.00011229091198627159,0.6643900595140884,0.4364368664268289
2022-09-01,2022-09-23,9,0,False,CO,22,1920,250,True,0.007355493178299251,0.7105552706709415,0.44714882233423686,0.017698686522097995,0.6382018994700978,0.18453022291911703,0.011566878090136807,0.7907782574915365,0.6183390348277102,0.00010719860505584778,0.599315564299787,0.3243694229561054,4.9209495906352775e-05,0.8139253614223447,0.6613566086340148
2022-09-01,2022-09-26,10,0,False,CO,25,1920,250,True,0.006978595935614271,0.7603240755421081,0.5592180525235341,0.0157054504878676,0.7592522117580043,0.532586940873798,0.012057314740882053,0.7870878014280667,0.5953041857401352,8.539511154514887e-05,0.7349761031292916,0.5347766221201515,6.622340216228043e-05,0.7599801858530699,0.5742044613600517
2022-09-01,2022-09-27,11,0,False,CO,26,1920,250,True,0.004370391570575586,0.8101617110381838,0.6205164879988728,0.009550633736289374,0.8390823437686898,0.7027143217868426,0.007793620106051987,0.8581061116640819,0.6030376518757276,8.304792482575315e-05,0.7843129890543248,0.6004652103247079,5.426451513523099e-05,0.7591453996656388,0.5758487680082134
2022-09-01,2022-09-30,12,0,False,RD,29,1920,250,True,0.011829026978886227,0.7626014747632921,0.5519293244680519,0.025163356096442643,0.7590023794874872,0.5506212660581735,0.02187575967232256,0.782316700668513,0.5397799064124084,0.0001752444392637911,0.7423577146630523,0.5441088834124477,0.00010174770751591569,0.7667291042341159,0.5732072419891779
2022-09-01,2022-10-03,13,0,False,CO,32,1920,250,True,0.004775139053331967,0.7917214113595679,0.6056509935525339,0.01064964316320785,0.793024850368685,0.6215644185489927,0.008316120268498378,0.85023404175002,0.6650582417998419,8.78110321337616e-05,0.7323370981669224,0.53195741652116,4.69817494878753e-05,0.791289655152644,0.6040238973401411
2022-09-01,2022-10-10,14,0,False,CO,39,1920,250,True,0.006328580724449403,0.7763975827795752,0.584877610603891,0.017947754781786077,0.7337858609423249,0.499714315608373,0.007233075623196855,0.8619945426447396,0.7051239459571041,0.00010004661087422929,0.6971883351782997,0.47784163564579485,3.3445881940449635e-05,0.8126215923529361,0.6568305452042921
2022-09-01,2022-10-12,15,0,False,RD,41,1920,250,True,0.011566771648179151,0.7612294928048073,0.5691695125058688,0.03058121678091383,0.7524943669197641,0.5348997075105324,0.01533994075066151,0.8621782335812037,0.7260768318974393,0.0002210464225202239,0.694916863352913,0.4819668010180693,0.00012488263862103706,0.7353285073653486,0.5337347095974342
2022-09-01,2022-10-25,16,0,False,RD,54,1920,250,True,0.013382224326891741,0.7469891131689494,0.5136946327806701,0.03243753333470151,0.7221025261127436,0.4490235148847841,0.020721161565606383,0.8324235794383295,0.6004242595401477,0.00020843694612738322,0.6918631344810884,0.4591048231270882,0.00016176546113169033,0.7415672126436361,0.5462259335706603
2022-09-01,2022-10-27,17,0,False,CO,56,1920,250,True,0.007939768913237761,0.7205672217164598,0.48799478897685455,0.02576861137758954,0.5692907393896749,0.18966210467579214,0.0058136052803902435,0.8830266899958441,0.7687205454248227,0.00010562617172534352,0.7212459802322683,0.49495921976452606,7.12328232459162e-05,0.7087054772480519,0.4986372860422774
2022-09-01,2022-11-01,18,0,False,RD,61,1920,250,True,0.009742349094813078,0.7835126233184715,0.5922190424852719,0.023474399356154023,0.8033833193066957,0.597608335397342,0.015192337780199384,0.8642598509441084,0.7350591974738531,0.00020736033205236905,0.6950082005289766,0.44930736714689046,9.529891084653494e-05,0.7713991224941051,0.5869012699230024
2022-09-01,2022-11-02,19,0,False,CO,62,1920,250,True,0.005182032613434771,0.7527243396005052,0.5632954473166707,0.013698188906321993,0.6908239654623802,0.44254552329101016,0.006901489581365845,0.879809908875598,0.7690731958141037,7.889488264732476e-05,0.6570959871405357,0.42939019561997327,4.955708340392092e-05,0.7831674969235071,0.6121728745415959
2022-09-01,2022-11-04,20,0,False,RD,64,1920,250,True,0.00920337538519155,0.7575688739036021,0.5794752474873963,0.024857698226199234,0.842442137066443,0.7026207652173393,0.01152041898254383,0.8917018585867409,0.7829481666995136,0.00028219079862094534,0.7138318972315985,0.5010394337684309,0.00015319353340218463,0.5822996027296257,0.3312926242643014
2022-09-01,2022-11-07,21,0,False,CO,67,1920,250,True,0.00746343784695105,0.7693735273521618,0.5055447854962516,0.018369847952339233,0.7552199755028051,0.3803717350349346,0.011309566440520885,0.8650554386681927,0.6273335167753565,0.00010664816013483914,0.6839311554087191,0.4242074365217837,6.768883480923856e-05,0.7732875398289305,0.5902664536529312
2022-09-01,2022-11-09,22,0,False,RD,69,1920,250,True,0.00929383923767904,0.7651135667498092,0.5837594897695606,0.023902480255939742,0.7586159155164276,0.5733581765246863,0.012967836595620685,0.8809332000144027,0.7668256606892966,0.0002124660408362118,0.6855979709557884,0.45939050109607116,9.25740583195201e-05,0.7353071805126179,0.5354636207681884
2022-09-01,2022-12-09,23,0,False,CO,99,1920,250,True,0.006763461715808537,0.7069593843712916,0.49682604004896413,0.01382850756347504,0.7437668832427395,0.5489431537856201,0.013029274095967764,0.7298853301283152,0.5297067270004996,0.0001080350539831281,0.6386676401200934,0.40462373629743553,8.803014980821593e-05,0.7155176839940178,0.5040305431123016
2022-09-01,2022-09-01,0,0,True,CO,0,3840,250,True,0.007044047913516407,0.726091787011589,0.5136038140219463,0.021464705700831414,0.6175976504807069,0.3001798289813751,0.006552196635144544,0.8953175203375456,0.798004712567133,0.00011090602884336022,0.6004014543768533,0.3315106409519304,4.8383289246309454e-05,0.7910505228512503,0.624720073587347
2022-09-01,2022-09-02,1,0,False,CO,1,3840,250,True,0.004492262668374385,0.7555905146579893,0.5575058077470976,0.011923063817856934,0.7391004715800398,0.4989348347011917,0.005936034306510672,0.8539205787422541,0.7176889313569801,7.449366779621518e-05,0.6616975047037694,0.43199391172938484,3.5458881333717166e-05,0.767643503605894,0.5814055532008338
2022-09-01,2022-09-06,2,0,False,RD,5,3840,250,True,0.01069558654322672,0.7940334834911562,0.6213567200156751,0.02547065626743218,0.7819070820835794,0.6021301378847272,0.01702288309752555,0.8745271721771535,0.7419707668266865,0.00020162944926849867,0.6924748608930629,0.4786235150863225,8.717735868065218e-05,0.8272248188108293,0.662702460264964
2022-09-01,2022-09-07,3,0,False,CO,6,3840,250,True,0.005452396602388483,0.7697026605361483,0.57237261981936,0.01171599330315616,0.8065466562534089,0.6438762245134857,0.00998587854360549,0.7860610824968939,0.543769834234009,6.767814605266638e-05,0.7506615816803603,0.5610960196498698,4.0036416739611496e-05,0.7355413217139304,0.5407484008800756
2022-09-01,2022-09-09,4,0,False,CO,8,3840,250,True,0.005812647108989981,0.7942828148673723,0.6292382802153303,0.014664218622833087,0.7587213142622707,0.5625480281600426,0.008428032716155576,0.8799715022540802,0.771071018125872,0.00010501159492287785,0.706752108719105,0.4988295001034069,5.332550204838131e-05,0.8316863342340333,0.684504574472
2022-09-01,2022-09-12,5,0,False,CO,11,3840,250,True,0.0040095145606307446,0.7866458704481685,0.6225646046523797,0.010341635346867512,0.7526407496880978,0.5625719321100955,0.005574631071599019,0.8889751892487266,0.7900862878230468,8.856245811858306e-05,0.6811846803195523,0.4622374669953079,3.322936593786533e-05,0.8237828625362971,0.6753627316810688
2022-09-01,2022-09-13,6,0,False,CO,12,3840,250,True,0.0044235493556149435,0.7802436833389143,0.602953286251607,0.011884881412505672,0.7636636782514683,0.5782406663643582,0.0056335192020209824,0.8901791385622404,0.7672078839324673,0.00012978190343459258,0.6812642980711083,0.46195725145746735,4.601490449852367e-05,0.78586761847084,0.6044073432521353
2022-09-01,2022-09-19,7,0,False,CO,18,3840,250,True,0.004523382174573337,0.7663050736845913,0.5701039236824175,0.009990309331699693,0.7568797354557031,0.49742807956220914,0.0079531723343245,0.865680539690695,0.7398423221937523,9.524356883042722e-05,0.6638452101250567,0.4374890660705172,5.480346343873061e-05,0.7788148094669105,0.605656226903191
2022-09-01,2022-09-21,8,0,False,CO,20,3840,250,True,0.006287238706007059,0.7299281410177272,0.5335257184710309,0.015015523469300806,0.7806122072057908,0.6004999064872474,0.009882796128844181,0.8363690548690903,0.6945804633528838,0.00013848488470849375,0.638444351444762,0.40188014395229155,0.0001121503411747518,0.6642869505512661,0.43714236009170093
2022-09-01,2022-09-23,9,0,False,CO,22,3840,250,True,0.005406143487161176,0.7579716133536794,0.5442502159691465,0.014313324059213687,0.6784307987708329,0.3405113331274585,0.007168311077992396,0.8746118464201131,0.76347424919999,9.786985030352095e-05,0.6472712092169877,0.3831648891203522,4.5068961135101625e-05,0.8315725990067837,0.6898503924287855
2022-09-01,2022-09-26,10,0,False,CO,25,3840,250,True,0.00563047358413858,0.8015595041591733,0.6272032612578797,0.011694912001917026,0.8150034920387998,0.6519453804110548,0.010694004870541155,0.8285594528699993,0.6410627820713246,7.2121155755906e-05,0.78131886784657,0.6070917047795892,6.0856308340231855e-05,0.781356203881324,0.6087131777695503
2022-09-01,2022-09-27,11,0,False,CO,26,3840,250,True,0.003474433525349445,0.8422370113534581,0.686947017689315,0.007938536162025596,0.8678380646685119,0.7528946065662475,0.005839628830535881,0.8900347326675212,0.7025627704199187,7.550447001407527e-05,0.800308886026114,0.6367559742171511,4.406463882222833e-05,0.8107663620516854,0.6555747195539426
2022-09-01,2022-09-30,12,0,False,RD,29,3840,250,True,0.010093813601299602,0.7894661240748048,0.6038892763983508,0.020709176562481085,0.8015544597396573,0.6301660434737826,0.01941139487597135,0.8093060930232403,0.5916249721015172,0.00016449314820900983,0.7571212994832774,0.5720779197157567,9.018981853696709e-05,0.7898826440530439,0.6216881703023466
2022-09-01,2022-10-03,13,0,False,CO,32,3840,250,True,0.0038815232509493564,0.8171754908030158,0.6549378548199845,0.008760429580059502,0.8325768805450806,0.6886977139906525,0.006639940803861659,0.8791559351107874,0.7325683882164469,8.331097559869578e-05,0.7480711760646562,0.5559432191622754,4.241164427756725e-05,0.8088979714915389,0.642542097910563
2022-09-01,2022-10-10,14,0,False,CO,39,3840,250,True,0.00556979199210281,0.8008252260825355,0.6348526582624494,0.01699935449367491,0.7517329035195686,0.526150551950114,0.00515980455415949,0.8892214189940262,0.7896464953741705,9.024634402374438e-05,0.7285333865515813,0.5289907077049874,2.9762576553091064e-05,0.8338131952649663,0.6946228780205258
2022-09-01,2022-10-12,15,0,False,RD,41,3840,250,True,0.009654619414605424,0.7917012167118893,0.6231462717471307,0.024818935935040906,0.7993715718512407,0.6225364593776002,0.013484606904523192,0.8757190147533436,0.7592072678803945,0.0002062407003368174,0.7201633638934795,0.5166647415613328,0.00010869411852078249,0.7715509163494937,0.5941766181691951
2022-09-01,2022-10-25,16,0,False,RD,54,3840,250,True,0.01123747639713512,0.7818390958223658,0.575635743627841,0.025781951575039812,0.7888025026294989,0.562073696798966,0.018834882354435183,0.8512843659341438,0.636798253832475,0.00018075629597849547,0.7288666882353438,0.5309362831269373,0.00015231536308698933,0.7584028264904763,0.5727347407529857
2022-09-01,2022-10-27,17,0,False,CO,56,3840,250,True,0.00387660859736288,0.8092772617676889,0.6500676103925709,0.010383263354319647,0.8243837248294978,0.6734805904033383,0.00497054345727162,0.9000892943427179,0.8022596092621497,8.807348527869263e-05,0.7727054002491234,0.578885601961697,6.455409258155777e-05,0.739930627649416,0.5456446399430985
2022-09-01,2022-11-01,18,0,False,RD,61,3840,250,True,0.007829937605483278,0.8133043092421005,0.6578241843568817,0.01845588912791541,0.8396140907627886,0.6836342504347377,0.012604496266089121,0.8841922858173712,0.7801888422644294,0.00017376650758455924,0.7362929340524338,0.538523426268127,8.559852034401965e-05,0.7931179263358085,0.6289502184602325
2022-09-01,2022-11-02,19,0,False,CO,62,3840,250,True,0.0036855206078323364,0.8100462335361618,0.6537441595063738,0.00865037451756334,0.8083600162889749,0.6479687911297884,0.00598038561504891,0.9012379815510082,0.7998937299548546,6.456325219655911e-05,0.7323467661469366,0.5330441789146112,4.675904652053669e-05,0.7982401701577273,0.6340699380262407
2022-09-01,2022-11-04,20,0,False,RD,64,3840,250,True,0.007356438072230088,0.78442061990346,0.622325945887527,0.01971026835728765,0.8753366924255194,0.7642008335561281,0.009313553614042512,0.9135566204519558,0.8245268779257606,0.000252237708553678,0.7530125821959044,0.5540015106801746,0.00014969260903651476,0.5957765845404603,0.34657456138804477
2022-09-01,2022-11-07,21,0,False,CO,67,3840,250,True,0.004557569802704808,0.8078718695423813,0.6288201406960281,0.011253698396002794,0.8272851601764586,0.620404609246241,0.006820835160953439,0.8874940986558341,0.7752436695556969,9.53693969615608e-05,0.7192626038451324,0.48510138867430797,6.037625690143378e-05,0.7974456154921001,0.6345308953078663
2022-09-01,2022-11-09,22,0,False,RD,69,3840,250,True,0.007614442701017617,0.7990829837200306,0.6404209382971465,0.019238011616921458,0.8118832353824155,0.6566155366139033,0.010947731457116687,0.8991351055038694,0.8031491196977096,0.00018877899190336298,0.7215176664672199,0.519661044114152,8.324873812896032e-05,0.7637959275266178,0.582258052762821
2022-09-01,2022-12-09,23,0,False,CO,99,3840,250,True,0.006658244185620231,0.7307081810257519,0.523381666774189,0.013060215404714455,0.7671655838423787,0.574003228888526,0.013393798677993615,0.7353915804729083,0.5165491667629138,9.149004775933461e-05,0.7050017154962229,0.49580251230837924,8.747261201352221e-05,0.7152738442914977,0.5071717591369369
2022-09-01,2022-09-01,0,0,True,CO,0,9600,500,True,0.007330634799695259,0.7190000511936888,0.4977186270234843,0.022243395662253123,0.6127763971830493,0.27479196904199943,0.006916168611379462,0.887607958450023,0.7867839528660685,0.00011186324450181059,0.5977828953697282,0.3257409953459912,5.111168064663964e-05,0.7778329537719549,0.603557590839878
2022-09-01,2022-09-02,1,0,False,CO,1,9600,500,True,0.0036166700739428577,0.7814466440010583,0.6041898771434668,0.008364240664354858,0.807704520689474,0.6484939026488175,0.005997723828960895,0.8565616168708006,0.7147550475369524,6.93003335329257e-05,0.6876382212385774,0.4715925187954567,3.541546892275191e-05,0.7738822172053812,0.5819180395926404
2022-09-01,2022-09-06,2,0,False,RD,5,9600,500,True,0.00999495260588067,0.8192500991612957,0.6498170132095603,0.024231827975681755,0.8241069572835467,0.6214815215494455,0.015482229464574252,0.8909993122492356,0.7653236661692125,0.00018755570381837226,0.7214173034596343,0.5150156193100739,7.819727944829677e-05,0.840476823652766,0.6974472458095093
2022-09-01,2022-09-07,3,0,False,CO,6,9600,500,True,0.0038080484839748533,0.8175669539430099,0.6624702627966357,0.0096132637999633,0.8454552051966177,0.7077915879084269,0.005521557515665822,0.8773116315694397,0.7477336531123953,6.243925355367814e-05,0.7724852523700498,0.5950711047333623,3.4933366716610867e-05,0.7750157266359325,0.5992847054323582
2022-09-01,2022-09-09,4,0,False,CO,8,9600,500,True,0.004747518082026704,0.8303652664425689,0.6855157195803755,0.011800196477550325,0.815486070106754,0.6479853887907993,0.007052076487181451,0.9014448539320309,0.8084458444004069,8.821613004630011e-05,0.7611678857544268,0.5789862821651592,4.9583233328739437e-05,0.843362255977064,0.7066453629651367
2022-09-01,2022-09-12,5,0,False,CO,11,9600,500,True,0.0037680953712743203,0.8068379736088858,0.6521234641529697,0.009894582263012734,0.7701988976200588,0.5814812786646569,0.005067532604346463,0.9000547620080581,0.8091811696785548,7.980906865324823e-05,0.7182851761055913,0.5153891634506181,3.0457549084835596e-05,0.838813058701835,0.7024422448180491
2022-09-01,2022-09-13,6,0,False,CO,12,9600,500,True,0.004027642312953593,0.8000166541239955,0.6328575738687796,0.010418703603549738,0.8040317366013839,0.6302709857452438,0.005527855369304688,0.891495761703309,0.771574196769567,0.00012122062063707305,0.7067466102105271,0.4974501515115093,4.278965832287439e-05,0.7977925079807615,0.6321349614487985
2022-09-01,2022-09-19,7,0,False,CO,18,9600,500,True,0.003349864573354085,0.8048228092750616,0.6422949851022202,0.0073846272258979466,0.8098062663623935,0.6285093720911535,0.005878877745626403,0.8997021862633061,0.8076949526406942,8.62620203615697e-05,0.7082216455899664,0.4905343191977386,4.96913015304196e-05,0.80156113888458,0.6424412964792945
2022-09-01,2022-09-21,8,0,False,CO,20,9600,500,True,0.0050989964098173465,0.7728327429039138,0.5983990011182939,0.01222316507199493,0.8275286666088795,0.6747928502614389,0.007949651427281783,0.8699667372019515,0.7543226811752064,0.00012078115346401429,0.6949886510565719,0.4783430244012645,0.00010238798652865835,0.6988469167482525,0.48613744863526576
2022-09-01,2022-09-23,9,0,False,CO,22,9600,500,True,0.004284500963862771,0.7980568705301206,0.6112374263898988,0.011468444301401282,0.7530974520921443,0.47158961732830196,0.005539444651341338,0.9066723157987253,0.8172203618232821,8.90185767260023e-05,0.6830683003875407,0.438950979542301,4.1096325982460075e-05,0.8493894138420721,0.7171887468657102
2022-09-01,2022-09-26,10,0,False,CO,25,9600,500,True,0.004619871801739027,0.8346983162470095,0.6789951324331828,0.012256228126809635,0.8372014123663845,0.6352399387380765,0.006100661952305966,0.8936674710158345,0.7952353065860147,7.513413940098871e-05,0.7739699342328683,0.5906772941242319,4.7462988439519863e-05,0.833954447372951,0.6948279902844079
2022-09-01,2022-09-27,11,0,False,CO,26,9600,500,True,0.002792644182583706,0.8765690199866827,0.7520104558833018,0.006849212088569705,0.8887085068999403,0.7868023507969537,0.004225014870692161,0.9225984405577682,0.7848019532505115,6.306582318591618e-05,0.8346831346540713,0.6965969895677562,3.32839478870416e-05,0.8602859978349511,0.739840529917986
2022-09-01,2022-09-30,12,0,False,RD,29,9600,500,True,0.00733708178946215,0.8341890778152123,0.6783315569064499,0.015877687757493448,0.854350468342886,0.7164489825983611,0.013240546294643076,0.8798207009464909,0.7214466813428602,0.00015101013051029005,0.7836889494855475,0.6071534292124459,7.908297520178421e-05,0.8188961924859252,0.6682771344721321
2022-09-01,2022-10-03,13,0,False,CO,32,9600,500,True,0.0033737097287658254,0.8396456823505879,0.6968433350844261,0.007997305427884694,0.8480491591129748,0.71581536740136,0.005387500083798984,0.898766532175453,0.7830119464233092,6.969892300717821e-05,0.7931094484031114,0.6284969758665448,4.03344803724466e-05,0.8186575897108123,0.6600490506464903
2022-09-01,2022-10-10,14,0,False,CO,39,9600,500,True,0.00397313546269161,0.8456154948142164,0.7089047091898448,0.011251768907518535,0.8370085297316306,0.6863619446022897,0.004539886980176184,0.9104183440870695,0.8149191259356148,7.328921735754862e-05,0.7858639505101394,0.6174925114822166,2.759674571417394e-05,0.8491711549280261,0.7168452547392582
2022-09-01,2022-10-12,15,0,False,RD,41,9600,500,True,0.008037170995732038,0.8203054861467776,0.669913865832008,0.02069333605625287,0.8357806448224612,0.6852814352909323,0.011169054191375406,0.8968988321665443,0.800555767552179,0.00018900552566563777,0.7493019355236094,0.5570562238939937,9.728820963424461e-05,0.7992405320744955,0.6367620365909269
2022-09-01,2022-10-25,16,0,False,RD,54,9600,500,True,0.008208800317277217,0.8241718660886388,0.6598626513711527,0.01913684743957825,0.8396441961886013,0.6749459081968765,0.013409891866686605,0.8901617674567823,0.7414108540608232,0.00015356623974263593,0.7767455654240022,0.6014946488587578,0.00013489572310137853,0.7901359352851689,0.6215991943681536
2022-09-01,2022-10-27,17,0,False,CO,56,9600,500,True,0.0028950651840771607,0.8388944507888174,0.7017051705413978,0.007402229898338349,0.8803303647554555,0.7672242672050993,0.004039962394936598,0.9205422840339711,0.8392804027550966,7.624932468965709e-05,0.802489150658177,0.6354216213210282,6.181911834403815e-05,0.752216003707666,0.5648943908843669
2022-09-01,2022-11-01,18,0,False,RD,61,9600,500,True,0.006858836555739516,0.8359638900018612,0.6972421144565817,0.015422293663146128,0.8580140811600285,0.7356353052979187,0.011783211271603861,0.8975577957139702,0.7945113190741013,0.0001519502449362491,0.7742114221034355,0.5964614850950134,7.789104327182367e-05,0.8140722610300108,0.6623603483592932
2022-09-01,2022-11-02,19,0,False,CO,62,9600,500,True,0.002723196615112509,0.8465259946108452,0.7176269448957722,0.006900480204135623,0.8508198616394707,0.7191815934541657,0.0038964355675253724,0.933356800202428,0.8696235931798915,5.3888385518346775e-05,0.7813348137207943,0.6102504993076127,4.198230327069297e-05,0.8205925028806875,0.6714520936414188
2022-09-01,2022-11-04,20,0,False,RD,64,9600,500,True,0.006305747429631836,0.8111604456229142,0.6639990171648589,0.016428482726900073,0.8965613044290848,0.8034617052025939,0.008430274772499167,0.921328676275025,0.8411683987040423,0.00023153392523065633,0.7699114637438575,0.5906092650806537,0.00013269829389744782,0.6568403380436899,0.4207566996721457
2022-09-01,2022-11-07,21,0,False,CO,67,9600,500,True,0.003926018133348966,0.8332730824280813,0.6885614021311526,0.009309934866213348,0.838747222669503,0.6859691597308537,0.006266411469724705,0.8944008776717782,0.7935127277298776,7.324204268761652e-05,0.7809289800632984,0.6045667974003135,5.4484154770197555e-05,0.8190152493077459,0.6701969236635654
2022-09-01,2022-11-09,22,0,False,RD,69,9600,500,True,0.006820283648569885,0.8160200517747083,0.6676259179986235,0.017872951123167606,0.8264205644215126,0.6809808699171086,0.009151237522312505,0.9156838479288568,0.8354518313516424,0.00017926695365629502,0.7407540879373999,0.5438639624255379,7.767899514313425e-05,0.7812217068110638,0.6102070083002047
2022-09-01,2022-12-09,23,0,False,CO,99,9600,500,True,0.004944845608298981,0.7859419755312508,0.61384615326724,0.009690208453976614,0.827396008512856,0.6839257711399593,0.00993306596336844,0.8050399526757399,0.641464745585621,7.731653217473152e-05,0.7629096425905131,0.5739121113798891,7.879148367613732e-05,0.7484222983458939,0.5560819849634906
2022-09-30,2022-09-30,0,0,True,RD,0,960,50,True,0.007334291284310538,0.8326624662703423,0.6756114622946886,0.017063010315539282,0.8498064624733972,0.6952809496696126,0.012040539555364849,0.884988484408363,0.7466923058207657,0.00015089472970628113,0.7820047217659998,0.6074536396020922,8.27205366317395e-05,0.8138501964336091,0.6530189540862835
2022-09-30,2022-10-03,1,0,False,CO,3,960,50,True,0.006696556312626115,0.7373731658818568,0.5004877748377472,0.012526747709064619,0.762684123019286,0.55486141832925,0.01410601917312578,0.741471673850525,0.4318630911400928,9.961290066919182e-05,0.6864808590095866,0.4690521424915133,5.3845467644870524e-05,0.7588560076480295,0.5461744473901327
2022-09-30,2022-10-10,2,0,False,CO,10,960,50,True,0.008653435326202863,0.6989571420912164,0.4709304448592125,0.02246643438684366,0.642903032257857,0.37375813076808984,0.011995779298983726,0.7350112695281268,0.5109593416236973,0.00010984181467751377,0.6579863869343663,0.42671898839421696,4.168580430655439e-05,0.7599278796445155,0.5722853186508459
2022-09-30,2022-10-12,3,0,False,RD,12,960,50,True,0.012856358250835854,0.7437403388763317,0.5438282533293413,0.03294989044287283,0.733023023219346,0.49887528046167806,0.0181201334103943,0.8257371507010676,0.6764313219396092,0.00023521830172225762,0.6714750488906598,0.4487543027794094,0.00012019084835402603,0.7447261326942538,0.5512521081366681
2022-09-30,2022-10-25,4,0,False,RD,25,960,50,True,0.014974968436570486,0.7234973690502555,0.48936415415446255,0.038078665522811875,0.6360557286189714,0.35320454021107495,0.021455510103494935,0.8230298820039927,0.5862634771026676,0.0002085450016415325,0.6865145932753682,0.45882441839307253,0.00015715311833360872,0.7483892723026897,0.559164180911035
2022-09-30,2022-10-27,5,0,False,CO,27,960,50,True,0.0068359743165827625,0.7149059160265552,0.4873912502981503,0.01663277254407873,0.6945531241573758,0.47695412456347075,0.010515068772070429,0.7964991072013536,0.5816848146488398,0.00012000154485998916,0.6801127932227004,0.4262248375038885,7.60544053218988e-05,0.688458639524791,0.46470122447640194
2022-09-30,2022-11-01,6,0,False,RD,32,960,50,True,0.011181184851700592,0.7565897020625773,0.5433104596290342,0.02354720480920565,0.7960663331897349,0.5963603244471529,0.02084617825455581,0.8084241899456478,0.6364612690771383,0.00022439797629017664,0.6852670533240668,0.4040600188712169,0.0001069583667507336,0.7366012317908592,0.5363602261206288
2022-09-30,2022-11-02,7,0,False,CO,33,960,50,True,0.00566807993391625,0.7278721367250088,0.5273605469637612,0.013082629264522862,0.7016150924629185,0.4675960230577304,0.009449970330276915,0.8324335031755077,0.6837999358986923,8.675957797630339e-05,0.6122038285104645,0.3725085308960676,5.29605628889189e-05,0.7652361227511447,0.5855376980025548
2022-09-30,2022-11-04,8,0,False,RD,35,960,50,True,0.01164099243534513,0.7304406038244963,0.5296084574160089,0.032922191878989,0.8016578077794205,0.6061430893861713,0.01317210249861097,0.8794365164240879,0.7518294256417639,0.00031215426526919467,0.6706752542836228,0.4480590093246357,0.00015752109851135593,0.569992836810854,0.3124023053114646
2022-09-30,2022-11-07,9,0,False,CO,38,960,50,True,0.008331265494003141,0.7123048332361458,0.4243180478371187,0.019884591246864616,0.7083141758522536,0.3292783475507606,0.01322766137842485,0.8126020071023518,0.5641295293582456,0.0001406912397384697,0.5751160968833677,0.24040912205593445,7.21181109846247e-05,0.7531870531066098,0.5634551923835341
2022-09-30,2022-11-09,10,0,False,RD,40,960,50,True,0.010975981328767313,0.7543522139566261,0.5528352172571889,0.025897896073931576,0.7429959540205779,0.5377414608506731,0.01769470750659439,0.865846166522112,0.6818319153142591,0.0002239615215889613,0.6563708501514891,0.4301408098750895,8.736021295432562e-05,0.7521958851323252,0.5616266829887337
2022-09-30,2022-12-09,11,0,False,CO,70,960,50,True,0.0077493117380004976,0.6633074615166017,0.43139619763992454,0.015815934091000645,0.6988909958349401,0.484117478457051,0.014962355816511197,0.700883370158998,0.45993190127853356,0.00012310619452644183,0.5747081973812389,0.3215673669470237,9.585084996370627e-05,0.6787472826912297,0.45996804387709
2022-09-30,2022-09-30,0,0,True,RD,0,1920,250,True,0.0074410033848034615,0.8258920241532468,0.666629507178776,0.01750164591644552,0.8414641558605467,0.6874475942840437,0.012019916351834761,0.8816015906740609,0.7471261747606728,0.00015625221529214369,0.7722604810523306,0.5935163637826635,8.619905564142024e-05,0.8082418690260493,0.6384278958877242
2022-09-30,2022-10-03,1,0,False,CO,3,1920,250,True,0.006094890885941022,0.748656214076938,0.5217659144415383,0.01247088282787849,0.7559108950799636,0.5568465795661448,0.011753246043155688,0.7836012794166112,0.5266238621913955,0.00010123433562721337,0.6860394909828769,0.4604097135363532,5.420033710269797e-05,0.769073190828301,0.54318350247226
2022-09-30,2022-10-10,2,0,False,CO,10,1920,250,True,0.007309918733879177,0.7407919096538752,0.5327660541599057,0.019400031679599215,0.7007030468718801,0.4592327428109819,0.009696147285983938,0.7926049269552833,0.6047101122598255,0.00010700698474542515,0.6763311200300315,0.4415143937320606,3.64889851881289e-05,0.7935285447583058,0.625606967836755
2022-09-30,2022-10-12,3,0,False,RD,12,1920,250,True,0.012047132734599635,0.7557162182333315,0.5659463060307464,0.032126692509815764,0.731408330055662,0.5113950438898136,0.015715362458258147,0.855200111723226,0.7193729791778707,0.00023497200047135262,0.6706084658839834,0.4493315219149414,0.00011150396985327655,0.7656479652704545,0.5836856791403597
2022-09-30,2022-10-25,4,0,False,RD,25,1920,250,True,0.013695623419134408,0.7376829010475752,0.49726466487351706,0.032347445462708437,0.7183100429707847,0.45055372677081396,0.022049249268480363,0.8236729703925314,0.5748141302242159,0.00021848052363670042,0.6760788869588568,0.4330416767690576,0.00016731842171212842,0.732669703868128,0.530649125729981
2022-09-30,2022-10-27,5,0,False,CO,27,1920,250,True,0.00765970920873749,0.7037244506874203,0.46797230600729434,0.021594535885643633,0.6312674062865169,0.3209230212810781,0.00885244833857854,0.814613583648919,0.6478279269651505,0.0001123043036443743,0.702217756223097,0.46302841227798075,7.95483070834135e-05,0.6667990565911486,0.44010986350496795
2022-09-30,2022-11-01,6,0,False,RD,32,1920,250,True,0.010484334657669424,0.7711650689039793,0.5638182455519745,0.025403156767190894,0.7953184506678778,0.5645461090346311,0.016210308288117523,0.8552149326116969,0.7173067009708269,0.00022473379934857108,0.6726194273694468,0.40316816418343926,9.91397760207134e-05,0.7615074649668958,0.5702520080190004
2022-09-30,2022-11-02,7,0,False,CO,33,1920,250,True,0.005599228790791831,0.7420478521497242,0.5442389225701848,0.014152691824317849,0.6787628052641743,0.4240493054298917,0.008113607724754534,0.8597379248101913,0.7285152023768238,7.849128769054508e-05,0.657821077363161,0.43230920926964533,5.2124326404398516e-05,0.7718696011613699,0.5920819732043784
2022-09-30,2022-11-04,8,0,False,RD,35,1920,250,True,0.0089251092509596,0.752613811259765,0.577449069838138,0.024616797701918533,0.8413710715263122,0.7055027220629586,0.010634322736071379,0.8972854966207761,0.7996427691327193,0.00029494982874659427,0.6921575404077269,0.4784793328467458,0.00015436673710189882,0.5796411364842448,0.3261714553101286
2022-09-30,2022-11-07,9,0,False,CO,38,1920,250,True,0.008231502502304972,0.7372276882791219,0.46183715983166707,0.019215443453549242,0.7216573349465496,0.3518491868550896,0.013522897534062567,0.8324965981059272,0.5544010733276001,0.00011784627564334853,0.6326072876583262,0.363748900466238,6.982274596473407e-05,0.7621495324056845,0.5773494786777404
2022-09-30,2022-11-09,10,0,False,RD,40,1920,250,True,0.009528057127710054,0.7567074395314854,0.5736782153483198,0.024660244285790788,0.7510924778718743,0.5598326417685466,0.013137435421182581,0.8765953196621045,0.7637761085294844,0.00022215441696556748,0.6651158287349129,0.4347388996266326,9.239438690127793e-05,0.73402613185705,0.5363652114686153
2022-09-30,2022-12-09,11,0,False,CO,70,1920,250,True,0.007528881917757052,0.6700330343570392,0.4477505098160496,0.015553295590552615,0.7052622268627756,0.49268419421887777,0.014349557924585529,0.6960511472282414,0.48205091759196783,0.00011769069864630774,0.5950523199020644,0.35141191817679773,9.498345724375518e-05,0.6837664434350756,0.4648550092765551
2022-09-30,2022-09-30,0,0,True,RD,0,3840,250,True,0.007544460017647799,0.8293692859718862,0.6698389463132604,0.017438815237049245,0.8439460136893222,0.6885696533230521,0.01250261354015691,0.8829712149705142,0.7369712384973552,0.0001540774397851552,0.7761237697236585,0.5991739517687554,8.233385359988866e-05,0.8144361455040497,0.6546409416638788
2022-09-30,2022-10-03,1,0,False,CO,3,3840,250,True,0.004979985079693805,0.7738458614230084,0.5724759432801233,0.010973044086416466,0.7898353413135875,0.6100723512054536,0.008796049362985062,0.8344055196586395,0.6457285195821754,9.860128437943259e-05,0.6972276978107055,0.4744441700106403,5.224558499425806e-05,0.773914886909101,0.5596587323222241
2022-09-30,2022-10-10,2,0,False,CO,10,3840,250,True,0.006759688628701559,0.7590196479953334,0.5662221647311563,0.01919604417156508,0.7148827209586104,0.464918803898008,0.0077071115097057784,0.8301608051479985,0.6857985802385169,0.00010026700608308732,0.6920252118208973,0.47669135978174315,3.533182745229227e-05,0.7990098540538275,0.6374799150063566
2022-09-30,2022-10-12,3,0,False,RD,12,3840,250,True,0.009933496399598393,0.7819369570802901,0.6089241545392461,0.02578940423885553,0.7893316490275689,0.6077769063097953,0.013612911032217767,0.876268596417699,0.7569161590873428,0.00022253212087352918,0.6922528971953293,0.47848499361349806,0.00010913820644674369,0.7698946856805626,0.592518559146348
2022-09-30,2022-10-25,4,0,False,RD,25,3840,250,True,0.011319595388709545,0.7811384368362906,0.5757870939481211,0.025102863372361443,0.7839669600174166,0.5736085329140987,0.019845670678359014,0.8464706820090884,0.6173067551681134,0.0001784618613645659,0.7327804079425974,0.5368903552786484,0.00015138564275316268,0.7613356973760601,0.575342732431624
2022-09-30,2022-10-27,5,0,False,CO,27,3840,250,True,0.0044764619528491105,0.7825256562910099,0.6073564594462124,0.011629631353103322,0.7998903816465468,0.6342864248297844,0.006107626686089703,0.8755767332180437,0.7570236538981532,9.956380622288325e-05,0.7362573287593908,0.5239458028567971,6.902596598053201e-05,0.7183781815400583,0.5141699562001147
2022-09-30,2022-11-01,6,0,False,RD,32,3840,250,True,0.008736157846751132,0.8030973613589918,0.6371242689288772,0.021282202801927316,0.8188553359238842,0.6351863627286458,0.01339570025941892,0.8767415318632419,0.766390951249401,0.00018053484218759174,0.7250758879542765,0.5205485707801765,8.619348347069962e-05,0.7917166896945649,0.6263711909572853
2022-09-30,2022-11-02,7,0,False,CO,33,3840,250,True,0.00438189534230161,0.7830102680689781,0.6116535244504082,0.009791561085568747,0.7762600304104867,0.6015276473081274,0.007615685047644081,0.8703521766324289,0.7451759089099845,7.017639606710103e-05,0.7042262748620234,0.4924469333334939,5.015883992651246e-05,0.7812025903709736,0.6074636082500275
2022-09-30,2022-11-04,8,0,False,RD,35,3840,250,True,0.007830010032128357,0.7769972622834995,0.6088258313889274,0.021114644740375447,0.8647091586113737,0.747399906521407,0.009789062948408866,0.9117768072987761,0.8155679873739414,0.0002655711615112958,0.7368196395198987,0.5304257340422855,0.00015076127821782173,0.5946834437039501,0.34190969761807555
2022-09-30,2022-11-07,9,0,False,CO,38,3840,250,True,0.005626665724056607,0.7793631591845249,0.5787362291089403,0.013670585257919553,0.7878098371199542,0.5388812663883247,0.008670186900860242,0.85651022421113,0.7143048694008872,0.00010077544674254833,0.6944388401386608,0.4559141691503136,6.511529070407884e-05,0.7786937352683546,0.6058446114962357
2022-09-30,2022-11-09,10,0,False,RD,40,3840,250,True,0.0077685024073353304,0.789474388249947,0.6248458686258538,0.02010700611598318,0.8049356721976625,0.6411046191819109,0.010678627529323059,0.9033664862700634,0.8079878705646342,0.00020107202498976197,0.6993827056870532,0.48838201980188234,8.730395904532115e-05,0.7502126888450089,0.561908964954988
2022-09-30,2022-12-09,11,0,False,CO,70,3840,250,True,0.0073449916778934865,0.7036290275470223,0.48136113862283436,0.013877434526780287,0.7516745690398636,0.547347259097635,0.01531054153034477,0.6951255438038053,0.44736409452549775,0.00010090902234436824,0.6667523575759331,0.44389497221289764,9.108163210451766e-05,0.7009636397684866,0.486838228655307
2022-09-30,2022-09-30,0,0,True,RD,0,9600,500,True,0.0076097181987757395,0.8265873497568217,0.6640178949773341,0.017198572604237537,0.8453446561851149,0.6928600162523053,0.01299766236417572,0.8789672192418441,0.7265564497296483,0.0001597003221783581,0.7680407453169795,0.5845462571985494,8.293750451134552e-05,0.8139967782833486,0.6521088567288337
2022-09-30,2022-10-03,1,0,False,CO,3,9600,500,True,0.004550414107966023,0.7900330047474355,0.6109715864175516,0.009964031459847013,0.806985183475637,0.6459276633671243,0.008100364478062054,0.8450839704793331,0.6737480660757547,9.07249683299708e-05,0.7195762890591815,0.5164258119809844,4.653552562505253e-05,0.7884865759755905,0.6077848042463428
2022-09-30,2022-10-10,2,0,False,CO,10,9600,500,True,0.0053547446931146965,0.7915109260241404,0.6212363362079474,0.014295032990933917,0.7814851312417993,0.6015323114104544,0.006995735048150364,0.858790992311508,0.714799781781291,9.602936360586993e-05,0.7065235488716931,0.4988082555494907,3.218136976863534e-05,0.819244031671561,0.6698049960905531
2022-09-30,2022-10-12,3,0,False,RD,12,9600,500,True,0.009023777770935373,0.7989732196851684,0.638625515166381,0.023619480714577465,0.80256724874191,0.6407786038240479,0.012167372279213322,0.8858962614631105,0.78272894163156,0.00020280545166839024,0.726636994991853,0.5247154163323344,0.00010545263828231442,0.7807923735438,0.6062790988775815
2022-09-30,2022-10-25,4,0,False,RD,25,9600,500,True,0.008743815063737176,0.8094341928337334,0.6357601509045449,0.020602100680411902,0.8242107657631681,0.6500574534519363,0.014062495934410309,0.8812220457958836,0.7288263880422465,0.00016946899026331775,0.7519400784648159,0.5602269119461608,0.00014119464986317578,0.7803638813110664,0.6039298501778356
2022-09-30,2022-10-27,5,0,False,CO,27,9600,500,True,0.0036025364274592363,0.8104944007658673,0.6529015141478058,0.009150820545433213,0.8507448616215522,0.7122368546515947,0.005102255123362764,0.9003778791456971,0.7970197966457859,9.209961498964282e-05,0.7537726466543264,0.5596350728803744,6.497042605132575e-05,0.7370822156418932,0.5427143324134684
2022-09-30,2022-11-01,6,0,False,RD,32,9600,500,True,0.007271426415207255,0.8260773138673944,0.6809051291601146,0.016545261076922693,0.8464519229003101,0.7163857083191729,0.01229814528313266,0.8939593195329782,0.7855313298034403,0.00016200613429498607,0.7560945461402747,0.5697557785028583,8.029316647867889e-05,0.8078034668960141,0.6519477000149868
2022-09-30,2022-11-02,7,0,False,CO,33,9600,500,True,0.0032922321649686962,0.8229591961881443,0.6777443868473885,0.008092762694429495,0.8240913602571651,0.6706610761608676,0.00497010835714632,0.9134931134063347,0.8336980407139479,6.170406802846249e-05,0.7449752010071696,0.5537233213900123,4.435354027050833e-05,0.8092771100819078,0.6528951091247261
2022-09-30,2022-11-04,8,0,False,RD,35,9600,500,True,0.006325563130825182,0.800858592493602,0.6489300897808036,0.016711514767762767,0.8947335171439883,0.8000757178531291,0.008202805117513092,0.9227537847004902,0.8454540679761207,0.00024781444686996894,0.7505855271431021,0.5618225777209129,0.000140118191154898,0.6353615409868276,0.3883679955730518
2022-09-30,2022-11-07,9,0,False,CO,38,9600,500,True,0.00444087794086846,0.8129873649268,0.6561770260710635,0.010454374873787309,0.8159657802561865,0.647366370089399,0.007170610781609458,0.8778980808756851,0.7637180596967224,7.971389855842508e-05,0.7550839085450625,0.5696252993228696,5.8812209518647195e-05,0.803001690030266,0.6439983751752629
2022-09-30,2022-11-09,10,0,False,RD,40,9600,500,True,0.007217310067491505,0.8028887992637341,0.6475701756594434,0.018721389924887286,0.817279267082999,0.6658368566767695,0.009873779490424969,0.9093064260401269,0.8224598226386566,0.0001929500565510691,0.714571373558774,0.5090479731489402,8.112079810269601e-05,0.7703981303730367,0.5929360501734071
2022-09-30,2022-12-09,11,0,False,CO,70,9600,500,True,0.005417951645125306,0.7553465100165723,0.5671665526335766,0.011284706615801002,0.7990950985404253,0.6319165930803712,0.010208581146157709,0.7980892095926487,0.6315199907112785,8.949799930779117e-05,0.7162833494777036,0.5067806006275616,8.902081923472547e-05,0.7079183824555114,0.49844902611509523
